{"sourceFile": [{
      "name": "",
      "directive": [{
          "functionName": "siren_test_model",
          "label": "",
          "functionLabel": "",
          "id": "1",
          "sourceFile": "\/export\/hdd\/scratch\/skaram7\/DAC-DEMO\/main_design\/hw\/vitis_script.tcl",
          "sourceLine": "15",
          "pragma": {
            "name": "TOP",
            "option": [{
                "name": "name",
                "value": "siren_test_model"
              }]
          }
        }]
    }]}
