<dict>
  <key>main-file</key>
  <string>/export/hdd/scratch/skaram7/DAC-DEMO/main_design/hw/model_top_vitis_hls_project/solution1/.autopilot/db/model.pp.0.cpp</string>
  <key>diagnostics</key>
  <array>
    <dict>
      <key>level</key>
      <string>warning</string>
      <key>filename</key>
      <string>./model.h</string>
      <key>line</key>
      <integer>31</integer>
      <key>column</key>
      <integer>9</integer>
      <key>message</key>
      <string>Fixed point model</string>
      <key>ID</key>
      <integer>1022</integer>
      <key>WarningOption</key>
      <string>#pragma-messages</string>
    </dict>
    <dict>
      <key>level</key>
      <string>warning</string>
      <key>filename</key>
      <string>model.cpp</string>
      <key>line</key>
      <integer>51</integer>
      <key>column</key>
      <integer>42</integer>
      <key>message</key>
      <string>Unsupported interface port data type in &apos;#pragma HLS interface m_axi&apos;</string>
      <key>ID</key>
      <integer>5557</integer>
      <key>WarningOption</key>
      <string>ignored-hls-pragmas</string>
    </dict>
  </array>
</dict>
