<pragmas>
<pragma file="" line="0" pragmaType="inline" parentfunction="ap_int<65>::ap_int<65, true>(ap_int_base<65, true> const&)" off="0" region="0" recursive="0"/>
<pragma file="/tools/software/xilinx/Vitis_HLS/2022.2/common/technology/autopilot/ap_common.h" line="515" pragmaType="inline" parentfunction="_ZN8ssdm_intILi65ELb1EEC2EDq65_i" off="0" region="0" recursive="0"/>
<pragma file="" line="0" pragmaType="inline" parentfunction="ap_fixed<32, 16, (ap_q_mode)5, (ap_o_mode)3, 0>::ap_fixed<64, 32, true, (ap_q_mode)5, (ap_o_mode)3, 0>(ap_fixed_base<64, 32, true, (ap_q_mode)5, (ap_o_mode)3, 0> const&)" off="0" region="0" recursive="0"/>
<pragma file="/tools/software/xilinx/Vitis_HLS/2022.2/common/technology/autopilot/ap_fixed_base.h" line="400" pragmaType="inline" parentfunction="ap_fixed_base<32, 16, true, (ap_q_mode)5, (ap_o_mode)3, 0>::ap_fixed_base<64, 32, true, (ap_q_mode)5, (ap_o_mode)3, 0>(ap_fixed_base<64, 32, true, (ap_q_mode)5, (ap_o_mode)3, 0> const&)" off="0" region="0" recursive="0"/>
<pragma file="/tools/software/xilinx/Vitis_HLS/2022.2/common/technology/autopilot/ap_common.h" line="515" pragmaType="inline" parentfunction="ssdm_int<32, true>::ssdm_int(int)" off="0" region="0" recursive="0"/>
<pragma file="./../../inr_hw_lib/inr_hw_lib.h" line="0" pragmaType="inline" parentfunction="forward" off="1" region="0" recursive="0"/>
<pragma file="./../../inr_hw_lib/inr_hw_lib.h" line="349" pragmaType="pipeline" parentfunction="forward" off="0" ii="-1" rewind="0" style=""/>
<pragma file="./../../inr_hw_lib/inr_hw_lib.h" line="346" pragmaType="array_partition" parentfunction="forward" dim="1" factor="1" mode="cyclic" dynamic="0" variable="x_in"/>
<pragma file="./../../inr_hw_lib/inr_hw_lib.h" line="347" pragmaType="array_partition" parentfunction="forward" dim="1" factor="1" mode="cyclic" dynamic="0" variable="x_out"/>
<pragma file="model.cpp" line="49" pragmaType="interface" parentfunction="siren_test_model" mode="m_axi" port="x_in" bundle="inout1" offset="slave" name="" depth="1" num_read_outstanding="-1" num_write_outstanding="-1" max_burst_read_length="-1" max_burst_write_length="-1" latency="-1" max_widen_bitwidth="256" channel=""/>
<pragma file="model.cpp" line="50" pragmaType="interface" parentfunction="siren_test_model" mode="m_axi" port="x_out" bundle="inout1" offset="slave" name="" depth="1" num_read_outstanding="-1" num_write_outstanding="-1" max_burst_read_length="-1" max_burst_write_length="-1" latency="-1" max_widen_bitwidth="256" channel=""/>
<pragma file="model.cpp" line="53" pragmaType="interface" parentfunction="siren_test_model" mode="m_axi" port="input_layer_weight_in" bundle="weights" offset="slave" name="" depth="1" num_read_outstanding="-1" num_write_outstanding="-1" max_burst_read_length="-1" max_burst_write_length="-1" latency="-1" max_widen_bitwidth="256" channel=""/>
<pragma file="model.cpp" line="54" pragmaType="interface" parentfunction="siren_test_model" mode="m_axi" port="input_layer_bias_in" bundle="weights" offset="slave" name="" depth="1" num_read_outstanding="-1" num_write_outstanding="-1" max_burst_read_length="-1" max_burst_write_length="-1" latency="-1" max_widen_bitwidth="256" channel=""/>
<pragma file="model.cpp" line="55" pragmaType="interface" parentfunction="siren_test_model" mode="m_axi" port="input_layer_w0_in" bundle="weights" offset="slave" name="" depth="1" num_read_outstanding="-1" num_write_outstanding="-1" max_burst_read_length="-1" max_burst_write_length="-1" latency="-1" max_widen_bitwidth="256" channel=""/>
<pragma file="model.cpp" line="56" pragmaType="interface" parentfunction="siren_test_model" mode="m_axi" port="hidden_layers_weight_in" bundle="weights" offset="slave" name="" depth="1" num_read_outstanding="-1" num_write_outstanding="-1" max_burst_read_length="-1" max_burst_write_length="-1" latency="-1" max_widen_bitwidth="256" channel=""/>
<pragma file="model.cpp" line="57" pragmaType="interface" parentfunction="siren_test_model" mode="m_axi" port="hidden_layers_bias_in" bundle="weights" offset="slave" name="" depth="1" num_read_outstanding="-1" num_write_outstanding="-1" max_burst_read_length="-1" max_burst_write_length="-1" latency="-1" max_widen_bitwidth="256" channel=""/>
<pragma file="model.cpp" line="58" pragmaType="interface" parentfunction="siren_test_model" mode="m_axi" port="hidden_layers_w0_in" bundle="weights" offset="slave" name="" depth="1" num_read_outstanding="-1" num_write_outstanding="-1" max_burst_read_length="-1" max_burst_write_length="-1" latency="-1" max_widen_bitwidth="256" channel=""/>
<pragma file="model.cpp" line="59" pragmaType="interface" parentfunction="siren_test_model" mode="m_axi" port="output_layer_weight_in" bundle="weights" offset="slave" name="" depth="1" num_read_outstanding="-1" num_write_outstanding="-1" max_burst_read_length="-1" max_burst_write_length="-1" latency="-1" max_widen_bitwidth="256" channel=""/>
<pragma file="model.cpp" line="60" pragmaType="interface" parentfunction="siren_test_model" mode="m_axi" port="output_layer_bias_in" bundle="weights" offset="slave" name="" depth="1" num_read_outstanding="-1" num_write_outstanding="-1" max_burst_read_length="-1" max_burst_write_length="-1" latency="-1" max_widen_bitwidth="256" channel=""/>
<pragma file="" line="0" pragmaType="inline" parentfunction="ap_ufixed<128, 2, (ap_q_mode)5, (ap_o_mode)3, 0>::ap_ufixed(char const*)" off="0" region="0" recursive="0"/>
<pragma file="/wrk/ci/prod/2022.2.2/hls_product/continuous/139/2022.2.2/src/shared/hls/clib/include/header_files/ap_fixed_base.h" line="456" pragmaType="inline" parentfunction="ap_fixed_base<128, 2, false, (ap_q_mode)5, (ap_o_mode)3, 0>::ap_fixed_base(char const*)" off="0" region="0" recursive="0"/>
<pragma file="/tools/software/xilinx/Vitis_HLS/2022.2/common/technology/autopilot/ap_fixed_base.h" line="395" pragmaType="inline" parentfunction="ap_fixed_base<32, 32, true, (ap_q_mode)5, (ap_o_mode)3, 0>::ap_fixed_base()" off="0" region="0" recursive="0"/>
<pragma file="" line="0" pragmaType="inline" parentfunction="ap_fixed<32, 16, (ap_q_mode)5, (ap_o_mode)3, 0>::ap_fixed(int)" off="0" region="0" recursive="0"/>
<pragma file="" line="0" pragmaType="inline" parentfunction="ap_fixed<32, 16, (ap_q_mode)5, (ap_o_mode)3, 0>::ap_fixed()" off="0" region="0" recursive="0"/>
<pragma file="/tools/software/xilinx/Vitis_HLS/2022.2/common/technology/autopilot/ap_fixed_base.h" line="395" pragmaType="inline" parentfunction="ap_fixed_base<32, 16, true, (ap_q_mode)5, (ap_o_mode)3, 0>::ap_fixed_base()" off="0" region="0" recursive="0"/>
<pragma file="/tools/software/xilinx/Vitis_HLS/2022.2/common/technology/autopilot/ap_fixed_base.h" line="530" pragmaType="inline" parentfunction="ap_fixed_base<32, 16, true, (ap_q_mode)5, (ap_o_mode)3, 0>::ap_fixed_base(int)" off="0" region="0" recursive="0"/>
<pragma file="/tools/software/xilinx/Vitis_HLS/2022.2/common/technology/autopilot/ap_fixed_base.h" line="0" pragmaType="inline" parentfunction="report" off="0" region="0" recursive="0"/>
<pragma file="/tools/software/xilinx/Vitis_HLS/2022.2/common/technology/autopilot/ap_fixed_base.h" line="1420" pragmaType="inline" parentfunction="ap_fixed_base<32, 32, true, (ap_q_mode)5, (ap_o_mode)3, 0>::operator!() const" off="0" region="0" recursive="0"/>
<pragma file="" line="0" pragmaType="inline" parentfunction="ap_fixed<32, 16, (ap_q_mode)5, (ap_o_mode)3, 0>::ap_fixed(double)" off="0" region="0" recursive="0"/>
<pragma file="/tools/software/xilinx/Vitis_HLS/2022.2/common/technology/autopilot/ap_int_base.h" line="175" pragmaType="inline" parentfunction="ap_int_base<64, false>::ap_int_base()" off="0" region="0" recursive="0"/>
<pragma file="/tools/software/xilinx/Vitis_HLS/2022.2/common/technology/autopilot/ap_common.h" line="718" pragmaType="inline" parentfunction="doubleToRawBits" off="0" region="0" recursive="0"/>
<pragma file="/tools/software/xilinx/Vitis_HLS/2022.2/common/technology/autopilot/ap_int_base.h" line="175" pragmaType="inline" parentfunction="ap_int_base<12, true>::ap_int_base()" off="0" region="0" recursive="0"/>
<pragma file="/tools/software/xilinx/Vitis_HLS/2022.2/common/technology/autopilot/ap_int_base.h" line="175" pragmaType="inline" parentfunction="ap_int_base<11, false>::ap_int_base()" off="0" region="0" recursive="0"/>
<pragma file="/tools/software/xilinx/Vitis_HLS/2022.2/common/technology/autopilot/ap_int_base.h" line="1635" pragmaType="inline" parentfunction="ap_int_base<11, false>::RType<($_0)64, true>::minus operator-<11, false>(ap_int_base<11, false> const&, long)" off="0" region="0" recursive="0"/>
<pragma file="/tools/software/xilinx/Vitis_HLS/2022.2/common/technology/autopilot/ap_int_base.h" line="175" pragmaType="inline" parentfunction="ap_int_base<54, true>::ap_int_base()" off="0" region="0" recursive="0"/>
<pragma file="/tools/software/xilinx/Vitis_HLS/2022.2/common/technology/autopilot/ap_int_base.h" line="894" pragmaType="inline" parentfunction="ap_int_base<54, true>::operator-() const" off="0" region="0" recursive="0"/>
<pragma file="/tools/software/xilinx/Vitis_HLS/2022.2/common/technology/autopilot/ap_common.h" line="0" pragmaType="inline" parentfunction="ssdm_int<11, false>::ssdm_int()" off="0" region="0" recursive="0"/>
<pragma file="/tools/software/xilinx/Vitis_HLS/2022.2/common/technology/autopilot/ap_fixed_base.h" line="0" pragmaType="inline" parentfunction="ap_fixed_base<65, 33, true, (ap_q_mode)5, (ap_o_mode)3, 0>& ap_fixed_base<65, 33, true, (ap_q_mode)5, (ap_o_mode)3, 0>::operator=<64, 32, true, (ap_q_mode)5, (ap_o_mode)3, 0>(ap_fixed_base<64, 32, true, (ap_q_mode)5, (ap_o_mode)3, 0> const&)" off="0" region="0" recursive="0"/>
<pragma file="/tools/software/xilinx/Vitis_HLS/2022.2/common/technology/autopilot/ap_fixed_base.h" line="1420" pragmaType="inline" parentfunction="ap_fixed_base<33, 17, true, (ap_q_mode)5, (ap_o_mode)3, 0>::operator!() const" off="0" region="0" recursive="0"/>
<pragma file="/tools/software/xilinx/Vitis_HLS/2022.2/common/technology/autopilot/ap_int_base.h" line="214" pragmaType="inline" parentfunction="ap_int_base<1, false>::ap_int_base(int)" off="0" region="0" recursive="0"/>
<pragma file="/tools/software/xilinx/Vitis_HLS/2022.2/common/technology/autopilot/ap_int_base.h" line="1496" pragmaType="inline" parentfunction="ap_int_base<1, false>::RType<54, true>::minus operator-<1, false, 54, true>(ap_int_base<1, false> const&, ap_int_base<54, true> const&)" off="0" region="0" recursive="0"/>
<pragma file="/tools/software/xilinx/Vitis_HLS/2022.2/common/technology/autopilot/ap_int_base.h" line="185" pragmaType="inline" parentfunction="ap_int_base<55, true>::ap_int_base<1, false>(ap_int_base<1, false> const&)" off="0" region="0" recursive="0"/>
<pragma file="/tools/software/xilinx/Vitis_HLS/2022.2/common/technology/autopilot/ap_int_base.h" line="185" pragmaType="inline" parentfunction="ap_int_base<55, true>::ap_int_base<54, true>(ap_int_base<54, true> const&)" off="0" region="0" recursive="0"/>
<pragma file="/tools/software/xilinx/Vitis_HLS/2022.2/common/technology/autopilot/ap_int_base.h" line="214" pragmaType="inline" parentfunction="ap_int_base<55, true>::ap_int_base(int)" off="0" region="0" recursive="0"/>
<pragma file="" line="0" pragmaType="inline" parentfunction="ap_int<55>::ap_int<55, true>(ap_int_base<55, true> const&)" off="0" region="0" recursive="0"/>
<pragma file="/tools/software/xilinx/Vitis_HLS/2022.2/common/technology/autopilot/ap_common.h" line="515" pragmaType="inline" parentfunction="_ZN8ssdm_intILi55ELb1EEC2EDq55_i" off="0" region="0" recursive="0"/>
<pragma file="/tools/software/xilinx/Vitis_HLS/2022.2/common/technology/autopilot/ap_common.h" line="523" pragmaType="inline" parentfunction="_ZN8ssdm_intILi1ELb0EEC2EDq1_j" off="0" region="0" recursive="0"/>
<pragma file="/tools/software/xilinx/Vitis_HLS/2022.2/common/technology/autopilot/ap_common.h" line="0" pragmaType="inline" parentfunction="ssdm_int<12, true>::ssdm_int()" off="0" region="0" recursive="0"/>
<pragma file="/tools/software/xilinx/Vitis_HLS/2022.2/common/technology/autopilot/ap_int_base.h" line="216" pragmaType="inline" parentfunction="ap_int_base<64, true>::ap_int_base(long)" off="0" region="0" recursive="0"/>
<pragma file="/tools/software/xilinx/Vitis_HLS/2022.2/common/technology/autopilot/ap_int_base.h" line="1496" pragmaType="inline" parentfunction="ap_int_base<11, false>::RType<64, true>::minus operator-<11, false, 64, true>(ap_int_base<11, false> const&, ap_int_base<64, true> const&)" off="0" region="0" recursive="0"/>
<pragma file="/tools/software/xilinx/Vitis_HLS/2022.2/common/technology/autopilot/ap_int_base.h" line="185" pragmaType="inline" parentfunction="ap_int_base<65, true>::ap_int_base<11, false>(ap_int_base<11, false> const&)" off="0" region="0" recursive="0"/>
<pragma file="/tools/software/xilinx/Vitis_HLS/2022.2/common/technology/autopilot/ap_int_base.h" line="185" pragmaType="inline" parentfunction="ap_int_base<65, true>::ap_int_base<64, true>(ap_int_base<64, true> const&)" off="0" region="0" recursive="0"/>
<pragma file="/tools/software/xilinx/Vitis_HLS/2022.2/common/technology/autopilot/ap_int_base.h" line="214" pragmaType="inline" parentfunction="ap_int_base<65, true>::ap_int_base(int)" off="0" region="0" recursive="0"/>
<pragma file="/tools/software/xilinx/Vitis_HLS/2022.2/common/technology/autopilot/ap_common.h" line="515" pragmaType="inline" parentfunction="ssdm_int<64, true>::ssdm_int(long)" off="0" region="0" recursive="0"/>
<pragma file="./../../inr_hw_lib/inr_hw_lib.h" line="393" pragmaType="inline" parentfunction="forward" off="1" region="0" recursive="0"/>
<pragma file="./../../inr_hw_lib/inr_hw_lib.h" line="405" pragmaType="pipeline" parentfunction="forward" off="0" ii="-1" rewind="0" style=""/>
<pragma file="./../../inr_hw_lib/inr_hw_lib.h" line="408" pragmaType="unroll" parentfunction="forward" factor="-1" skip_exit_check="0"/>
<pragma file="./../../inr_hw_lib/inr_hw_lib.h" line="413" pragmaType="unroll" parentfunction="forward" factor="-1" skip_exit_check="0"/>
<pragma file="./../../inr_hw_lib/inr_hw_lib.h" line="422" pragmaType="unroll" parentfunction="forward" factor="-1" skip_exit_check="0"/>
<pragma file="./../../inr_hw_lib/inr_hw_lib.h" line="416" pragmaType="unroll" parentfunction="forward" factor="-1" skip_exit_check="0"/>
<pragma file="./../../inr_hw_lib/inr_hw_lib.h" line="395" pragmaType="array_partition" parentfunction="forward" dim="1" factor="1" mode="cyclic" dynamic="0" variable="input"/>
<pragma file="./../../inr_hw_lib/inr_hw_lib.h" line="396" pragmaType="array_partition" parentfunction="forward" dim="1" factor="1" mode="cyclic" dynamic="0" variable="output"/>
<pragma file="./../../inr_hw_lib/inr_hw_lib.h" line="399" pragmaType="array_partition" parentfunction="forward" dim="1" factor="0" mode="complete" dynamic="0" variable="temp_sum"/>
<pragma file="/tools/software/xilinx/Vitis_HLS/2022.2/common/technology/autopilot/ap_fixed_base.h" line="0" pragmaType="inline" parentfunction="ap_fixed_base<33, 17, true, (ap_q_mode)5, (ap_o_mode)3, 0>& ap_fixed_base<33, 17, true, (ap_q_mode)5, (ap_o_mode)3, 0>::operator=<32, 16, true, (ap_q_mode)5, (ap_o_mode)3, 0>(ap_fixed_base<32, 16, true, (ap_q_mode)5, (ap_o_mode)3, 0> const&)" off="0" region="0" recursive="0"/>
<pragma file="/tools/software/xilinx/Vitis_HLS/2022.2/common/technology/autopilot/ap_fixed_base.h" line="1267" pragmaType="inline" parentfunction="ap_fixed_base<32, 16, true, (ap_q_mode)5, (ap_o_mode)3, 0>::RType<32, 16, true>::mult ap_fixed_base<32, 16, true, (ap_q_mode)5, (ap_o_mode)3, 0>::operator*<32, 16, true, (ap_q_mode)5, (ap_o_mode)3, 0>(ap_fixed_base<32, 16, true, (ap_q_mode)5, (ap_o_mode)3, 0> const&) const" off="0" region="0" recursive="0"/>
<pragma file="/tools/software/xilinx/Vitis_HLS/2022.2/common/technology/autopilot/ap_common.h" line="0" pragmaType="inline" parentfunction="ssdm_int<33, true>::ssdm_int()" off="0" region="0" recursive="0"/>
<pragma file="/tools/software/xilinx/Vitis_HLS/2022.2/common/technology/autopilot/ap_fixed_base.h" line="530" pragmaType="inline" parentfunction="ap_fixed_base<33, 17, true, (ap_q_mode)5, (ap_o_mode)3, 0>::ap_fixed_base(int)" off="0" region="0" recursive="0"/>
<pragma file="/tools/software/xilinx/Vitis_HLS/2022.2/common/technology/autopilot/ap_fixed_base.h" line="1406" pragmaType="inline" parentfunction="ap_fixed_base<66, 3, true, (ap_q_mode)5, (ap_o_mode)3, 0>::operator-() const" off="0" region="0" recursive="0"/>
<pragma file="" line="0" pragmaType="inline" parentfunction="ap_fixed<34, 2, (ap_q_mode)5, (ap_o_mode)3, 0>::ap_fixed<67, 4, true, (ap_q_mode)5, (ap_o_mode)3, 0>(ap_fixed_base<67, 4, true, (ap_q_mode)5, (ap_o_mode)3, 0> const&)" off="0" region="0" recursive="0"/>
<pragma file="/tools/software/xilinx/Vitis_HLS/2022.2/common/technology/autopilot/ap_int_base.h" line="1788" pragmaType="inline" parentfunction="bool operator==<1, false>(ap_int_base<1, false> const&, int)" off="0" region="0" recursive="0"/>
<pragma file="/tools/software/xilinx/Vitis_HLS/2022.2/common/technology/autopilot/ap_fixed_base.h" line="1347" pragmaType="inline" parentfunction="ap_fixed_base<32, 16, true, (ap_q_mode)5, (ap_o_mode)3, 0>::RType<32, 16, true>::plus ap_fixed_base<32, 16, true, (ap_q_mode)5, (ap_o_mode)3, 0>::operator+<32, 16, true, (ap_q_mode)5, (ap_o_mode)3, 0>(ap_fixed_base<32, 16, true, (ap_q_mode)5, (ap_o_mode)3, 0> const&) const" off="0" region="0" recursive="0"/>
<pragma file="/tools/software/xilinx/Vitis_HLS/2022.2/common/technology/autopilot/ap_fixed_base.h" line="400" pragmaType="inline" parentfunction="ap_fixed_base<33, 17, true, (ap_q_mode)5, (ap_o_mode)3, 0>::ap_fixed_base<32, 16, true, (ap_q_mode)5, (ap_o_mode)3, 0>(ap_fixed_base<32, 16, true, (ap_q_mode)5, (ap_o_mode)3, 0> const&)" off="0" region="0" recursive="0"/>
<pragma file="" line="0" pragmaType="inline" parentfunction="ap_fixed<33, 17, (ap_q_mode)5, (ap_o_mode)3, 0>::ap_fixed<33, 17, true, (ap_q_mode)5, (ap_o_mode)3, 0>(ap_fixed_base<33, 17, true, (ap_q_mode)5, (ap_o_mode)3, 0> const&)" off="0" region="0" recursive="0"/>
<pragma file="/tools/software/xilinx/Vitis_HLS/2022.2/common/technology/autopilot/ap_common.h" line="515" pragmaType="inline" parentfunction="_ZN8ssdm_intILi33ELb1EEC2EDq33_i" off="0" region="0" recursive="0"/>
<pragma file="/tools/software/xilinx/Vitis_HLS/2022.2/common/technology/autopilot/ap_fixed_base.h" line="0" pragmaType="inline" parentfunction="ap_fixed_base<65, 33, true, (ap_q_mode)5, (ap_o_mode)3, 0>& ap_fixed_base<65, 33, true, (ap_q_mode)5, (ap_o_mode)3, 0>::operator=<32, 16, true, (ap_q_mode)5, (ap_o_mode)3, 0>(ap_fixed_base<32, 16, true, (ap_q_mode)5, (ap_o_mode)3, 0> const&)" off="0" region="0" recursive="0"/>
<pragma file="/tools/software/xilinx/Vitis_HLS/2022.2/common/technology/autopilot/ap_fixed_base.h" line="1420" pragmaType="inline" parentfunction="ap_fixed_base<32, 16, true, (ap_q_mode)5, (ap_o_mode)3, 0>::operator!() const" off="0" region="0" recursive="0"/>
<pragma file="/tools/software/xilinx/Vitis_HLS/2022.2/common/technology/autopilot/ap_common.h" line="0" pragmaType="inline" parentfunction="ssdm_int<64, true>::ssdm_int()" off="0" region="0" recursive="0"/>
<pragma file="/tools/software/xilinx/Vitis_HLS/2022.2/common/technology/autopilot/ap_fixed_base.h" line="0" pragmaType="inline" parentfunction="ap_fixed_base<32, 16, true, (ap_q_mode)5, (ap_o_mode)3, 0>& ap_fixed_base<32, 16, true, (ap_q_mode)5, (ap_o_mode)3, 0>::operator=<64, 32, true, (ap_q_mode)5, (ap_o_mode)3, 0>(ap_fixed_base<64, 32, true, (ap_q_mode)5, (ap_o_mode)3, 0> const&)" off="0" region="0" recursive="0"/>
<pragma file="/tools/software/xilinx/Vitis_HLS/2022.2/common/technology/autopilot/ap_fixed_base.h" line="1347" pragmaType="inline" parentfunction="ap_fixed_base<32, 16, true, (ap_q_mode)5, (ap_o_mode)3, 0>::RType<64, 32, true>::plus ap_fixed_base<32, 16, true, (ap_q_mode)5, (ap_o_mode)3, 0>::operator+<64, 32, true, (ap_q_mode)5, (ap_o_mode)3, 0>(ap_fixed_base<64, 32, true, (ap_q_mode)5, (ap_o_mode)3, 0> const&) const" off="0" region="0" recursive="0"/>
<pragma file="/tools/software/xilinx/Vitis_HLS/2022.2/common/technology/autopilot/ap_fixed_base.h" line="1420" pragmaType="inline" parentfunction="ap_fixed_base<65, 33, true, (ap_q_mode)5, (ap_o_mode)3, 0>::operator!() const" off="0" region="0" recursive="0"/>
<pragma file="/tools/software/xilinx/Vitis_HLS/2022.2/common/technology/autopilot/ap_fixed_base.h" line="530" pragmaType="inline" parentfunction="ap_fixed_base<65, 33, true, (ap_q_mode)5, (ap_o_mode)3, 0>::ap_fixed_base(int)" off="0" region="0" recursive="0"/>
<pragma file="/tools/software/xilinx/Vitis_HLS/2022.2/common/technology/autopilot/ap_fixed_base.h" line="400" pragmaType="inline" parentfunction="ap_fixed_base<65, 33, true, (ap_q_mode)5, (ap_o_mode)3, 0>::ap_fixed_base<32, 16, true, (ap_q_mode)5, (ap_o_mode)3, 0>(ap_fixed_base<32, 16, true, (ap_q_mode)5, (ap_o_mode)3, 0> const&)" off="0" region="0" recursive="0"/>
<pragma file="/tools/software/xilinx/Vitis_HLS/2022.2/common/technology/autopilot/ap_fixed_base.h" line="400" pragmaType="inline" parentfunction="ap_fixed_base<65, 33, true, (ap_q_mode)5, (ap_o_mode)3, 0>::ap_fixed_base<64, 32, true, (ap_q_mode)5, (ap_o_mode)3, 0>(ap_fixed_base<64, 32, true, (ap_q_mode)5, (ap_o_mode)3, 0> const&)" off="0" region="0" recursive="0"/>
<pragma file="" line="0" pragmaType="inline" parentfunction="ap_fixed<65, 33, (ap_q_mode)5, (ap_o_mode)3, 0>::ap_fixed<65, 33, true, (ap_q_mode)5, (ap_o_mode)3, 0>(ap_fixed_base<65, 33, true, (ap_q_mode)5, (ap_o_mode)3, 0> const&)" off="0" region="0" recursive="0"/>
<pragma file="/tools/software/xilinx/Vitis_HLS/2022.2/common/technology/autopilot/ap_fixed_base.h" line="0" pragmaType="inline" parentfunction="report" off="0" region="0" recursive="0"/>
<pragma file="/tools/software/xilinx/Vitis_HLS/2022.2/common/technology/autopilot/ap_fixed_base.h" line="0" pragmaType="inline" parentfunction="ap_fixed_base<35, 3, true, (ap_q_mode)5, (ap_o_mode)3, 0>& ap_fixed_base<35, 3, true, (ap_q_mode)5, (ap_o_mode)3, 0>::operator=<34, 2, true, (ap_q_mode)5, (ap_o_mode)3, 0>(ap_fixed_base<34, 2, true, (ap_q_mode)5, (ap_o_mode)3, 0> const&)" off="0" region="0" recursive="0"/>
<pragma file="/tools/software/xilinx/Vitis_HLS/2022.2/common/technology/autopilot/ap_fixed_base.h" line="1420" pragmaType="inline" parentfunction="ap_fixed_base<64, 32, true, (ap_q_mode)5, (ap_o_mode)3, 0>::operator!() const" off="0" region="0" recursive="0"/>
<pragma file="/tools/software/xilinx/Vitis_HLS/2022.2/common/technology/autopilot/ap_fixed_base.h" line="0" pragmaType="inline" parentfunction="ap_fixed_base<67, 4, true, (ap_q_mode)5, (ap_o_mode)3, 0>& ap_fixed_base<67, 4, true, (ap_q_mode)5, (ap_o_mode)3, 0>::operator=<66, 3, true, (ap_q_mode)5, (ap_o_mode)3, 0>(ap_fixed_base<66, 3, true, (ap_q_mode)5, (ap_o_mode)3, 0> const&)" off="0" region="0" recursive="0"/>
<pragma file="/tools/software/xilinx/Vitis_HLS/2022.2/common/technology/autopilot/ap_fixed_base.h" line="0" pragmaType="inline" parentfunction="ap_fixed_base<34, 2, true, (ap_q_mode)5, (ap_o_mode)3, 0>& ap_fixed_base<34, 2, true, (ap_q_mode)5, (ap_o_mode)3, 0>::operator=<66, 3, true, (ap_q_mode)5, (ap_o_mode)3, 0>(ap_fixed_base<66, 3, true, (ap_q_mode)5, (ap_o_mode)3, 0> const&)" off="0" region="0" recursive="0"/>
<pragma file="/tools/software/xilinx/Vitis_HLS/2022.2/common/technology/autopilot/ap_fixed_base.h" line="530" pragmaType="inline" parentfunction="ap_fixed_base<64, 32, true, (ap_q_mode)5, (ap_o_mode)3, 0>::ap_fixed_base(int)" off="0" region="0" recursive="0"/>
<pragma file="" line="0" pragmaType="inline" parentfunction="ap_fixed<64, 32, (ap_q_mode)5, (ap_o_mode)3, 0>::ap_fixed<64, 32, true, (ap_q_mode)5, (ap_o_mode)3, 0>(ap_fixed_base<64, 32, true, (ap_q_mode)5, (ap_o_mode)3, 0> const&)" off="0" region="0" recursive="0"/>
<pragma file="/tools/software/xilinx/Vitis_HLS/2022.2/common/technology/autopilot/ap_fixed_base.h" line="0" pragmaType="inline" parentfunction="report" off="0" region="0" recursive="0"/>
<pragma file="./../../inr_hw_lib/inr_hw_lib.h" line="393" pragmaType="inline" parentfunction="forward" off="1" region="0" recursive="0"/>
<pragma file="./../../inr_hw_lib/inr_hw_lib.h" line="405" pragmaType="pipeline" parentfunction="forward" off="0" ii="-1" rewind="0" style=""/>
<pragma file="./../../inr_hw_lib/inr_hw_lib.h" line="408" pragmaType="unroll" parentfunction="forward" factor="-1" skip_exit_check="0"/>
<pragma file="./../../inr_hw_lib/inr_hw_lib.h" line="413" pragmaType="unroll" parentfunction="forward" factor="-1" skip_exit_check="0"/>
<pragma file="./../../inr_hw_lib/inr_hw_lib.h" line="422" pragmaType="unroll" parentfunction="forward" factor="-1" skip_exit_check="0"/>
<pragma file="./../../inr_hw_lib/inr_hw_lib.h" line="416" pragmaType="unroll" parentfunction="forward" factor="-1" skip_exit_check="0"/>
<pragma file="./../../inr_hw_lib/inr_hw_lib.h" line="395" pragmaType="array_partition" parentfunction="forward" dim="1" factor="1" mode="cyclic" dynamic="0" variable="input"/>
<pragma file="./../../inr_hw_lib/inr_hw_lib.h" line="396" pragmaType="array_partition" parentfunction="forward" dim="1" factor="1" mode="cyclic" dynamic="0" variable="output"/>
<pragma file="./../../inr_hw_lib/inr_hw_lib.h" line="399" pragmaType="array_partition" parentfunction="forward" dim="1" factor="0" mode="complete" dynamic="0" variable="temp_sum"/>
<pragma file="./../../inr_hw_lib/inr_hw_lib.h" line="487" pragmaType="inline" parentfunction="forward" off="1" region="0" recursive="0"/>
<pragma file="./../../inr_hw_lib/inr_hw_lib.h" line="491" pragmaType="pipeline" parentfunction="forward" off="0" ii="1" rewind="0" style=""/>
<pragma file="./../../inr_hw_lib/inr_hw_lib.h" line="488" pragmaType="array_partition" parentfunction="forward" dim="1" factor="1" mode="cyclic" dynamic="0" variable="x_in"/>
<pragma file="./../../inr_hw_lib/inr_hw_lib.h" line="489" pragmaType="array_partition" parentfunction="forward" dim="1" factor="1" mode="cyclic" dynamic="0" variable="x_out"/>
<pragma file="/tools/software/xilinx/Vitis_HLS/2022.2/common/technology/autopilot/ap_fixed_base.h" line="0" pragmaType="inline" parentfunction="ap_fixed_base<66, 3, true, (ap_q_mode)5, (ap_o_mode)3, 0>& ap_fixed_base<66, 3, true, (ap_q_mode)5, (ap_o_mode)3, 0>::operator=<128, 2, false, (ap_q_mode)5, (ap_o_mode)3, 0>(ap_fixed_base<128, 2, false, (ap_q_mode)5, (ap_o_mode)3, 0> const&)" off="0" region="0" recursive="0"/>
<pragma file="" line="0" pragmaType="inline" parentfunction="ap_fixed<64, 32, (ap_q_mode)5, (ap_o_mode)3, 0>::ap_fixed<34, 2, true, (ap_q_mode)5, (ap_o_mode)3, 0>(ap_fixed_base<34, 2, true, (ap_q_mode)5, (ap_o_mode)3, 0> const&)" off="0" region="0" recursive="0"/>
<pragma file="/tools/software/xilinx/Vitis_HLS/2022.2/common/technology/autopilot/ap_fixed_base.h" line="400" pragmaType="inline" parentfunction="ap_fixed_base<64, 32, true, (ap_q_mode)5, (ap_o_mode)3, 0>::ap_fixed_base<34, 2, true, (ap_q_mode)5, (ap_o_mode)3, 0>(ap_fixed_base<34, 2, true, (ap_q_mode)5, (ap_o_mode)3, 0> const&)" off="0" region="0" recursive="0"/>
<pragma file="/tools/software/xilinx/Vitis_HLS/2022.2/common/technology/autopilot/ap_fixed_base.h" line="0" pragmaType="inline" parentfunction="ap_fixed_base<66, 3, true, (ap_q_mode)5, (ap_o_mode)3, 0>& ap_fixed_base<66, 3, true, (ap_q_mode)5, (ap_o_mode)3, 0>::operator=<32, 32, true, (ap_q_mode)5, (ap_o_mode)3, 0>(ap_fixed_base<32, 32, true, (ap_q_mode)5, (ap_o_mode)3, 0> const&)" off="0" region="0" recursive="0"/>
<pragma file="/tools/software/xilinx/Vitis_HLS/2022.2/common/technology/autopilot/ap_fixed_base.h" line="1420" pragmaType="inline" parentfunction="ap_fixed_base<34, 2, true, (ap_q_mode)5, (ap_o_mode)3, 0>::operator!() const" off="0" region="0" recursive="0"/>
<pragma file="" line="0" pragmaType="inline" parentfunction="ap_fixed<34, 2, (ap_q_mode)5, (ap_o_mode)3, 0>::ap_fixed()" off="0" region="0" recursive="0"/>
<pragma file="/tools/software/xilinx/Vitis_HLS/2022.2/common/technology/autopilot/ap_fixed_base.h" line="2376" pragmaType="inline" parentfunction="bool operator><64, 32, true, (ap_q_mode)5, (ap_o_mode)3, 0>(ap_fixed_base<64, 32, true, (ap_q_mode)5, (ap_o_mode)3, 0> const&, int)" off="0" region="0" recursive="0"/>
<pragma file="" line="0" pragmaType="inline" parentfunction="ap_uint<1>::ap_uint(int)" off="0" region="0" recursive="0"/>
<pragma file="" line="0" pragmaType="inline" parentfunction="ap_ufixed<64, 32, (ap_q_mode)5, (ap_o_mode)3, 0>::ap_ufixed()" off="0" region="0" recursive="0"/>
<pragma file="/tools/software/xilinx/Vitis_HLS/2022.2/common/technology/autopilot/ap_int_base.h" line="541" pragmaType="inline" parentfunction="ap_int_base<1, false>::operator unsigned long long() const" off="0" region="0" recursive="0"/>
<pragma file="" line="0" pragmaType="inline" parentfunction="ap_ufixed<64, 32, (ap_q_mode)5, (ap_o_mode)3, 0>::ap_ufixed<64, 32, true, (ap_q_mode)5, (ap_o_mode)3, 0>(ap_fixed_base<64, 32, true, (ap_q_mode)5, (ap_o_mode)3, 0> const&)" off="0" region="0" recursive="0"/>
<pragma file="/tools/software/xilinx/Vitis_HLS/2022.2/common/technology/autopilot/ap_fixed_base.h" line="1406" pragmaType="inline" parentfunction="ap_fixed_base<64, 32, true, (ap_q_mode)5, (ap_o_mode)3, 0>::operator-() const" off="0" region="0" recursive="0"/>
<pragma file="" line="0" pragmaType="inline" parentfunction="ap_ufixed<64, 32, (ap_q_mode)5, (ap_o_mode)3, 0>::ap_ufixed<65, 33, true, (ap_q_mode)5, (ap_o_mode)3, 0>(ap_fixed_base<65, 33, true, (ap_q_mode)5, (ap_o_mode)3, 0> const&)" off="0" region="0" recursive="0"/>
<pragma file="" line="0" pragmaType="inline" parentfunction="ap_uint<2>::ap_uint()" off="0" region="0" recursive="0"/>
<pragma file="" line="0" pragmaType="inline" parentfunction="ap_ufixed<65, 1, (ap_q_mode)5, (ap_o_mode)3, 0>::ap_ufixed()" off="0" region="0" recursive="0"/>
<pragma file="" line="0" pragmaType="inline" parentfunction="ap_fixed<66, 3, (ap_q_mode)5, (ap_o_mode)3, 0>::ap_fixed()" off="0" region="0" recursive="0"/>
<pragma file="" line="0" pragmaType="inline" parentfunction="ap_fixed<66, 3, (ap_q_mode)5, (ap_o_mode)3, 0>::ap_fixed(char const*)" off="0" region="0" recursive="0"/>
<pragma file="" line="0" pragmaType="inline" parentfunction="ap_fixed<66, 3, (ap_q_mode)5, (ap_o_mode)3, 0>::ap_fixed(int)" off="0" region="0" recursive="0"/>
<pragma file="/tools/software/xilinx/Vitis_HLS/2022.2/common/technology/autopilot/ap_int_base.h" line="1788" pragmaType="inline" parentfunction="bool operator==<2, false>(ap_int_base<2, false> const&, int)" off="0" region="0" recursive="0"/>
<pragma file="" line="0" pragmaType="inline" parentfunction="ap_ufixed<65, 1, (ap_q_mode)5, (ap_o_mode)3, 0>::ap_ufixed(char const*)" off="0" region="0" recursive="0"/>
<pragma file="/tools/software/xilinx/Vitis_HLS/2022.2/common/technology/autopilot/ap_fixed_base.h" line="1348" pragmaType="inline" parentfunction="ap_fixed_base<65, 1, false, (ap_q_mode)5, (ap_o_mode)3, 0>::RType<65, 1, false>::minus ap_fixed_base<65, 1, false, (ap_q_mode)5, (ap_o_mode)3, 0>::operator-<65, 1, false, (ap_q_mode)5, (ap_o_mode)3, 0>(ap_fixed_base<65, 1, false, (ap_q_mode)5, (ap_o_mode)3, 0> const&) const" off="0" region="0" recursive="0"/>
<pragma file="" line="0" pragmaType="inline" parentfunction="ap_fixed<66, 3, (ap_q_mode)5, (ap_o_mode)3, 0>::ap_fixed<66, 2, true, (ap_q_mode)5, (ap_o_mode)3, 0>(ap_fixed_base<66, 2, true, (ap_q_mode)5, (ap_o_mode)3, 0> const&)" off="0" region="0" recursive="0"/>
<pragma file="" line="0" pragmaType="inline" parentfunction="ap_fixed<66, 3, (ap_q_mode)5, (ap_o_mode)3, 0>::ap_fixed<65, 1, false, (ap_q_mode)5, (ap_o_mode)3, 0>(ap_fixed_base<65, 1, false, (ap_q_mode)5, (ap_o_mode)3, 0> const&)" off="0" region="0" recursive="0"/>
<pragma file="/tools/software/xilinx/Vitis_HLS/2022.2/common/technology/autopilot/hls_cordic_apfixed.h" line="88" pragmaType="pipeline" parentfunction="cordic_circ_apfixed" off="0" ii="-1" rewind="0" style=""/>
<pragma file="" line="0" pragmaType="inline" parentfunction="ap_fixed<34, 2, (ap_q_mode)5, (ap_o_mode)3, 0>::ap_fixed<66, 3, true, (ap_q_mode)5, (ap_o_mode)3, 0>(ap_fixed_base<66, 3, true, (ap_q_mode)5, (ap_o_mode)3, 0> const&)" off="0" region="0" recursive="0"/>
<pragma file="/tools/software/xilinx/Vitis_HLS/2022.2/common/technology/autopilot/ap_fixed_base.h" line="1406" pragmaType="inline" parentfunction="ap_fixed_base<34, 2, true, (ap_q_mode)5, (ap_o_mode)3, 0>::operator-() const" off="0" region="0" recursive="0"/>
<pragma file="" line="0" pragmaType="inline" parentfunction="ap_fixed<34, 2, (ap_q_mode)5, (ap_o_mode)3, 0>::ap_fixed<35, 3, true, (ap_q_mode)5, (ap_o_mode)3, 0>(ap_fixed_base<35, 3, true, (ap_q_mode)5, (ap_o_mode)3, 0> const&)" off="0" region="0" recursive="0"/>
<pragma file="/tools/software/xilinx/Vitis_HLS/2022.2/common/technology/autopilot/ap_fixed_base.h" line="400" pragmaType="inline" parentfunction="ap_fixed_base<34, 2, true, (ap_q_mode)5, (ap_o_mode)3, 0>::ap_fixed_base<35, 3, true, (ap_q_mode)5, (ap_o_mode)3, 0>(ap_fixed_base<35, 3, true, (ap_q_mode)5, (ap_o_mode)3, 0> const&)" off="0" region="0" recursive="0"/>
<pragma file="/tools/software/xilinx/Vitis_HLS/2022.2/common/technology/autopilot/ap_common.h" line="515" pragmaType="inline" parentfunction="_ZN8ssdm_intILi34ELb1EEC2EDq34_i" off="0" region="0" recursive="0"/>
<pragma file="/tools/software/xilinx/Vitis_HLS/2022.2/common/technology/autopilot/ap_fixed_base.h" line="0" pragmaType="inline" parentfunction="ap_fixed_base<66, 2, true, (ap_q_mode)5, (ap_o_mode)3, 0>& ap_fixed_base<66, 2, true, (ap_q_mode)5, (ap_o_mode)3, 0>::operator=<65, 1, false, (ap_q_mode)5, (ap_o_mode)3, 0>(ap_fixed_base<65, 1, false, (ap_q_mode)5, (ap_o_mode)3, 0> const&)" off="0" region="0" recursive="0"/>
<pragma file="/tools/software/xilinx/Vitis_HLS/2022.2/common/technology/autopilot/ap_fixed_base.h" line="0" pragmaType="inline" parentfunction="ap_fixed_base<66, 2, true, (ap_q_mode)5, (ap_o_mode)3, 0>& ap_fixed_base<66, 2, true, (ap_q_mode)5, (ap_o_mode)3, 0>::operator=<32, 32, true, (ap_q_mode)5, (ap_o_mode)3, 0>(ap_fixed_base<32, 32, true, (ap_q_mode)5, (ap_o_mode)3, 0> const&)" off="0" region="0" recursive="0"/>
<pragma file="/tools/software/xilinx/Vitis_HLS/2022.2/common/technology/autopilot/ap_fixed_base.h" line="1420" pragmaType="inline" parentfunction="ap_fixed_base<35, 3, true, (ap_q_mode)5, (ap_o_mode)3, 0>::operator!() const" off="0" region="0" recursive="0"/>
<pragma file="/tools/software/xilinx/Vitis_HLS/2022.2/common/technology/autopilot/ap_fixed_base.h" line="400" pragmaType="inline" parentfunction="ap_fixed_base<35, 3, true, (ap_q_mode)5, (ap_o_mode)3, 0>::ap_fixed_base<34, 2, true, (ap_q_mode)5, (ap_o_mode)3, 0>(ap_fixed_base<34, 2, true, (ap_q_mode)5, (ap_o_mode)3, 0> const&)" off="0" region="0" recursive="0"/>
<pragma file="" line="0" pragmaType="inline" parentfunction="ap_fixed<35, 3, (ap_q_mode)5, (ap_o_mode)3, 0>::ap_fixed<35, 3, true, (ap_q_mode)5, (ap_o_mode)3, 0>(ap_fixed_base<35, 3, true, (ap_q_mode)5, (ap_o_mode)3, 0> const&)" off="0" region="0" recursive="0"/>
<pragma file="/tools/software/xilinx/Vitis_HLS/2022.2/common/technology/autopilot/ap_common.h" line="515" pragmaType="inline" parentfunction="_ZN8ssdm_intILi35ELb1EEC2EDq35_i" off="0" region="0" recursive="0"/>
<pragma file="/tools/software/xilinx/Vitis_HLS/2022.2/common/technology/autopilot/ap_fixed_base.h" line="0" pragmaType="inline" parentfunction="report" off="0" region="0" recursive="0"/>
<pragma file="/tools/software/xilinx/Vitis_HLS/2022.2/common/technology/autopilot/ap_fixed_base.h" line="0" pragmaType="inline" parentfunction="report" off="0" region="0" recursive="0"/>
<pragma file="/tools/software/xilinx/Vitis_HLS/2022.2/common/technology/autopilot/ap_int_base.h" line="214" pragmaType="inline" parentfunction="ap_int_base<32, true>::ap_int_base(int)" off="0" region="0" recursive="0"/>
<pragma file="/tools/software/xilinx/Vitis_HLS/2022.2/common/technology/autopilot/ap_int_base.h" line="1018" pragmaType="inline" parentfunction="bool ap_int_base<1, false>::operator==<32, true>(ap_int_base<32, true> const&) const" off="0" region="0" recursive="0"/>
<pragma file="/tools/software/xilinx/Vitis_HLS/2022.2/common/technology/autopilot/ap_fixed_base.h" line="400" pragmaType="inline" parentfunction="ap_fixed_base<34, 2, true, (ap_q_mode)5, (ap_o_mode)3, 0>::ap_fixed_base<67, 4, true, (ap_q_mode)5, (ap_o_mode)3, 0>(ap_fixed_base<67, 4, true, (ap_q_mode)5, (ap_o_mode)3, 0> const&)" off="0" region="0" recursive="0"/>
<pragma file="/tools/software/xilinx/Vitis_HLS/2022.2/common/technology/autopilot/ap_common.h" line="0" pragmaType="inline" parentfunction="ssdm_int<99, true>::ssdm_int()" off="0" region="0" recursive="0"/>
<pragma file="/tools/software/xilinx/Vitis_HLS/2022.2/common/technology/autopilot/ap_fixed_base.h" line="1420" pragmaType="inline" parentfunction="ap_fixed_base<67, 4, true, (ap_q_mode)5, (ap_o_mode)3, 0>::operator!() const" off="0" region="0" recursive="0"/>
<pragma file="/tools/software/xilinx/Vitis_HLS/2022.2/common/technology/autopilot/ap_fixed_base.h" line="400" pragmaType="inline" parentfunction="ap_fixed_base<67, 4, true, (ap_q_mode)5, (ap_o_mode)3, 0>::ap_fixed_base<66, 3, true, (ap_q_mode)5, (ap_o_mode)3, 0>(ap_fixed_base<66, 3, true, (ap_q_mode)5, (ap_o_mode)3, 0> const&)" off="0" region="0" recursive="0"/>
<pragma file="" line="0" pragmaType="inline" parentfunction="ap_fixed<67, 4, (ap_q_mode)5, (ap_o_mode)3, 0>::ap_fixed<67, 4, true, (ap_q_mode)5, (ap_o_mode)3, 0>(ap_fixed_base<67, 4, true, (ap_q_mode)5, (ap_o_mode)3, 0> const&)" off="0" region="0" recursive="0"/>
<pragma file="/tools/software/xilinx/Vitis_HLS/2022.2/common/technology/autopilot/ap_common.h" line="515" pragmaType="inline" parentfunction="_ZN8ssdm_intILi67ELb1EEC2EDq67_i" off="0" region="0" recursive="0"/>
<pragma file="/tools/software/xilinx/Vitis_HLS/2022.2/common/technology/autopilot/ap_common.h" line="0" pragmaType="inline" parentfunction="ssdm_int<98, false>::ssdm_int()" off="0" region="0" recursive="0"/>
<pragma file="/tools/software/xilinx/Vitis_HLS/2022.2/common/technology/autopilot/ap_fixed_base.h" line="0" pragmaType="inline" parentfunction="ap_fixed_base<98, 33, false, (ap_q_mode)5, (ap_o_mode)3, 0>& ap_fixed_base<98, 33, false, (ap_q_mode)5, (ap_o_mode)3, 0>::operator=<32, 32, true, (ap_q_mode)5, (ap_o_mode)3, 0>(ap_fixed_base<32, 32, true, (ap_q_mode)5, (ap_o_mode)3, 0> const&)" off="0" region="0" recursive="0"/>
<pragma file="/tools/software/xilinx/Vitis_HLS/2022.2/common/technology/autopilot/ap_fixed_base.h" line="1420" pragmaType="inline" parentfunction="ap_fixed_base<66, 3, true, (ap_q_mode)5, (ap_o_mode)3, 0>::operator!() const" off="0" region="0" recursive="0"/>
<pragma file="/tools/software/xilinx/Vitis_HLS/2022.2/common/technology/autopilot/ap_fixed_base.h" line="400" pragmaType="inline" parentfunction="ap_fixed_base<34, 2, true, (ap_q_mode)5, (ap_o_mode)3, 0>::ap_fixed_base<66, 3, true, (ap_q_mode)5, (ap_o_mode)3, 0>(ap_fixed_base<66, 3, true, (ap_q_mode)5, (ap_o_mode)3, 0> const&)" off="0" region="0" recursive="0"/>
<pragma file="/tools/software/xilinx/Vitis_HLS/2022.2/common/technology/autopilot/ap_common.h" line="0" pragmaType="inline" parentfunction="ssdm_int<32, false>::ssdm_int()" off="0" region="0" recursive="0"/>
<pragma file="" line="0" pragmaType="inline" parentfunction="ap_uint<1>::ap_uint()" off="0" region="0" recursive="0"/>
<pragma file="/tools/software/xilinx/Vitis_HLS/2022.2/common/technology/autopilot/ap_fixed_base.h" line="1668" pragmaType="inline" parentfunction="ap_fixed_base<66, 3, true, (ap_q_mode)5, (ap_o_mode)3, 0>::operator[](unsigned int)" off="0" region="0" recursive="0"/>
<pragma file="" line="0" pragmaType="inline" parentfunction="ap_uint<1>::ap_uint<66, 3, true, (ap_q_mode)5, (ap_o_mode)3, 0>(af_bit_ref<66, 3, true, (ap_q_mode)5, (ap_o_mode)3, 0> const&)" off="0" region="0" recursive="0"/>
<pragma file="/tools/software/xilinx/Vitis_HLS/2022.2/common/technology/autopilot/ap_fixed_base.h" line="1520" pragmaType="inline" parentfunction="ap_fixed_base<66, 3, true, (ap_q_mode)5, (ap_o_mode)3, 0>::operator>>(int) const" off="0" region="0" recursive="0"/>
<pragma file="" line="0" pragmaType="inline" parentfunction="ap_fixed<66, 3, (ap_q_mode)5, (ap_o_mode)3, 0>::ap_fixed<66, 3, true, (ap_q_mode)5, (ap_o_mode)3, 0>(ap_fixed_base<66, 3, true, (ap_q_mode)5, (ap_o_mode)3, 0> const&)" off="0" region="0" recursive="0"/>
<pragma file="" line="0" pragmaType="inline" parentfunction="ap_fixed<66, 3, (ap_q_mode)5, (ap_o_mode)3, 0>::ap_fixed<128, 2, false, (ap_q_mode)5, (ap_o_mode)3, 0>(ap_fixed_base<128, 2, false, (ap_q_mode)5, (ap_o_mode)3, 0> const&)" off="0" region="0" recursive="0"/>
<pragma file="/tools/software/xilinx/Vitis_HLS/2022.2/common/technology/autopilot/ap_fixed_base.h" line="1347" pragmaType="inline" parentfunction="ap_fixed_base<66, 3, true, (ap_q_mode)5, (ap_o_mode)3, 0>::RType<66, 3, true>::plus ap_fixed_base<66, 3, true, (ap_q_mode)5, (ap_o_mode)3, 0>::operator+<66, 3, true, (ap_q_mode)5, (ap_o_mode)3, 0>(ap_fixed_base<66, 3, true, (ap_q_mode)5, (ap_o_mode)3, 0> const&) const" off="0" region="0" recursive="0"/>
<pragma file="" line="0" pragmaType="inline" parentfunction="ap_fixed<66, 3, (ap_q_mode)5, (ap_o_mode)3, 0>::ap_fixed<67, 4, true, (ap_q_mode)5, (ap_o_mode)3, 0>(ap_fixed_base<67, 4, true, (ap_q_mode)5, (ap_o_mode)3, 0> const&)" off="0" region="0" recursive="0"/>
<pragma file="/tools/software/xilinx/Vitis_HLS/2022.2/common/technology/autopilot/ap_fixed_base.h" line="1348" pragmaType="inline" parentfunction="ap_fixed_base<66, 3, true, (ap_q_mode)5, (ap_o_mode)3, 0>::RType<66, 3, true>::minus ap_fixed_base<66, 3, true, (ap_q_mode)5, (ap_o_mode)3, 0>::operator-<66, 3, true, (ap_q_mode)5, (ap_o_mode)3, 0>(ap_fixed_base<66, 3, true, (ap_q_mode)5, (ap_o_mode)3, 0> const&) const" off="0" region="0" recursive="0"/>
<pragma file="/tools/software/xilinx/Vitis_HLS/2022.2/common/technology/autopilot/ap_fixed_base.h" line="530" pragmaType="inline" parentfunction="ap_fixed_base<67, 4, true, (ap_q_mode)5, (ap_o_mode)3, 0>::ap_fixed_base(int)" off="0" region="0" recursive="0"/>
<pragma file="/tools/software/xilinx/Vitis_HLS/2022.2/common/technology/autopilot/ap_int_base.h" line="0" pragmaType="inline" parentfunction="checkOverflowCsim" off="0" region="0" recursive="0"/>
<pragma file="/tools/software/xilinx/Vitis_HLS/2022.2/common/technology/autopilot/ap_fixed_base.h" line="0" pragmaType="inline" parentfunction="ap_fixed_base<97, 32, false, (ap_q_mode)5, (ap_o_mode)3, 0>& ap_fixed_base<97, 32, false, (ap_q_mode)5, (ap_o_mode)3, 0>::operator=<161, 32, false, (ap_q_mode)5, (ap_o_mode)3, 0>(ap_fixed_base<161, 32, false, (ap_q_mode)5, (ap_o_mode)3, 0> const&)" off="0" region="0" recursive="0"/>
<pragma file="/tools/software/xilinx/Vitis_HLS/2022.2/common/technology/autopilot/ap_fixed_base.h" line="400" pragmaType="inline" parentfunction="ap_fixed_base<66, 3, true, (ap_q_mode)5, (ap_o_mode)3, 0>::ap_fixed_base<67, 4, true, (ap_q_mode)5, (ap_o_mode)3, 0>(ap_fixed_base<67, 4, true, (ap_q_mode)5, (ap_o_mode)3, 0> const&)" off="0" region="0" recursive="0"/>
<pragma file="/tools/software/xilinx/Vitis_HLS/2022.2/common/technology/autopilot/ap_common.h" line="515" pragmaType="inline" parentfunction="_ZN8ssdm_intILi66ELb1EEC2EDq66_i" off="0" region="0" recursive="0"/>
<pragma file="/tools/software/xilinx/Vitis_HLS/2022.2/common/technology/autopilot/ap_common.h" line="0" pragmaType="inline" parentfunction="ssdm_int<161, false>::ssdm_int()" off="0" region="0" recursive="0"/>
<pragma file="/tools/software/xilinx/Vitis_HLS/2022.2/common/technology/autopilot/ap_fixed_base.h" line="0" pragmaType="inline" parentfunction="ap_fixed_base<161, 32, false, (ap_q_mode)5, (ap_o_mode)3, 0>& ap_fixed_base<161, 32, false, (ap_q_mode)5, (ap_o_mode)3, 0>::operator=<32, 32, true, (ap_q_mode)5, (ap_o_mode)3, 0>(ap_fixed_base<32, 32, true, (ap_q_mode)5, (ap_o_mode)3, 0> const&)" off="0" region="0" recursive="0"/>
<pragma file="/tools/software/xilinx/Vitis_HLS/2022.2/common/technology/autopilot/ap_fixed_base.h" line="400" pragmaType="inline" parentfunction="ap_fixed_base<66, 3, true, (ap_q_mode)5, (ap_o_mode)3, 0>::ap_fixed_base<128, 2, false, (ap_q_mode)5, (ap_o_mode)3, 0>(ap_fixed_base<128, 2, false, (ap_q_mode)5, (ap_o_mode)3, 0> const&)" off="0" region="0" recursive="0"/>
<pragma file="/tools/software/xilinx/Vitis_HLS/2022.2/common/technology/autopilot/ap_fixed_base.h" line="1420" pragmaType="inline" parentfunction="ap_fixed_base<128, 2, false, (ap_q_mode)5, (ap_o_mode)3, 0>::operator!() const" off="0" region="0" recursive="0"/>
<pragma file="/tools/software/xilinx/Vitis_HLS/2022.2/common/technology/autopilot/ap_fixed_base.h" line="1452" pragmaType="inline" parentfunction="ap_fixed_base<66, 3, true, (ap_q_mode)5, (ap_o_mode)3, 0>::operator<<(unsigned int) const" off="0" region="0" recursive="0"/>
<pragma file="/tools/software/xilinx/Vitis_HLS/2022.2/common/technology/autopilot/ap_fixed_base.h" line="1486" pragmaType="inline" parentfunction="ap_fixed_base<66, 3, true, (ap_q_mode)5, (ap_o_mode)3, 0>::operator>>(unsigned int) const" off="0" region="0" recursive="0"/>
<pragma file="/tools/software/xilinx/Vitis_HLS/2022.2/common/technology/autopilot/ap_fixed_base.h" line="530" pragmaType="inline" parentfunction="ap_fixed_base<66, 3, true, (ap_q_mode)5, (ap_o_mode)3, 0>::ap_fixed_base(int)" off="0" region="0" recursive="0"/>
<pragma file="/tools/software/xilinx/Vitis_HLS/2022.2/common/technology/autopilot/ap_fixed_base.h" line="0" pragmaType="inline" parentfunction="ap_fixed_base<64, 32, false, (ap_q_mode)5, (ap_o_mode)3, 0>& ap_fixed_base<64, 32, false, (ap_q_mode)5, (ap_o_mode)3, 0>::operator=<64, 32, true, (ap_q_mode)5, (ap_o_mode)3, 0>(ap_fixed_base<64, 32, true, (ap_q_mode)5, (ap_o_mode)3, 0> const&)" off="0" region="0" recursive="0"/>
<pragma file="/tools/software/xilinx/Vitis_HLS/2022.2/common/technology/autopilot/ap_int_base.h" line="408" pragmaType="inline" parentfunction="ap_int_base<1, false>::ap_int_base<66, 3, true, (ap_q_mode)5, (ap_o_mode)3, 0>(af_bit_ref<66, 3, true, (ap_q_mode)5, (ap_o_mode)3, 0> const&)" off="0" region="0" recursive="0"/>
<pragma file="/tools/software/xilinx/Vitis_HLS/2022.2/common/technology/autopilot/ap_fixed_ref.h" line="53" pragmaType="inline" parentfunction="af_bit_ref<66, 3, true, (ap_q_mode)5, (ap_o_mode)3, 0>::operator bool() const" off="0" region="0" recursive="0"/>
<pragma file="/tools/software/xilinx/Vitis_HLS/2022.2/common/technology/autopilot/ap_fixed_ref.h" line="47" pragmaType="inline" parentfunction="af_bit_ref<66, 3, true, (ap_q_mode)5, (ap_o_mode)3, 0>::af_bit_ref(ap_fixed_base<66, 3, true, (ap_q_mode)5, (ap_o_mode)3, 0>*, int)" off="0" region="0" recursive="0"/>
<pragma file="/tools/software/xilinx/Vitis_HLS/2022.2/common/technology/autopilot/ap_int_base.h" line="175" pragmaType="inline" parentfunction="ap_int_base<1, false>::ap_int_base()" off="0" region="0" recursive="0"/>
<pragma file="/tools/software/xilinx/Vitis_HLS/2022.2/common/technology/autopilot/ap_fixed_base.h" line="400" pragmaType="inline" parentfunction="ap_fixed_base<66, 3, true, (ap_q_mode)5, (ap_o_mode)3, 0>::ap_fixed_base<65, 1, false, (ap_q_mode)5, (ap_o_mode)3, 0>(ap_fixed_base<65, 1, false, (ap_q_mode)5, (ap_o_mode)3, 0> const&)" off="0" region="0" recursive="0"/>
<pragma file="/tools/software/xilinx/Vitis_HLS/2022.2/common/technology/autopilot/ap_fixed_base.h" line="1420" pragmaType="inline" parentfunction="ap_fixed_base<65, 1, false, (ap_q_mode)5, (ap_o_mode)3, 0>::operator!() const" off="0" region="0" recursive="0"/>
<pragma file="/tools/software/xilinx/Vitis_HLS/2022.2/common/technology/autopilot/ap_fixed_base.h" line="400" pragmaType="inline" parentfunction="ap_fixed_base<66, 3, true, (ap_q_mode)5, (ap_o_mode)3, 0>::ap_fixed_base<66, 2, true, (ap_q_mode)5, (ap_o_mode)3, 0>(ap_fixed_base<66, 2, true, (ap_q_mode)5, (ap_o_mode)3, 0> const&)" off="0" region="0" recursive="0"/>
<pragma file="/tools/software/xilinx/Vitis_HLS/2022.2/common/technology/autopilot/ap_fixed_base.h" line="1420" pragmaType="inline" parentfunction="ap_fixed_base<66, 2, true, (ap_q_mode)5, (ap_o_mode)3, 0>::operator!() const" off="0" region="0" recursive="0"/>
<pragma file="/tools/software/xilinx/Vitis_HLS/2022.2/common/technology/autopilot/ap_fixed_base.h" line="530" pragmaType="inline" parentfunction="ap_fixed_base<66, 2, true, (ap_q_mode)5, (ap_o_mode)3, 0>::ap_fixed_base(int)" off="0" region="0" recursive="0"/>
<pragma file="/tools/software/xilinx/Vitis_HLS/2022.2/common/technology/autopilot/ap_fixed_base.h" line="400" pragmaType="inline" parentfunction="ap_fixed_base<66, 2, true, (ap_q_mode)5, (ap_o_mode)3, 0>::ap_fixed_base<65, 1, false, (ap_q_mode)5, (ap_o_mode)3, 0>(ap_fixed_base<65, 1, false, (ap_q_mode)5, (ap_o_mode)3, 0> const&)" off="0" region="0" recursive="0"/>
<pragma file="" line="0" pragmaType="inline" parentfunction="ap_fixed<66, 2, (ap_q_mode)5, (ap_o_mode)3, 0>::ap_fixed<66, 2, true, (ap_q_mode)5, (ap_o_mode)3, 0>(ap_fixed_base<66, 2, true, (ap_q_mode)5, (ap_o_mode)3, 0> const&)" off="0" region="0" recursive="0"/>
<pragma file="/tools/software/xilinx/Vitis_HLS/2022.2/common/technology/autopilot/ap_fixed_base.h" line="456" pragmaType="inline" parentfunction="ap_fixed_base<65, 1, false, (ap_q_mode)5, (ap_o_mode)3, 0>::ap_fixed_base(char const*)" off="0" region="0" recursive="0"/>
<pragma file="/tools/software/xilinx/Vitis_HLS/2022.2/common/technology/autopilot/ap_int_base.h" line="1018" pragmaType="inline" parentfunction="bool ap_int_base<2, false>::operator==<32, true>(ap_int_base<32, true> const&) const" off="0" region="0" recursive="0"/>
<pragma file="/tools/software/xilinx/Vitis_HLS/2022.2/common/technology/autopilot/ap_fixed_base.h" line="456" pragmaType="inline" parentfunction="ap_fixed_base<66, 3, true, (ap_q_mode)5, (ap_o_mode)3, 0>::ap_fixed_base(char const*)" off="0" region="0" recursive="0"/>
<pragma file="/tools/software/xilinx/Vitis_HLS/2022.2/common/technology/autopilot/ap_fixed_base.h" line="395" pragmaType="inline" parentfunction="ap_fixed_base<66, 3, true, (ap_q_mode)5, (ap_o_mode)3, 0>::ap_fixed_base()" off="0" region="0" recursive="0"/>
<pragma file="" line="0" pragmaType="inline" parentfunction="ap_ufixed<97, 0, (ap_q_mode)5, (ap_o_mode)3, 0>::ap_ufixed(char const*)" off="0" region="0" recursive="0"/>
<pragma file="" line="0" pragmaType="inline" parentfunction="ap_ufixed<66, 1, (ap_q_mode)5, (ap_o_mode)3, 0>::ap_ufixed(char const*)" off="0" region="0" recursive="0"/>
<pragma file="/tools/software/xilinx/Vitis_HLS/2022.2/common/technology/autopilot/ap_fixed_base.h" line="1267" pragmaType="inline" parentfunction="ap_fixed_base<64, 32, false, (ap_q_mode)5, (ap_o_mode)3, 0>::RType<97, 0, false>::mult ap_fixed_base<64, 32, false, (ap_q_mode)5, (ap_o_mode)3, 0>::operator*<97, 0, false, (ap_q_mode)5, (ap_o_mode)3, 0>(ap_fixed_base<97, 0, false, (ap_q_mode)5, (ap_o_mode)3, 0> const&) const" off="0" region="0" recursive="0"/>
<pragma file="" line="0" pragmaType="inline" parentfunction="ap_ufixed<97, 32, (ap_q_mode)5, (ap_o_mode)3, 0>::ap_ufixed<161, 32, false, (ap_q_mode)5, (ap_o_mode)3, 0>(ap_fixed_base<161, 32, false, (ap_q_mode)5, (ap_o_mode)3, 0> const&)" off="0" region="0" recursive="0"/>
<pragma file="" line="0" pragmaType="inline" parentfunction="ap_uint<32>::ap_uint<97, 32, (ap_q_mode)5, (ap_o_mode)3, 0>(ap_ufixed<97, 32, (ap_q_mode)5, (ap_o_mode)3, 0> const&)" off="0" region="0" recursive="0"/>
<pragma file="" line="0" pragmaType="inline" parentfunction="ap_uint<2>::ap_uint<32>(ap_uint<32> const&)" off="0" region="0" recursive="0"/>
<pragma file="/tools/software/xilinx/Vitis_HLS/2022.2/common/technology/autopilot/ap_fixed_base.h" line="2460" pragmaType="inline" parentfunction="ap_fixed_base<32, 32, false, (ap_q_mode)5, (ap_o_mode)3, 0>::RType<66, 1, false>::mult operator*<66, 1, false, (ap_q_mode)5, (ap_o_mode)3, 0, 32, false>(ap_int_base<32, false> const&, ap_fixed_base<66, 1, false, (ap_q_mode)5, (ap_o_mode)3, 0> const&)" off="0" region="0" recursive="0"/>
<pragma file="/tools/software/xilinx/Vitis_HLS/2022.2/common/technology/autopilot/ap_fixed_base.h" line="1348" pragmaType="inline" parentfunction="ap_fixed_base<64, 32, false, (ap_q_mode)5, (ap_o_mode)3, 0>::RType<98, 33, false>::minus ap_fixed_base<64, 32, false, (ap_q_mode)5, (ap_o_mode)3, 0>::operator-<98, 33, false, (ap_q_mode)5, (ap_o_mode)3, 0>(ap_fixed_base<98, 33, false, (ap_q_mode)5, (ap_o_mode)3, 0> const&) const" off="0" region="0" recursive="0"/>
<pragma file="" line="0" pragmaType="inline" parentfunction="ap_ufixed<65, 1, (ap_q_mode)5, (ap_o_mode)3, 0>::ap_ufixed<99, 34, true, (ap_q_mode)5, (ap_o_mode)3, 0>(ap_fixed_base<99, 34, true, (ap_q_mode)5, (ap_o_mode)3, 0> const&)" off="0" region="0" recursive="0"/>
<pragma file="/tools/software/xilinx/Vitis_HLS/2022.2/common/technology/autopilot/ap_fixed_base.h" line="400" pragmaType="inline" parentfunction="ap_fixed_base<65, 1, false, (ap_q_mode)5, (ap_o_mode)3, 0>::ap_fixed_base<99, 34, true, (ap_q_mode)5, (ap_o_mode)3, 0>(ap_fixed_base<99, 34, true, (ap_q_mode)5, (ap_o_mode)3, 0> const&)" off="0" region="0" recursive="0"/>
<pragma file="/tools/software/xilinx/Vitis_HLS/2022.2/common/technology/autopilot/ap_common.h" line="523" pragmaType="inline" parentfunction="_ZN8ssdm_intILi65ELb0EEC2EDq65_j" off="0" region="0" recursive="0"/>
<pragma file="/tools/software/xilinx/Vitis_HLS/2022.2/common/technology/autopilot/ap_fixed_base.h" line="1420" pragmaType="inline" parentfunction="ap_fixed_base<99, 34, true, (ap_q_mode)5, (ap_o_mode)3, 0>::operator!() const" off="0" region="0" recursive="0"/>
<pragma file="/tools/software/xilinx/Vitis_HLS/2022.2/common/technology/autopilot/ap_fixed_base.h" line="530" pragmaType="inline" parentfunction="ap_fixed_base<99, 34, true, (ap_q_mode)5, (ap_o_mode)3, 0>::ap_fixed_base(int)" off="0" region="0" recursive="0"/>
<pragma file="/tools/software/xilinx/Vitis_HLS/2022.2/common/technology/autopilot/ap_fixed_base.h" line="400" pragmaType="inline" parentfunction="ap_fixed_base<99, 34, true, (ap_q_mode)5, (ap_o_mode)3, 0>::ap_fixed_base<64, 32, false, (ap_q_mode)5, (ap_o_mode)3, 0>(ap_fixed_base<64, 32, false, (ap_q_mode)5, (ap_o_mode)3, 0> const&)" off="0" region="0" recursive="0"/>
<pragma file="/tools/software/xilinx/Vitis_HLS/2022.2/common/technology/autopilot/ap_fixed_base.h" line="400" pragmaType="inline" parentfunction="ap_fixed_base<99, 34, true, (ap_q_mode)5, (ap_o_mode)3, 0>::ap_fixed_base<98, 33, false, (ap_q_mode)5, (ap_o_mode)3, 0>(ap_fixed_base<98, 33, false, (ap_q_mode)5, (ap_o_mode)3, 0> const&)" off="0" region="0" recursive="0"/>
<pragma file="" line="0" pragmaType="inline" parentfunction="ap_fixed<99, 34, (ap_q_mode)5, (ap_o_mode)3, 0>::ap_fixed<99, 34, true, (ap_q_mode)5, (ap_o_mode)3, 0>(ap_fixed_base<99, 34, true, (ap_q_mode)5, (ap_o_mode)3, 0> const&)" off="0" region="0" recursive="0"/>
<pragma file="/tools/software/xilinx/Vitis_HLS/2022.2/common/technology/autopilot/ap_common.h" line="515" pragmaType="inline" parentfunction="_ZN8ssdm_intILi99ELb1EEC2EDq99_i" off="0" region="0" recursive="0"/>
<pragma file="/tools/software/xilinx/Vitis_HLS/2022.2/common/technology/autopilot/ap_fixed_base.h" line="1420" pragmaType="inline" parentfunction="ap_fixed_base<98, 33, false, (ap_q_mode)5, (ap_o_mode)3, 0>::operator!() const" off="0" region="0" recursive="0"/>
<pragma file="/tools/software/xilinx/Vitis_HLS/2022.2/common/technology/autopilot/ap_fixed_base.h" line="1420" pragmaType="inline" parentfunction="ap_fixed_base<64, 32, false, (ap_q_mode)5, (ap_o_mode)3, 0>::operator!() const" off="0" region="0" recursive="0"/>
<pragma file="/tools/software/xilinx/Vitis_HLS/2022.2/common/technology/autopilot/ap_fixed_base.h" line="419" pragmaType="inline" parentfunction="ap_fixed_base<32, 32, false, (ap_q_mode)5, (ap_o_mode)3, 0>::ap_fixed_base<32, false>(ap_int_base<32, false> const&)" off="0" region="0" recursive="0"/>
<pragma file="/tools/software/xilinx/Vitis_HLS/2022.2/common/technology/autopilot/ap_fixed_base.h" line="1267" pragmaType="inline" parentfunction="ap_fixed_base<32, 32, false, (ap_q_mode)5, (ap_o_mode)3, 0>::RType<66, 1, false>::mult ap_fixed_base<32, 32, false, (ap_q_mode)5, (ap_o_mode)3, 0>::operator*<66, 1, false, (ap_q_mode)5, (ap_o_mode)3, 0>(ap_fixed_base<66, 1, false, (ap_q_mode)5, (ap_o_mode)3, 0> const&) const" off="0" region="0" recursive="0"/>
<pragma file="/tools/software/xilinx/Vitis_HLS/2022.2/common/technology/autopilot/ap_fixed_base.h" line="530" pragmaType="inline" parentfunction="ap_fixed_base<98, 33, false, (ap_q_mode)5, (ap_o_mode)3, 0>::ap_fixed_base(int)" off="0" region="0" recursive="0"/>
<pragma file="" line="0" pragmaType="inline" parentfunction="ap_ufixed<98, 33, (ap_q_mode)5, (ap_o_mode)3, 0>::ap_ufixed<98, 33, false, (ap_q_mode)5, (ap_o_mode)3, 0>(ap_fixed_base<98, 33, false, (ap_q_mode)5, (ap_o_mode)3, 0> const&)" off="0" region="0" recursive="0"/>
<pragma file="/tools/software/xilinx/Vitis_HLS/2022.2/common/technology/autopilot/ap_common.h" line="523" pragmaType="inline" parentfunction="ssdm_int<32, false>::ssdm_int(unsigned int)" off="0" region="0" recursive="0"/>
<pragma file="/tools/software/xilinx/Vitis_HLS/2022.2/common/technology/autopilot/ap_fixed_base.h" line="530" pragmaType="inline" parentfunction="ap_fixed_base<32, 32, false, (ap_q_mode)5, (ap_o_mode)3, 0>::ap_fixed_base(int)" off="0" region="0" recursive="0"/>
<pragma file="/tools/software/xilinx/Vitis_HLS/2022.2/common/technology/autopilot/ap_fixed_base.h" line="1420" pragmaType="inline" parentfunction="ap_fixed_base<32, 32, false, (ap_q_mode)5, (ap_o_mode)3, 0>::operator!() const" off="0" region="0" recursive="0"/>
<pragma file="/tools/software/xilinx/Vitis_HLS/2022.2/common/technology/autopilot/ap_int_base.h" line="185" pragmaType="inline" parentfunction="ap_int_base<2, false>::ap_int_base<32, false>(ap_int_base<32, false> const&)" off="0" region="0" recursive="0"/>
<pragma file="/tools/software/xilinx/Vitis_HLS/2022.2/common/technology/autopilot/ap_common.h" line="523" pragmaType="inline" parentfunction="_ZN8ssdm_intILi2ELb0EEC2EDq2_j" off="0" region="0" recursive="0"/>
<pragma file="/tools/software/xilinx/Vitis_HLS/2022.2/common/technology/autopilot/ap_int_base.h" line="350" pragmaType="inline" parentfunction="ap_int_base<32, false>::ap_int_base<97, 32, false, (ap_q_mode)5, (ap_o_mode)3, 0>(ap_fixed_base<97, 32, false, (ap_q_mode)5, (ap_o_mode)3, 0> const&)" off="0" region="0" recursive="0"/>
<pragma file="/tools/software/xilinx/Vitis_HLS/2022.2/common/technology/autopilot/ap_fixed_base.h" line="981" pragmaType="inline" parentfunction="to_ap_int_base" off="0" region="0" recursive="0"/>
<pragma file="/tools/software/xilinx/Vitis_HLS/2022.2/common/technology/autopilot/ap_int_base.h" line="214" pragmaType="inline" parentfunction="ap_int_base<32, false>::ap_int_base(int)" off="0" region="0" recursive="0"/>
<pragma file="/tools/software/xilinx/Vitis_HLS/2022.2/common/technology/autopilot/ap_fixed_base.h" line="400" pragmaType="inline" parentfunction="ap_fixed_base<97, 32, false, (ap_q_mode)5, (ap_o_mode)3, 0>::ap_fixed_base<161, 32, false, (ap_q_mode)5, (ap_o_mode)3, 0>(ap_fixed_base<161, 32, false, (ap_q_mode)5, (ap_o_mode)3, 0> const&)" off="0" region="0" recursive="0"/>
<pragma file="/tools/software/xilinx/Vitis_HLS/2022.2/common/technology/autopilot/ap_common.h" line="523" pragmaType="inline" parentfunction="_ZN8ssdm_intILi97ELb0EEC2EDq97_j" off="0" region="0" recursive="0"/>
<pragma file="/tools/software/xilinx/Vitis_HLS/2022.2/common/technology/autopilot/ap_fixed_base.h" line="1420" pragmaType="inline" parentfunction="ap_fixed_base<161, 32, false, (ap_q_mode)5, (ap_o_mode)3, 0>::operator!() const" off="0" region="0" recursive="0"/>
<pragma file="/tools/software/xilinx/Vitis_HLS/2022.2/common/technology/autopilot/ap_fixed_base.h" line="530" pragmaType="inline" parentfunction="ap_fixed_base<161, 32, false, (ap_q_mode)5, (ap_o_mode)3, 0>::ap_fixed_base(int)" off="0" region="0" recursive="0"/>
<pragma file="" line="0" pragmaType="inline" parentfunction="ap_ufixed<161, 32, (ap_q_mode)5, (ap_o_mode)3, 0>::ap_ufixed<161, 32, false, (ap_q_mode)5, (ap_o_mode)3, 0>(ap_fixed_base<161, 32, false, (ap_q_mode)5, (ap_o_mode)3, 0> const&)" off="0" region="0" recursive="0"/>
<pragma file="/tools/software/xilinx/Vitis_HLS/2022.2/common/technology/autopilot/ap_fixed_base.h" line="456" pragmaType="inline" parentfunction="ap_fixed_base<66, 1, false, (ap_q_mode)5, (ap_o_mode)3, 0>::ap_fixed_base(char const*)" off="0" region="0" recursive="0"/>
<pragma file="/tools/software/xilinx/Vitis_HLS/2022.2/common/technology/autopilot/ap_fixed_base.h" line="456" pragmaType="inline" parentfunction="ap_fixed_base<97, 0, false, (ap_q_mode)5, (ap_o_mode)3, 0>::ap_fixed_base(char const*)" off="0" region="0" recursive="0"/>
<pragma file="/tools/software/xilinx/Vitis_HLS/2022.2/common/technology/autopilot/ap_fixed_base.h" line="395" pragmaType="inline" parentfunction="ap_fixed_base<65, 1, false, (ap_q_mode)5, (ap_o_mode)3, 0>::ap_fixed_base()" off="0" region="0" recursive="0"/>
<pragma file="/tools/software/xilinx/Vitis_HLS/2022.2/common/technology/autopilot/ap_int_base.h" line="175" pragmaType="inline" parentfunction="ap_int_base<2, false>::ap_int_base()" off="0" region="0" recursive="0"/>
<pragma file="/tools/software/xilinx/Vitis_HLS/2022.2/common/technology/autopilot/ap_fixed_base.h" line="400" pragmaType="inline" parentfunction="ap_fixed_base<64, 32, false, (ap_q_mode)5, (ap_o_mode)3, 0>::ap_fixed_base<65, 33, true, (ap_q_mode)5, (ap_o_mode)3, 0>(ap_fixed_base<65, 33, true, (ap_q_mode)5, (ap_o_mode)3, 0> const&)" off="0" region="0" recursive="0"/>
<pragma file="/tools/software/xilinx/Vitis_HLS/2022.2/common/technology/autopilot/ap_common.h" line="523" pragmaType="inline" parentfunction="ssdm_int<64, false>::ssdm_int(unsigned long)" off="0" region="0" recursive="0"/>
<pragma file="/tools/software/xilinx/Vitis_HLS/2022.2/common/technology/autopilot/ap_fixed_base.h" line="400" pragmaType="inline" parentfunction="ap_fixed_base<64, 32, false, (ap_q_mode)5, (ap_o_mode)3, 0>::ap_fixed_base<64, 32, true, (ap_q_mode)5, (ap_o_mode)3, 0>(ap_fixed_base<64, 32, true, (ap_q_mode)5, (ap_o_mode)3, 0> const&)" off="0" region="0" recursive="0"/>
<pragma file="/tools/software/xilinx/Vitis_HLS/2022.2/common/technology/autopilot/ap_fixed_base.h" line="395" pragmaType="inline" parentfunction="ap_fixed_base<64, 32, false, (ap_q_mode)5, (ap_o_mode)3, 0>::ap_fixed_base()" off="0" region="0" recursive="0"/>
<pragma file="/tools/software/xilinx/Vitis_HLS/2022.2/common/technology/autopilot/ap_fixed_base.h" line="530" pragmaType="inline" parentfunction="ap_fixed_base<32, 32, true, (ap_q_mode)5, (ap_o_mode)3, 0>::ap_fixed_base(int)" off="0" region="0" recursive="0"/>
<pragma file="/tools/software/xilinx/Vitis_HLS/2022.2/common/technology/autopilot/ap_fixed_base.h" line="1649" pragmaType="inline" parentfunction="bool ap_fixed_base<64, 32, true, (ap_q_mode)5, (ap_o_mode)3, 0>::operator><32, 32, true, (ap_q_mode)5, (ap_o_mode)3, 0>(ap_fixed_base<32, 32, true, (ap_q_mode)5, (ap_o_mode)3, 0> const&) const" off="0" region="0" recursive="0"/>
<pragma file="/tools/software/xilinx/Vitis_HLS/2022.2/common/technology/autopilot/ap_fixed_base.h" line="400" pragmaType="inline" parentfunction="ap_fixed_base<64, 32, true, (ap_q_mode)5, (ap_o_mode)3, 0>::ap_fixed_base<32, 32, true, (ap_q_mode)5, (ap_o_mode)3, 0>(ap_fixed_base<32, 32, true, (ap_q_mode)5, (ap_o_mode)3, 0> const&)" off="0" region="0" recursive="0"/>
<pragma file="/tools/software/xilinx/Vitis_HLS/2022.2/common/technology/autopilot/ap_fixed_base.h" line="395" pragmaType="inline" parentfunction="ap_fixed_base<34, 2, true, (ap_q_mode)5, (ap_o_mode)3, 0>::ap_fixed_base()" off="0" region="0" recursive="0"/>
<pragma file="./../../inr_hw_lib/inr_hw_lib.h" line="393" pragmaType="inline" parentfunction="forward" off="1" region="0" recursive="0"/>
<pragma file="./../../inr_hw_lib/inr_hw_lib.h" line="405" pragmaType="pipeline" parentfunction="forward" off="0" ii="-1" rewind="0" style=""/>
<pragma file="./../../inr_hw_lib/inr_hw_lib.h" line="408" pragmaType="unroll" parentfunction="forward" factor="-1" skip_exit_check="0"/>
<pragma file="./../../inr_hw_lib/inr_hw_lib.h" line="413" pragmaType="unroll" parentfunction="forward" factor="-1" skip_exit_check="0"/>
<pragma file="./../../inr_hw_lib/inr_hw_lib.h" line="422" pragmaType="unroll" parentfunction="forward" factor="-1" skip_exit_check="0"/>
<pragma file="./../../inr_hw_lib/inr_hw_lib.h" line="416" pragmaType="unroll" parentfunction="forward" factor="-1" skip_exit_check="0"/>
<pragma file="./../../inr_hw_lib/inr_hw_lib.h" line="395" pragmaType="array_partition" parentfunction="forward" dim="1" factor="1" mode="cyclic" dynamic="0" variable="input"/>
<pragma file="./../../inr_hw_lib/inr_hw_lib.h" line="396" pragmaType="array_partition" parentfunction="forward" dim="1" factor="1" mode="cyclic" dynamic="0" variable="output"/>
<pragma file="./../../inr_hw_lib/inr_hw_lib.h" line="399" pragmaType="array_partition" parentfunction="forward" dim="1" factor="0" mode="complete" dynamic="0" variable="temp_sum"/>
<pragma file="./../../inr_hw_lib/inr_hw_lib.h" line="381" pragmaType="array_partition" parentfunction="load_params" dim="1" factor="1" mode="cyclic" dynamic="0" variable="weight"/>
<pragma file="./../../inr_hw_lib/inr_hw_lib.h" line="382" pragmaType="array_partition" parentfunction="load_params" dim="2" factor="1" mode="cyclic" dynamic="0" variable="weight2"/>
<pragma file="./../../inr_hw_lib/inr_hw_lib.h" line="383" pragmaType="array_partition" parentfunction="load_params" dim="1" factor="1" mode="cyclic" dynamic="0" variable="bias"/>
<pragma file="./../../inr_hw_lib/inr_hw_lib.h" line="381" pragmaType="array_partition" parentfunction="load_params" dim="1" factor="1" mode="cyclic" dynamic="0" variable="weight"/>
<pragma file="./../../inr_hw_lib/inr_hw_lib.h" line="382" pragmaType="array_partition" parentfunction="load_params" dim="2" factor="1" mode="cyclic" dynamic="0" variable="weight2"/>
<pragma file="./../../inr_hw_lib/inr_hw_lib.h" line="383" pragmaType="array_partition" parentfunction="load_params" dim="1" factor="1" mode="cyclic" dynamic="0" variable="bias"/>
<pragma file="./../../inr_hw_lib/inr_hw_lib.h" line="381" pragmaType="array_partition" parentfunction="load_params" dim="1" factor="1" mode="cyclic" dynamic="0" variable="weight"/>
<pragma file="./../../inr_hw_lib/inr_hw_lib.h" line="382" pragmaType="array_partition" parentfunction="load_params" dim="2" factor="1" mode="cyclic" dynamic="0" variable="weight2"/>
<pragma file="./../../inr_hw_lib/inr_hw_lib.h" line="383" pragmaType="array_partition" parentfunction="load_params" dim="1" factor="1" mode="cyclic" dynamic="0" variable="bias"/>
<pragma file="/tools/software/xilinx/Vitis_HLS/2022.2/common/technology/autopilot/ap_fixed_base.h" line="0" pragmaType="inline" parentfunction="report" off="0" region="0" recursive="0"/>
<pragma file="/tools/software/xilinx/Vitis_HLS/2022.2/common/technology/autopilot/ap_common.h" line="0" pragmaType="inline" parentfunction="ssdm_int<32, true>::ssdm_int()" off="0" region="0" recursive="0"/>
<pragma file="/tools/software/xilinx/Vitis_HLS/2022.2/common/technology/autopilot/ap_int_base.h" line="0" pragmaType="inline" parentfunction="ap_int_base<12, true>& ap_int_base<12, true>::operator=<65, true>(ap_int_base<65, true> const&)" off="0" region="0" recursive="0"/>
<pragma file="/tools/software/xilinx/Vitis_HLS/2022.2/common/technology/autopilot/ap_fixed_base.h" line="0" pragmaType="inline" parentfunction="ap_fixed_base<32, 16, true, (ap_q_mode)5, (ap_o_mode)3, 0>& ap_fixed_base<32, 16, true, (ap_q_mode)5, (ap_o_mode)3, 0>::operator=<32, 32, true, (ap_q_mode)5, (ap_o_mode)3, 0>(ap_fixed_base<32, 32, true, (ap_q_mode)5, (ap_o_mode)3, 0> const&)" off="0" region="0" recursive="0"/>
<pragma file="/tools/software/xilinx/Vitis_HLS/2022.2/common/technology/autopilot/ap_int_base.h" line="0" pragmaType="inline" parentfunction="ap_int_base<54, true>& ap_int_base<54, true>::operator=<55, true>(ap_int_base<55, true> const&)" off="0" region="0" recursive="0"/>
<pragma file="/tools/software/xilinx/Vitis_HLS/2022.2/common/technology/autopilot/ap_common.h" line="0" pragmaType="inline" parentfunction="ssdm_int<54, true>::ssdm_int()" off="0" region="0" recursive="0"/>
<pragma file="/tools/software/xilinx/Vitis_HLS/2022.2/common/technology/autopilot/ap_fixed_base.h" line="0" pragmaType="inline" parentfunction="report" off="0" region="0" recursive="0"/>
<pragma file="/tools/software/xilinx/Vitis_HLS/2022.2/common/technology/autopilot/ap_fixed_base.h" line="0" pragmaType="inline" parentfunction="ap_fixed_base<34, 2, true, (ap_q_mode)5, (ap_o_mode)3, 0>& ap_fixed_base<34, 2, true, (ap_q_mode)5, (ap_o_mode)3, 0>::operator=<35, 3, true, (ap_q_mode)5, (ap_o_mode)3, 0>(ap_fixed_base<35, 3, true, (ap_q_mode)5, (ap_o_mode)3, 0> const&)" off="0" region="0" recursive="0"/>
<pragma file="/tools/software/xilinx/Vitis_HLS/2022.2/common/technology/autopilot/ap_fixed_base.h" line="0" pragmaType="inline" parentfunction="ap_fixed_base<64, 32, true, (ap_q_mode)5, (ap_o_mode)3, 0>& ap_fixed_base<64, 32, true, (ap_q_mode)5, (ap_o_mode)3, 0>::operator=<34, 2, true, (ap_q_mode)5, (ap_o_mode)3, 0>(ap_fixed_base<34, 2, true, (ap_q_mode)5, (ap_o_mode)3, 0> const&)" off="0" region="0" recursive="0"/>
<pragma file="/tools/software/xilinx/Vitis_HLS/2022.2/common/technology/autopilot/ap_fixed_base.h" line="0" pragmaType="inline" parentfunction="ap_fixed_base<65, 33, true, (ap_q_mode)5, (ap_o_mode)3, 0>& ap_fixed_base<65, 33, true, (ap_q_mode)5, (ap_o_mode)3, 0>::operator=<32, 32, true, (ap_q_mode)5, (ap_o_mode)3, 0>(ap_fixed_base<32, 32, true, (ap_q_mode)5, (ap_o_mode)3, 0> const&)" off="0" region="0" recursive="0"/>
<pragma file="/tools/software/xilinx/Vitis_HLS/2022.2/common/technology/autopilot/ap_common.h" line="0" pragmaType="inline" parentfunction="ssdm_int<65, true>::ssdm_int()" off="0" region="0" recursive="0"/>
<pragma file="/tools/software/xilinx/Vitis_HLS/2022.2/common/technology/autopilot/ap_fixed_base.h" line="0" pragmaType="inline" parentfunction="ap_fixed_base<32, 16, true, (ap_q_mode)5, (ap_o_mode)3, 0>& ap_fixed_base<32, 16, true, (ap_q_mode)5, (ap_o_mode)3, 0>::operator+=<64, 32, true, (ap_q_mode)5, (ap_o_mode)3, 0>(ap_fixed_base<64, 32, true, (ap_q_mode)5, (ap_o_mode)3, 0> const&)" off="0" region="0" recursive="0"/>
<pragma file="/tools/software/xilinx/Vitis_HLS/2022.2/common/technology/autopilot/ap_fixed_base.h" line="0" pragmaType="inline" parentfunction="ap_fixed_base<32, 16, true, (ap_q_mode)5, (ap_o_mode)3, 0>& ap_fixed_base<32, 16, true, (ap_q_mode)5, (ap_o_mode)3, 0>::operator+=<32, 16, true, (ap_q_mode)5, (ap_o_mode)3, 0>(ap_fixed_base<32, 16, true, (ap_q_mode)5, (ap_o_mode)3, 0> const&)" off="0" region="0" recursive="0"/>
<pragma file="/tools/software/xilinx/Vitis_HLS/2022.2/common/technology/autopilot/ap_fixed_base.h" line="0" pragmaType="inline" parentfunction="ap_fixed_base<32, 16, true, (ap_q_mode)5, (ap_o_mode)3, 0>& ap_fixed_base<32, 16, true, (ap_q_mode)5, (ap_o_mode)3, 0>::operator=<33, 17, true, (ap_q_mode)5, (ap_o_mode)3, 0>(ap_fixed_base<33, 17, true, (ap_q_mode)5, (ap_o_mode)3, 0> const&)" off="0" region="0" recursive="0"/>
<pragma file="/tools/software/xilinx/Vitis_HLS/2022.2/common/technology/autopilot/ap_fixed_base.h" line="0" pragmaType="inline" parentfunction="report" off="0" region="0" recursive="0"/>
<pragma file="/tools/software/xilinx/Vitis_HLS/2022.2/common/technology/autopilot/ap_fixed_base.h" line="0" pragmaType="inline" parentfunction="ap_fixed_base<33, 17, true, (ap_q_mode)5, (ap_o_mode)3, 0>& ap_fixed_base<33, 17, true, (ap_q_mode)5, (ap_o_mode)3, 0>::operator=<32, 32, true, (ap_q_mode)5, (ap_o_mode)3, 0>(ap_fixed_base<32, 32, true, (ap_q_mode)5, (ap_o_mode)3, 0> const&)" off="0" region="0" recursive="0"/>
<pragma file="/tools/software/xilinx/Vitis_HLS/2022.2/common/technology/autopilot/ap_fixed_base.h" line="0" pragmaType="inline" parentfunction="ap_fixed_base<32, 16, true, (ap_q_mode)5, (ap_o_mode)3, 0>& ap_fixed_base<32, 16, true, (ap_q_mode)5, (ap_o_mode)3, 0>::operator=<65, 33, true, (ap_q_mode)5, (ap_o_mode)3, 0>(ap_fixed_base<65, 33, true, (ap_q_mode)5, (ap_o_mode)3, 0> const&)" off="0" region="0" recursive="0"/>
<pragma file="/tools/software/xilinx/Vitis_HLS/2022.2/common/technology/autopilot/ap_fixed_base.h" line="0" pragmaType="inline" parentfunction="report" off="0" region="0" recursive="0"/>
<pragma file="/tools/software/xilinx/Vitis_HLS/2022.2/common/technology/autopilot/ap_fixed_base.h" line="0" pragmaType="inline" parentfunction="ap_fixed_base<66, 3, true, (ap_q_mode)5, (ap_o_mode)3, 0>& ap_fixed_base<66, 3, true, (ap_q_mode)5, (ap_o_mode)3, 0>::operator=<65, 1, false, (ap_q_mode)5, (ap_o_mode)3, 0>(ap_fixed_base<65, 1, false, (ap_q_mode)5, (ap_o_mode)3, 0> const&)" off="0" region="0" recursive="0"/>
<pragma file="/tools/software/xilinx/Vitis_HLS/2022.2/common/technology/autopilot/ap_fixed_base.h" line="0" pragmaType="inline" parentfunction="report" off="0" region="0" recursive="0"/>
<pragma file="/tools/software/xilinx/Vitis_HLS/2022.2/common/technology/autopilot/ap_fixed_base.h" line="0" pragmaType="inline" parentfunction="ap_fixed_base<66, 3, true, (ap_q_mode)5, (ap_o_mode)3, 0>& ap_fixed_base<66, 3, true, (ap_q_mode)5, (ap_o_mode)3, 0>::operator=<66, 2, true, (ap_q_mode)5, (ap_o_mode)3, 0>(ap_fixed_base<66, 2, true, (ap_q_mode)5, (ap_o_mode)3, 0> const&)" off="0" region="0" recursive="0"/>
<pragma file="/tools/software/xilinx/Vitis_HLS/2022.2/common/technology/autopilot/ap_common.h" line="0" pragmaType="inline" parentfunction="ssdm_int<65, false>::ssdm_int()" off="0" region="0" recursive="0"/>
<pragma file="/tools/software/xilinx/Vitis_HLS/2022.2/common/technology/autopilot/ap_fixed_base.h" line="0" pragmaType="inline" parentfunction="ap_fixed_base<64, 32, true, (ap_q_mode)5, (ap_o_mode)3, 0>& ap_fixed_base<64, 32, true, (ap_q_mode)5, (ap_o_mode)3, 0>::operator=<32, 32, true, (ap_q_mode)5, (ap_o_mode)3, 0>(ap_fixed_base<32, 32, true, (ap_q_mode)5, (ap_o_mode)3, 0> const&)" off="0" region="0" recursive="0"/>
<pragma file="/tools/software/xilinx/Vitis_HLS/2022.2/common/technology/autopilot/ap_fixed_base.h" line="0" pragmaType="inline" parentfunction="report" off="0" region="0" recursive="0"/>
<pragma file="/wrk/ci/prod/2022.2.2/hls_product/continuous/139/2022.2.2/src/shared/hls/clib/include/header_files/ap_common.h" line="0" pragmaType="inline" parentfunction="ssdm_int<128, false>::ssdm_int()" off="0" region="0" recursive="0"/>
<pragma file="/tools/software/xilinx/Vitis_HLS/2022.2/common/technology/autopilot/ap_fixed_base.h" line="0" pragmaType="inline" parentfunction="report" off="0" region="0" recursive="0"/>
<pragma file="/tools/software/xilinx/Vitis_HLS/2022.2/common/technology/autopilot/ap_fixed_base.h" line="0" pragmaType="inline" parentfunction="ap_fixed_base<67, 4, true, (ap_q_mode)5, (ap_o_mode)3, 0>& ap_fixed_base<67, 4, true, (ap_q_mode)5, (ap_o_mode)3, 0>::operator=<32, 32, true, (ap_q_mode)5, (ap_o_mode)3, 0>(ap_fixed_base<32, 32, true, (ap_q_mode)5, (ap_o_mode)3, 0> const&)" off="0" region="0" recursive="0"/>
<pragma file="/tools/software/xilinx/Vitis_HLS/2022.2/common/technology/autopilot/ap_fixed_base.h" line="0" pragmaType="inline" parentfunction="ap_fixed_base<34, 2, true, (ap_q_mode)5, (ap_o_mode)3, 0>& ap_fixed_base<34, 2, true, (ap_q_mode)5, (ap_o_mode)3, 0>::operator=<67, 4, true, (ap_q_mode)5, (ap_o_mode)3, 0>(ap_fixed_base<67, 4, true, (ap_q_mode)5, (ap_o_mode)3, 0> const&)" off="0" region="0" recursive="0"/>
<pragma file="/tools/software/xilinx/Vitis_HLS/2022.2/common/technology/autopilot/ap_common.h" line="0" pragmaType="inline" parentfunction="ssdm_int<67, true>::ssdm_int()" off="0" region="0" recursive="0"/>
<pragma file="/tools/software/xilinx/Vitis_HLS/2022.2/common/technology/autopilot/ap_fixed_base.h" line="0" pragmaType="inline" parentfunction="ap_fixed_base<66, 3, true, (ap_q_mode)5, (ap_o_mode)3, 0>& ap_fixed_base<66, 3, true, (ap_q_mode)5, (ap_o_mode)3, 0>::operator=<67, 4, true, (ap_q_mode)5, (ap_o_mode)3, 0>(ap_fixed_base<67, 4, true, (ap_q_mode)5, (ap_o_mode)3, 0> const&)" off="0" region="0" recursive="0"/>
<pragma file="/tools/software/xilinx/Vitis_HLS/2022.2/common/technology/autopilot/ap_common.h" line="0" pragmaType="inline" parentfunction="ssdm_int<64, false>::ssdm_int()" off="0" region="0" recursive="0"/>
<pragma file="/tools/software/xilinx/Vitis_HLS/2022.2/common/technology/autopilot/ap_common.h" line="0" pragmaType="inline" parentfunction="ssdm_int<66, true>::ssdm_int()" off="0" region="0" recursive="0"/>
<pragma file="/tools/software/xilinx/Vitis_HLS/2022.2/common/technology/autopilot/ap_common.h" line="0" pragmaType="inline" parentfunction="ssdm_int<1, false>::ssdm_int()" off="0" region="0" recursive="0"/>
<pragma file="/tools/software/xilinx/Vitis_HLS/2022.2/common/technology/autopilot/ap_fixed_base.h" line="0" pragmaType="inline" parentfunction="ap_fixed_base<99, 34, true, (ap_q_mode)5, (ap_o_mode)3, 0>& ap_fixed_base<99, 34, true, (ap_q_mode)5, (ap_o_mode)3, 0>::operator=<98, 33, false, (ap_q_mode)5, (ap_o_mode)3, 0>(ap_fixed_base<98, 33, false, (ap_q_mode)5, (ap_o_mode)3, 0> const&)" off="0" region="0" recursive="0"/>
<pragma file="/tools/software/xilinx/Vitis_HLS/2022.2/common/technology/autopilot/ap_fixed_base.h" line="0" pragmaType="inline" parentfunction="ap_fixed_base<65, 1, false, (ap_q_mode)5, (ap_o_mode)3, 0>& ap_fixed_base<65, 1, false, (ap_q_mode)5, (ap_o_mode)3, 0>::operator=<99, 34, true, (ap_q_mode)5, (ap_o_mode)3, 0>(ap_fixed_base<99, 34, true, (ap_q_mode)5, (ap_o_mode)3, 0> const&)" off="0" region="0" recursive="0"/>
<pragma file="/tools/software/xilinx/Vitis_HLS/2022.2/common/technology/autopilot/ap_fixed_base.h" line="0" pragmaType="inline" parentfunction="ap_fixed_base<99, 34, true, (ap_q_mode)5, (ap_o_mode)3, 0>& ap_fixed_base<99, 34, true, (ap_q_mode)5, (ap_o_mode)3, 0>::operator=<64, 32, false, (ap_q_mode)5, (ap_o_mode)3, 0>(ap_fixed_base<64, 32, false, (ap_q_mode)5, (ap_o_mode)3, 0> const&)" off="0" region="0" recursive="0"/>
<pragma file="/tools/software/xilinx/Vitis_HLS/2022.2/common/technology/autopilot/ap_fixed_base.h" line="0" pragmaType="inline" parentfunction="ap_fixed_base<99, 34, true, (ap_q_mode)5, (ap_o_mode)3, 0>& ap_fixed_base<99, 34, true, (ap_q_mode)5, (ap_o_mode)3, 0>::operator=<32, 32, true, (ap_q_mode)5, (ap_o_mode)3, 0>(ap_fixed_base<32, 32, true, (ap_q_mode)5, (ap_o_mode)3, 0> const&)" off="0" region="0" recursive="0"/>
<pragma file="/tools/software/xilinx/Vitis_HLS/2022.2/common/technology/autopilot/ap_fixed_base.h" line="0" pragmaType="inline" parentfunction="ap_fixed_base<32, 32, false, (ap_q_mode)5, (ap_o_mode)3, 0>& ap_fixed_base<32, 32, false, (ap_q_mode)5, (ap_o_mode)3, 0>::operator=<32, 32, false, (ap_q_mode)5, (ap_o_mode)3, 0>(ap_fixed_base<32, 32, false, (ap_q_mode)5, (ap_o_mode)3, 0> const&)" off="0" region="0" recursive="0"/>
<pragma file="/tools/software/xilinx/Vitis_HLS/2022.2/common/technology/autopilot/ap_fixed_base.h" line="0" pragmaType="inline" parentfunction="checkOverflowCsimFix" off="0" region="0" recursive="0"/>
<pragma file="/tools/software/xilinx/Vitis_HLS/2022.2/common/technology/autopilot/ap_fixed_base.h" line="0" pragmaType="inline" parentfunction="ap_fixed_base<32, 32, false, (ap_q_mode)5, (ap_o_mode)3, 0>& ap_fixed_base<32, 32, false, (ap_q_mode)5, (ap_o_mode)3, 0>::operator=<32, 32, true, (ap_q_mode)5, (ap_o_mode)3, 0>(ap_fixed_base<32, 32, true, (ap_q_mode)5, (ap_o_mode)3, 0> const&)" off="0" region="0" recursive="0"/>
<pragma file="/tools/software/xilinx/Vitis_HLS/2022.2/common/technology/autopilot/ap_common.h" line="0" pragmaType="inline" parentfunction="ssdm_int<66, false>::ssdm_int()" off="0" region="0" recursive="0"/>
<pragma file="/tools/software/xilinx/Vitis_HLS/2022.2/common/technology/autopilot/ap_fixed_base.h" line="0" pragmaType="inline" parentfunction="report" off="0" region="0" recursive="0"/>
<pragma file="/tools/software/xilinx/Vitis_HLS/2022.2/common/technology/autopilot/ap_common.h" line="0" pragmaType="inline" parentfunction="ssdm_int<97, false>::ssdm_int()" off="0" region="0" recursive="0"/>
<pragma file="/tools/software/xilinx/Vitis_HLS/2022.2/common/technology/autopilot/ap_fixed_base.h" line="0" pragmaType="inline" parentfunction="ap_fixed_base<64, 32, false, (ap_q_mode)5, (ap_o_mode)3, 0>& ap_fixed_base<64, 32, false, (ap_q_mode)5, (ap_o_mode)3, 0>::operator=<65, 33, true, (ap_q_mode)5, (ap_o_mode)3, 0>(ap_fixed_base<65, 33, true, (ap_q_mode)5, (ap_o_mode)3, 0> const&)" off="0" region="0" recursive="0"/>
<pragma file="/tools/software/xilinx/Vitis_HLS/2022.2/common/technology/autopilot/ap_common.h" line="0" pragmaType="inline" parentfunction="ssdm_int<2, false>::ssdm_int()" off="0" region="0" recursive="0"/>
<pragma file="/tools/software/xilinx/Vitis_HLS/2022.2/common/technology/autopilot/ap_int_base.h" line="0" pragmaType="inline" parentfunction="checkOverflowBaseC" off="0" region="0" recursive="0"/>
<pragma file="/tools/software/xilinx/Vitis_HLS/2022.2/common/technology/autopilot/ap_fixed_base.h" line="0" pragmaType="inline" parentfunction="report" off="0" region="0" recursive="0"/>
<pragma file="/tools/software/xilinx/Vitis_HLS/2022.2/common/technology/autopilot/ap_common.h" line="0" pragmaType="inline" parentfunction="ssdm_int<34, true>::ssdm_int()" off="0" region="0" recursive="0"/>
</pragmas>
