<profile>

<section name = "Vitis HLS Report for 'forward_1'" level="0">
<item name = "Date">Fri Jul  7 13:57:11 2023
</item>
<item name = "Version">2022.2.2 (Build 3779808 on Feb 17 2023)</item>
<item name = "Project">model_top_vitis_hls_project</item>
<item name = "Solution">solution1 (Vitis Kernel Flow Target)</item>
<item name = "Product family">zynquplus</item>
<item name = "Target device">xczu9eg-ffvb1156-2-e</item>
</section>

<section name = "Performance Estimates" level="0">
<item name = "Timing">
<section name = "" level="1">
<item name = "Summary"><table name="" hasTotal="0">
<keys size="4">Clock, Target, Estimated, Uncertainty</keys>
<column name="ap_clk">3.33 ns, 2.431 ns, 0.90 ns</column>
</table>
</item>
</section>
</item>
<item name = "Latency">
<section name = "" level="1">
<item name = "Summary"><table name="" hasTotal="0">
<keys size="8">, min, max, min, max, min, max, Type</keys>
<column name="">335, 335, 1.116 us, 1.116 us, 335, 335, no</column>
</table>
</item>
<item name = "Detail">
<section name = "" level="1">
<item name = "Instance"><table name="" hasTotal="0">
<keys size="9">Instance, Module, min, max, min, max, min, max, Type</keys>
</table>
</item>
<item name = "Loop"><table name="" hasTotal="0">
<keys size="8">Loop Name, min, max, Latency, achieved, target, Count, Pipelined</keys>
<column name="- VITIS_LOOP_490_1">333, 333, 79, 1, 1, 256, yes</column>
</table>
</item>
</section>
</item>
</section>
</item>
</section>

<section name = "Utilization Estimates" level="0">
<item name = "Summary"><table name="" hasTotal="1">
<keys size="6">Name, BRAM_18K, DSP, FF, LUT, URAM</keys>
<column name="DSP">-, -, -, -, -</column>
<column name="Expression">-, -, 0, 37659, -</column>
<column name="FIFO">-, -, -, -, -</column>
<column name="Instance">-, 33, 233, 143, -</column>
<column name="Memory">-, -, -, -, -</column>
<column name="Multiplexer">-, -, -, 65, -</column>
<column name="Register">-, -, 20398, 1888, -</column>
<specialColumn name="Available">1824, 2520, 548160, 274080, 0</specialColumn>
<specialColumn name="Utilization (%)">0, 1, 3, 14, 0</specialColumn>
</table>
</item>
<item name = "Detail">
<section name = "" level="1">
<item name = "Instance"><table name="" hasTotal="1">
<keys size="7">Instance, Module, BRAM_18K, DSP, FF, LUT, URAM</keys>
<column name="mul_32ns_65ns_66_3_1_U55">mul_32ns_65ns_66_3_1, 0, 7, 34, 47, 0</column>
<column name="mul_32s_32s_64_2_1_U53">mul_32s_32s_64_2_1, 0, 3, 165, 49, 0</column>
<column name="mul_64ns_98ns_161_3_1_U54">mul_64ns_98ns_161_3_1, 0, 23, 34, 47, 0</column>
</table>
</item>
<item name = "DSP"><table name="" hasTotal="0">
<keys size="3">Instance, Module, Expression</keys>
</table>
</item>
<item name = "Memory"><table name="" hasTotal="1">
<keys size="10">Memory, Module, BRAM_18K, FF, LUT, URAM, Words, Bits, Banks, W*Bits*Banks</keys>
</table>
</item>
<item name = "FIFO"><table name="" hasTotal="1">
<keys size="8">Name, BRAM_18K, FF, LUT, URAM, Depth, Bits, Size:D*B</keys>
</table>
</item>
<item name = "Expression"><table name="" hasTotal="1">
<keys size="7">Variable Name, Operation, DSP, FF, LUT, Bitwidth P0, Bitwidth P1</keys>
<column name="add_ln490_fu_766_p2">+, 0, 0, 16, 9, 1</column>
<column name="add_ln53_100_fu_4956_p2">+, 0, 0, 66, 66, 13</column>
<column name="add_ln53_102_fu_4991_p2">+, 0, 0, 66, 66, 12</column>
<column name="add_ln53_104_fu_5086_p2">+, 0, 0, 66, 66, 11</column>
<column name="add_ln53_106_fu_5121_p2">+, 0, 0, 66, 66, 10</column>
<column name="add_ln53_108_fu_5216_p2">+, 0, 0, 66, 66, 9</column>
<column name="add_ln53_10_fu_1501_p2">+, 0, 0, 66, 66, 58</column>
<column name="add_ln53_110_fu_5310_p2">+, 0, 0, 66, 66, 8</column>
<column name="add_ln53_112_fu_5404_p2">+, 0, 0, 66, 66, 7</column>
<column name="add_ln53_114_fu_5498_p2">+, 0, 0, 66, 66, 6</column>
<column name="add_ln53_116_fu_5533_p2">+, 0, 0, 66, 66, 5</column>
<column name="add_ln53_118_fu_5628_p2">+, 0, 0, 66, 66, 4</column>
<column name="add_ln53_120_fu_5722_p2">+, 0, 0, 66, 66, 3</column>
<column name="add_ln53_122_fu_5757_p2">+, 0, 0, 66, 66, 2</column>
<column name="add_ln53_12_fu_1598_p2">+, 0, 0, 66, 66, 57</column>
<column name="add_ln53_14_fu_1667_p2">+, 0, 0, 66, 66, 56</column>
<column name="add_ln53_16_fu_1762_p2">+, 0, 0, 66, 66, 55</column>
<column name="add_ln53_18_fu_1797_p2">+, 0, 0, 66, 66, 54</column>
<column name="add_ln53_20_fu_1892_p2">+, 0, 0, 66, 66, 53</column>
<column name="add_ln53_22_fu_1986_p2">+, 0, 0, 66, 66, 52</column>
<column name="add_ln53_24_fu_2080_p2">+, 0, 0, 66, 66, 51</column>
<column name="add_ln53_26_fu_2174_p2">+, 0, 0, 66, 66, 50</column>
<column name="add_ln53_28_fu_2268_p2">+, 0, 0, 66, 66, 49</column>
<column name="add_ln53_2_fu_1142_p2">+, 0, 0, 66, 66, 62</column>
<column name="add_ln53_30_fu_2362_p2">+, 0, 0, 66, 66, 48</column>
<column name="add_ln53_32_fu_2456_p2">+, 0, 0, 66, 66, 47</column>
<column name="add_ln53_34_fu_2550_p2">+, 0, 0, 66, 66, 46</column>
<column name="add_ln53_36_fu_2644_p2">+, 0, 0, 66, 66, 45</column>
<column name="add_ln53_38_fu_2738_p2">+, 0, 0, 66, 66, 44</column>
<column name="add_ln53_40_fu_2832_p2">+, 0, 0, 66, 66, 43</column>
<column name="add_ln53_42_fu_2926_p2">+, 0, 0, 66, 66, 42</column>
<column name="add_ln53_44_fu_3020_p2">+, 0, 0, 66, 66, 41</column>
<column name="add_ln53_46_fu_3055_p2">+, 0, 0, 66, 66, 40</column>
<column name="add_ln53_48_fu_3150_p2">+, 0, 0, 66, 66, 39</column>
<column name="add_ln53_4_fu_1243_p2">+, 0, 0, 66, 66, 61</column>
<column name="add_ln53_50_fu_3185_p2">+, 0, 0, 66, 66, 38</column>
<column name="add_ln53_52_fu_3280_p2">+, 0, 0, 66, 66, 37</column>
<column name="add_ln53_54_fu_3315_p2">+, 0, 0, 66, 66, 36</column>
<column name="add_ln53_56_fu_3410_p2">+, 0, 0, 66, 66, 35</column>
<column name="add_ln53_58_fu_3445_p2">+, 0, 0, 66, 66, 34</column>
<column name="add_ln53_60_fu_3540_p2">+, 0, 0, 66, 66, 33</column>
<column name="add_ln53_62_fu_3634_p2">+, 0, 0, 66, 66, 32</column>
<column name="add_ln53_64_fu_3728_p2">+, 0, 0, 66, 66, 31</column>
<column name="add_ln53_66_fu_3822_p2">+, 0, 0, 66, 66, 30</column>
<column name="add_ln53_68_fu_3916_p2">+, 0, 0, 66, 66, 29</column>
<column name="add_ln53_6_fu_1339_p2">+, 0, 0, 66, 66, 60</column>
<column name="add_ln53_70_fu_3951_p2">+, 0, 0, 66, 66, 28</column>
<column name="add_ln53_72_fu_4046_p2">+, 0, 0, 66, 66, 27</column>
<column name="add_ln53_74_fu_4081_p2">+, 0, 0, 66, 66, 26</column>
<column name="add_ln53_76_fu_4176_p2">+, 0, 0, 66, 66, 25</column>
<column name="add_ln53_78_fu_4211_p2">+, 0, 0, 66, 66, 24</column>
<column name="add_ln53_80_fu_4306_p2">+, 0, 0, 66, 66, 23</column>
<column name="add_ln53_82_fu_4341_p2">+, 0, 0, 66, 66, 22</column>
<column name="add_ln53_84_fu_4436_p2">+, 0, 0, 66, 66, 21</column>
<column name="add_ln53_86_fu_4471_p2">+, 0, 0, 66, 66, 20</column>
<column name="add_ln53_88_fu_4566_p2">+, 0, 0, 66, 66, 19</column>
<column name="add_ln53_8_fu_1440_p2">+, 0, 0, 66, 66, 59</column>
<column name="add_ln53_90_fu_4601_p2">+, 0, 0, 66, 66, 18</column>
<column name="add_ln53_92_fu_4696_p2">+, 0, 0, 66, 66, 17</column>
<column name="add_ln53_94_fu_4731_p2">+, 0, 0, 66, 66, 16</column>
<column name="add_ln53_96_fu_4826_p2">+, 0, 0, 66, 66, 15</column>
<column name="add_ln53_98_fu_4861_p2">+, 0, 0, 66, 66, 14</column>
<column name="add_ln53_fu_998_p2">+, 0, 0, 66, 66, 63</column>
<column name="add_ln813_100_fu_6203_p2">+, 0, 0, 72, 65, 65</column>
<column name="add_ln813_101_fu_6218_p2">+, 0, 0, 73, 66, 66</column>
<column name="add_ln813_102_fu_6263_p2">+, 0, 0, 72, 65, 65</column>
<column name="add_ln813_103_fu_6278_p2">+, 0, 0, 73, 66, 66</column>
<column name="add_ln813_104_fu_6323_p2">+, 0, 0, 72, 65, 65</column>
<column name="add_ln813_105_fu_6338_p2">+, 0, 0, 73, 66, 66</column>
<column name="add_ln813_106_fu_6383_p2">+, 0, 0, 72, 65, 65</column>
<column name="add_ln813_107_fu_6398_p2">+, 0, 0, 73, 66, 66</column>
<column name="add_ln813_108_fu_6443_p2">+, 0, 0, 72, 65, 65</column>
<column name="add_ln813_109_fu_6458_p2">+, 0, 0, 73, 66, 66</column>
<column name="add_ln813_10_fu_1571_p2">+, 0, 0, 72, 65, 65</column>
<column name="add_ln813_110_fu_6503_p2">+, 0, 0, 72, 65, 65</column>
<column name="add_ln813_111_fu_6518_p2">+, 0, 0, 73, 66, 66</column>
<column name="add_ln813_112_fu_6563_p2">+, 0, 0, 72, 65, 65</column>
<column name="add_ln813_113_fu_6578_p2">+, 0, 0, 73, 66, 66</column>
<column name="add_ln813_114_fu_6623_p2">+, 0, 0, 72, 65, 65</column>
<column name="add_ln813_115_fu_6638_p2">+, 0, 0, 73, 66, 66</column>
<column name="add_ln813_116_fu_6683_p2">+, 0, 0, 72, 65, 65</column>
<column name="add_ln813_117_fu_6698_p2">+, 0, 0, 73, 66, 66</column>
<column name="add_ln813_118_fu_6743_p2">+, 0, 0, 72, 65, 65</column>
<column name="add_ln813_119_fu_6758_p2">+, 0, 0, 73, 66, 66</column>
<column name="add_ln813_11_fu_1586_p2">+, 0, 0, 73, 66, 66</column>
<column name="add_ln813_120_fu_6803_p2">+, 0, 0, 72, 65, 65</column>
<column name="add_ln813_121_fu_6818_p2">+, 0, 0, 73, 66, 66</column>
<column name="add_ln813_122_fu_6867_p2">+, 0, 0, 72, 65, 65</column>
<column name="add_ln813_123_fu_6911_p2">+, 0, 0, 72, 65, 65</column>
<column name="add_ln813_125_fu_6977_p2">+, 0, 0, 65, 65, 65</column>
<column name="add_ln813_126_fu_7024_p2">+, 0, 0, 72, 65, 65</column>
<column name="add_ln813_12_fu_1701_p2">+, 0, 0, 72, 65, 65</column>
<column name="add_ln813_13_fu_1716_p2">+, 0, 0, 73, 66, 66</column>
<column name="add_ln813_14_fu_1831_p2">+, 0, 0, 72, 65, 65</column>
<column name="add_ln813_15_fu_1846_p2">+, 0, 0, 73, 66, 66</column>
<column name="add_ln813_16_fu_1925_p2">+, 0, 0, 72, 65, 65</column>
<column name="add_ln813_17_fu_1940_p2">+, 0, 0, 73, 66, 66</column>
<column name="add_ln813_18_fu_2019_p2">+, 0, 0, 72, 65, 65</column>
<column name="add_ln813_19_fu_2034_p2">+, 0, 0, 73, 66, 66</column>
<column name="add_ln813_1_fu_1085_p2">+, 0, 0, 72, 65, 65</column>
<column name="add_ln813_20_fu_2113_p2">+, 0, 0, 72, 65, 65</column>
<column name="add_ln813_21_fu_2128_p2">+, 0, 0, 73, 66, 66</column>
<column name="add_ln813_22_fu_2207_p2">+, 0, 0, 72, 65, 65</column>
<column name="add_ln813_23_fu_2222_p2">+, 0, 0, 73, 66, 66</column>
<column name="add_ln813_24_fu_2301_p2">+, 0, 0, 72, 65, 65</column>
<column name="add_ln813_25_fu_2316_p2">+, 0, 0, 73, 66, 66</column>
<column name="add_ln813_26_fu_2395_p2">+, 0, 0, 72, 65, 65</column>
<column name="add_ln813_27_fu_2410_p2">+, 0, 0, 73, 66, 66</column>
<column name="add_ln813_28_fu_2489_p2">+, 0, 0, 72, 65, 65</column>
<column name="add_ln813_29_fu_2504_p2">+, 0, 0, 73, 66, 66</column>
<column name="add_ln813_2_fu_1170_p2">+, 0, 0, 72, 65, 65</column>
<column name="add_ln813_30_fu_2583_p2">+, 0, 0, 72, 65, 65</column>
<column name="add_ln813_31_fu_2598_p2">+, 0, 0, 73, 66, 66</column>
<column name="add_ln813_32_fu_2677_p2">+, 0, 0, 72, 65, 65</column>
<column name="add_ln813_33_fu_2692_p2">+, 0, 0, 73, 66, 66</column>
<column name="add_ln813_34_fu_2771_p2">+, 0, 0, 72, 65, 65</column>
<column name="add_ln813_35_fu_2786_p2">+, 0, 0, 73, 66, 66</column>
<column name="add_ln813_36_fu_2865_p2">+, 0, 0, 72, 65, 65</column>
<column name="add_ln813_37_fu_2880_p2">+, 0, 0, 73, 66, 66</column>
<column name="add_ln813_38_fu_2959_p2">+, 0, 0, 72, 65, 65</column>
<column name="add_ln813_39_fu_2974_p2">+, 0, 0, 73, 66, 66</column>
<column name="add_ln813_3_fu_1187_p2">+, 0, 0, 72, 65, 65</column>
<column name="add_ln813_40_fu_3089_p2">+, 0, 0, 72, 65, 65</column>
<column name="add_ln813_41_fu_3104_p2">+, 0, 0, 73, 66, 66</column>
<column name="add_ln813_42_fu_3219_p2">+, 0, 0, 72, 65, 65</column>
<column name="add_ln813_43_fu_3234_p2">+, 0, 0, 73, 66, 66</column>
<column name="add_ln813_44_fu_3349_p2">+, 0, 0, 72, 65, 65</column>
<column name="add_ln813_45_fu_3364_p2">+, 0, 0, 73, 66, 66</column>
<column name="add_ln813_46_fu_3479_p2">+, 0, 0, 72, 65, 65</column>
<column name="add_ln813_47_fu_3494_p2">+, 0, 0, 73, 66, 66</column>
<column name="add_ln813_48_fu_3573_p2">+, 0, 0, 72, 65, 65</column>
<column name="add_ln813_49_fu_3588_p2">+, 0, 0, 73, 66, 66</column>
<column name="add_ln813_4_fu_1268_p2">+, 0, 0, 72, 65, 65</column>
<column name="add_ln813_50_fu_3667_p2">+, 0, 0, 72, 65, 65</column>
<column name="add_ln813_51_fu_3682_p2">+, 0, 0, 73, 66, 66</column>
<column name="add_ln813_52_fu_3761_p2">+, 0, 0, 72, 65, 65</column>
<column name="add_ln813_53_fu_3776_p2">+, 0, 0, 73, 66, 66</column>
<column name="add_ln813_54_fu_3855_p2">+, 0, 0, 72, 65, 65</column>
<column name="add_ln813_55_fu_3870_p2">+, 0, 0, 73, 66, 66</column>
<column name="add_ln813_56_fu_3985_p2">+, 0, 0, 72, 65, 65</column>
<column name="add_ln813_57_fu_4000_p2">+, 0, 0, 73, 66, 66</column>
<column name="add_ln813_58_fu_4115_p2">+, 0, 0, 72, 65, 65</column>
<column name="add_ln813_59_fu_4130_p2">+, 0, 0, 73, 66, 66</column>
<column name="add_ln813_5_fu_1283_p2">+, 0, 0, 72, 65, 65</column>
<column name="add_ln813_60_fu_4245_p2">+, 0, 0, 72, 65, 65</column>
<column name="add_ln813_61_fu_4260_p2">+, 0, 0, 73, 66, 66</column>
<column name="add_ln813_62_fu_4375_p2">+, 0, 0, 72, 65, 65</column>
<column name="add_ln813_63_fu_4390_p2">+, 0, 0, 73, 66, 66</column>
<column name="add_ln813_64_fu_4505_p2">+, 0, 0, 72, 65, 65</column>
<column name="add_ln813_65_fu_4520_p2">+, 0, 0, 73, 66, 66</column>
<column name="add_ln813_66_fu_4635_p2">+, 0, 0, 72, 65, 65</column>
<column name="add_ln813_67_fu_4650_p2">+, 0, 0, 73, 66, 66</column>
<column name="add_ln813_68_fu_4765_p2">+, 0, 0, 72, 65, 65</column>
<column name="add_ln813_69_fu_4780_p2">+, 0, 0, 73, 66, 66</column>
<column name="add_ln813_6_fu_1367_p2">+, 0, 0, 72, 65, 65</column>
<column name="add_ln813_70_fu_4895_p2">+, 0, 0, 72, 65, 65</column>
<column name="add_ln813_71_fu_4910_p2">+, 0, 0, 73, 66, 66</column>
<column name="add_ln813_72_fu_5025_p2">+, 0, 0, 72, 65, 65</column>
<column name="add_ln813_73_fu_5040_p2">+, 0, 0, 73, 66, 66</column>
<column name="add_ln813_74_fu_5155_p2">+, 0, 0, 72, 65, 65</column>
<column name="add_ln813_75_fu_5170_p2">+, 0, 0, 73, 66, 66</column>
<column name="add_ln813_76_fu_5249_p2">+, 0, 0, 72, 65, 65</column>
<column name="add_ln813_77_fu_5264_p2">+, 0, 0, 73, 66, 66</column>
<column name="add_ln813_78_fu_5343_p2">+, 0, 0, 72, 65, 65</column>
<column name="add_ln813_79_fu_5358_p2">+, 0, 0, 73, 66, 66</column>
<column name="add_ln813_7_fu_1383_p2">+, 0, 0, 73, 66, 66</column>
<column name="add_ln813_80_fu_5437_p2">+, 0, 0, 72, 65, 65</column>
<column name="add_ln813_81_fu_5452_p2">+, 0, 0, 73, 66, 66</column>
<column name="add_ln813_82_fu_5567_p2">+, 0, 0, 72, 65, 65</column>
<column name="add_ln813_83_fu_5582_p2">+, 0, 0, 73, 66, 66</column>
<column name="add_ln813_84_fu_5661_p2">+, 0, 0, 72, 65, 65</column>
<column name="add_ln813_85_fu_5676_p2">+, 0, 0, 73, 66, 66</column>
<column name="add_ln813_86_fu_5783_p2">+, 0, 0, 72, 65, 65</column>
<column name="add_ln813_87_fu_5798_p2">+, 0, 0, 73, 66, 66</column>
<column name="add_ln813_88_fu_5843_p2">+, 0, 0, 72, 65, 65</column>
<column name="add_ln813_89_fu_5858_p2">+, 0, 0, 73, 66, 66</column>
<column name="add_ln813_8_fu_1465_p2">+, 0, 0, 72, 65, 65</column>
<column name="add_ln813_90_fu_5903_p2">+, 0, 0, 72, 65, 65</column>
<column name="add_ln813_91_fu_5918_p2">+, 0, 0, 73, 66, 66</column>
<column name="add_ln813_92_fu_5963_p2">+, 0, 0, 72, 65, 65</column>
<column name="add_ln813_93_fu_5978_p2">+, 0, 0, 73, 66, 66</column>
<column name="add_ln813_94_fu_6023_p2">+, 0, 0, 72, 65, 65</column>
<column name="add_ln813_95_fu_6038_p2">+, 0, 0, 73, 66, 66</column>
<column name="add_ln813_96_fu_6083_p2">+, 0, 0, 72, 65, 65</column>
<column name="add_ln813_97_fu_6098_p2">+, 0, 0, 73, 66, 66</column>
<column name="add_ln813_98_fu_6143_p2">+, 0, 0, 72, 65, 65</column>
<column name="add_ln813_99_fu_6158_p2">+, 0, 0, 73, 66, 66</column>
<column name="add_ln813_9_fu_1480_p2">+, 0, 0, 73, 66, 66</column>
<column name="add_ln813_fu_1067_p2">+, 0, 0, 71, 64, 64</column>
<column name="add_ln83_fu_6936_p2">+, 0, 0, 65, 65, 65</column>
<column name="ret_V_fu_872_p2">+, 0, 0, 73, 66, 66</column>
<column name="tz_10_fu_1803_p2">+, 0, 0, 66, 66, 66</column>
<column name="tz_11_fu_1897_p2">+, 0, 0, 66, 66, 66</column>
<column name="tz_12_fu_1991_p2">+, 0, 0, 66, 66, 66</column>
<column name="tz_13_fu_2085_p2">+, 0, 0, 66, 66, 66</column>
<column name="tz_14_fu_2179_p2">+, 0, 0, 66, 66, 66</column>
<column name="tz_15_fu_2273_p2">+, 0, 0, 66, 66, 66</column>
<column name="tz_16_fu_2367_p2">+, 0, 0, 66, 66, 66</column>
<column name="tz_17_fu_2461_p2">+, 0, 0, 66, 66, 66</column>
<column name="tz_18_fu_2555_p2">+, 0, 0, 66, 66, 66</column>
<column name="tz_19_fu_2649_p2">+, 0, 0, 66, 66, 66</column>
<column name="tz_1_fu_1003_p2">+, 0, 0, 66, 66, 66</column>
<column name="tz_20_fu_2743_p2">+, 0, 0, 66, 66, 66</column>
<column name="tz_21_fu_2837_p2">+, 0, 0, 66, 66, 66</column>
<column name="tz_22_fu_2931_p2">+, 0, 0, 66, 66, 66</column>
<column name="tz_23_fu_3025_p2">+, 0, 0, 66, 66, 66</column>
<column name="tz_24_fu_3061_p2">+, 0, 0, 66, 66, 66</column>
<column name="tz_25_fu_3155_p2">+, 0, 0, 66, 66, 66</column>
<column name="tz_26_fu_3191_p2">+, 0, 0, 66, 66, 66</column>
<column name="tz_27_fu_3285_p2">+, 0, 0, 66, 66, 66</column>
<column name="tz_28_fu_3321_p2">+, 0, 0, 66, 66, 66</column>
<column name="tz_29_fu_3415_p2">+, 0, 0, 66, 66, 66</column>
<column name="tz_2_fu_1147_p2">+, 0, 0, 66, 66, 66</column>
<column name="tz_30_fu_3451_p2">+, 0, 0, 66, 66, 66</column>
<column name="tz_31_fu_3545_p2">+, 0, 0, 66, 66, 66</column>
<column name="tz_32_fu_3639_p2">+, 0, 0, 66, 66, 66</column>
<column name="tz_33_fu_3733_p2">+, 0, 0, 66, 66, 66</column>
<column name="tz_34_fu_3827_p2">+, 0, 0, 66, 66, 66</column>
<column name="tz_35_fu_3921_p2">+, 0, 0, 66, 66, 66</column>
<column name="tz_36_fu_3957_p2">+, 0, 0, 66, 66, 66</column>
<column name="tz_37_fu_4051_p2">+, 0, 0, 66, 66, 66</column>
<column name="tz_38_fu_4087_p2">+, 0, 0, 66, 66, 66</column>
<column name="tz_39_fu_4181_p2">+, 0, 0, 66, 66, 66</column>
<column name="tz_3_fu_1248_p2">+, 0, 0, 66, 66, 66</column>
<column name="tz_40_fu_4217_p2">+, 0, 0, 66, 66, 66</column>
<column name="tz_41_fu_4311_p2">+, 0, 0, 66, 66, 66</column>
<column name="tz_42_fu_4347_p2">+, 0, 0, 66, 66, 66</column>
<column name="tz_43_fu_4441_p2">+, 0, 0, 66, 66, 66</column>
<column name="tz_44_fu_4477_p2">+, 0, 0, 66, 66, 66</column>
<column name="tz_45_fu_4571_p2">+, 0, 0, 66, 66, 66</column>
<column name="tz_46_fu_4607_p2">+, 0, 0, 66, 66, 66</column>
<column name="tz_47_fu_4701_p2">+, 0, 0, 66, 66, 66</column>
<column name="tz_48_fu_4737_p2">+, 0, 0, 66, 66, 66</column>
<column name="tz_49_fu_4831_p2">+, 0, 0, 66, 66, 66</column>
<column name="tz_4_fu_1344_p2">+, 0, 0, 66, 66, 66</column>
<column name="tz_50_fu_4867_p2">+, 0, 0, 66, 66, 66</column>
<column name="tz_51_fu_4961_p2">+, 0, 0, 66, 66, 66</column>
<column name="tz_52_fu_4997_p2">+, 0, 0, 66, 66, 66</column>
<column name="tz_53_fu_5091_p2">+, 0, 0, 66, 66, 66</column>
<column name="tz_54_fu_5127_p2">+, 0, 0, 66, 66, 66</column>
<column name="tz_55_fu_5221_p2">+, 0, 0, 66, 66, 66</column>
<column name="tz_56_fu_5315_p2">+, 0, 0, 66, 66, 66</column>
<column name="tz_57_fu_5409_p2">+, 0, 0, 66, 66, 66</column>
<column name="tz_58_fu_5503_p2">+, 0, 0, 66, 66, 66</column>
<column name="tz_59_fu_5539_p2">+, 0, 0, 66, 66, 66</column>
<column name="tz_5_fu_1445_p2">+, 0, 0, 66, 66, 66</column>
<column name="tz_60_fu_5633_p2">+, 0, 0, 66, 66, 66</column>
<column name="tz_61_fu_5727_p2">+, 0, 0, 66, 66, 66</column>
<column name="tz_62_fu_5763_p2">+, 0, 0, 66, 66, 66</column>
<column name="tz_6_fu_1507_p2">+, 0, 0, 66, 66, 66</column>
<column name="tz_7_fu_1603_p2">+, 0, 0, 66, 66, 66</column>
<column name="tz_8_fu_1673_p2">+, 0, 0, 66, 66, 66</column>
<column name="tz_9_fu_1767_p2">+, 0, 0, 66, 66, 66</column>
<column name="tz_fu_941_p2">+, 0, 0, 73, 66, 66</column>
<column name="y_V_fu_6931_p2">+, 0, 0, 73, 66, 66</column>
<column name="outsin_V_4_fu_7095_p2">-, 0, 0, 41, 1, 34</column>
<column name="ret_V_1_fu_905_p2">-, 0, 0, 73, 65, 66</column>
<column name="sub_ln274_fu_7046_p2">-, 0, 0, 72, 1, 65</column>
<column name="sub_ln813_100_fu_6153_p2">-, 0, 0, 72, 65, 65</column>
<column name="sub_ln813_101_fu_6208_p2">-, 0, 0, 73, 66, 66</column>
<column name="sub_ln813_102_fu_6213_p2">-, 0, 0, 72, 65, 65</column>
<column name="sub_ln813_103_fu_6268_p2">-, 0, 0, 73, 66, 66</column>
<column name="sub_ln813_104_fu_6273_p2">-, 0, 0, 72, 65, 65</column>
<column name="sub_ln813_105_fu_6328_p2">-, 0, 0, 73, 66, 66</column>
<column name="sub_ln813_106_fu_6333_p2">-, 0, 0, 72, 65, 65</column>
<column name="sub_ln813_107_fu_6388_p2">-, 0, 0, 73, 66, 66</column>
<column name="sub_ln813_108_fu_6393_p2">-, 0, 0, 72, 65, 65</column>
<column name="sub_ln813_109_fu_6448_p2">-, 0, 0, 73, 66, 66</column>
<column name="sub_ln813_10_fu_1475_p2">-, 0, 0, 72, 65, 65</column>
<column name="sub_ln813_110_fu_6453_p2">-, 0, 0, 72, 65, 65</column>
<column name="sub_ln813_111_fu_6508_p2">-, 0, 0, 73, 66, 66</column>
<column name="sub_ln813_112_fu_6513_p2">-, 0, 0, 72, 65, 65</column>
<column name="sub_ln813_113_fu_6568_p2">-, 0, 0, 73, 66, 66</column>
<column name="sub_ln813_114_fu_6573_p2">-, 0, 0, 72, 65, 65</column>
<column name="sub_ln813_115_fu_6628_p2">-, 0, 0, 73, 66, 66</column>
<column name="sub_ln813_116_fu_6633_p2">-, 0, 0, 72, 65, 65</column>
<column name="sub_ln813_117_fu_6688_p2">-, 0, 0, 73, 66, 66</column>
<column name="sub_ln813_118_fu_6693_p2">-, 0, 0, 72, 65, 65</column>
<column name="sub_ln813_119_fu_6748_p2">-, 0, 0, 73, 66, 66</column>
<column name="sub_ln813_11_fu_1576_p2">-, 0, 0, 73, 66, 66</column>
<column name="sub_ln813_120_fu_6753_p2">-, 0, 0, 72, 65, 65</column>
<column name="sub_ln813_121_fu_6808_p2">-, 0, 0, 73, 66, 66</column>
<column name="sub_ln813_122_fu_6813_p2">-, 0, 0, 72, 65, 65</column>
<column name="sub_ln813_123_fu_6872_p2">-, 0, 0, 73, 66, 66</column>
<column name="sub_ln813_124_fu_6917_p2">-, 0, 0, 72, 65, 65</column>
<column name="sub_ln813_126_fu_6971_p2">-, 0, 0, 72, 65, 65</column>
<column name="sub_ln813_127_fu_7019_p2">-, 0, 0, 72, 65, 65</column>
<column name="sub_ln813_12_fu_1581_p2">-, 0, 0, 72, 65, 65</column>
<column name="sub_ln813_13_fu_1706_p2">-, 0, 0, 73, 66, 66</column>
<column name="sub_ln813_14_fu_1711_p2">-, 0, 0, 72, 65, 65</column>
<column name="sub_ln813_15_fu_1836_p2">-, 0, 0, 73, 66, 66</column>
<column name="sub_ln813_16_fu_1841_p2">-, 0, 0, 72, 65, 65</column>
<column name="sub_ln813_17_fu_1930_p2">-, 0, 0, 73, 66, 66</column>
<column name="sub_ln813_18_fu_1935_p2">-, 0, 0, 72, 65, 65</column>
<column name="sub_ln813_19_fu_2024_p2">-, 0, 0, 73, 66, 66</column>
<column name="sub_ln813_1_fu_1073_p2">-, 0, 0, 72, 65, 65</column>
<column name="sub_ln813_20_fu_2029_p2">-, 0, 0, 72, 65, 65</column>
<column name="sub_ln813_21_fu_2118_p2">-, 0, 0, 73, 66, 66</column>
<column name="sub_ln813_22_fu_2123_p2">-, 0, 0, 72, 65, 65</column>
<column name="sub_ln813_23_fu_2212_p2">-, 0, 0, 73, 66, 66</column>
<column name="sub_ln813_24_fu_2217_p2">-, 0, 0, 72, 65, 65</column>
<column name="sub_ln813_25_fu_2306_p2">-, 0, 0, 73, 66, 66</column>
<column name="sub_ln813_26_fu_2311_p2">-, 0, 0, 72, 65, 65</column>
<column name="sub_ln813_27_fu_2400_p2">-, 0, 0, 73, 66, 66</column>
<column name="sub_ln813_28_fu_2405_p2">-, 0, 0, 72, 65, 65</column>
<column name="sub_ln813_29_fu_2494_p2">-, 0, 0, 73, 66, 66</column>
<column name="sub_ln813_2_fu_1079_p2">-, 0, 0, 71, 64, 64</column>
<column name="sub_ln813_30_fu_2499_p2">-, 0, 0, 72, 65, 65</column>
<column name="sub_ln813_31_fu_2588_p2">-, 0, 0, 73, 66, 66</column>
<column name="sub_ln813_32_fu_2593_p2">-, 0, 0, 72, 65, 65</column>
<column name="sub_ln813_33_fu_2682_p2">-, 0, 0, 73, 66, 66</column>
<column name="sub_ln813_34_fu_2687_p2">-, 0, 0, 72, 65, 65</column>
<column name="sub_ln813_35_fu_2776_p2">-, 0, 0, 73, 66, 66</column>
<column name="sub_ln813_36_fu_2781_p2">-, 0, 0, 72, 65, 65</column>
<column name="sub_ln813_37_fu_2870_p2">-, 0, 0, 73, 66, 66</column>
<column name="sub_ln813_38_fu_2875_p2">-, 0, 0, 72, 65, 65</column>
<column name="sub_ln813_39_fu_2964_p2">-, 0, 0, 73, 66, 66</column>
<column name="sub_ln813_3_fu_1176_p2">-, 0, 0, 72, 65, 65</column>
<column name="sub_ln813_40_fu_2969_p2">-, 0, 0, 72, 65, 65</column>
<column name="sub_ln813_41_fu_3094_p2">-, 0, 0, 73, 66, 66</column>
<column name="sub_ln813_42_fu_3099_p2">-, 0, 0, 72, 65, 65</column>
<column name="sub_ln813_43_fu_3224_p2">-, 0, 0, 73, 66, 66</column>
<column name="sub_ln813_44_fu_3229_p2">-, 0, 0, 72, 65, 65</column>
<column name="sub_ln813_45_fu_3354_p2">-, 0, 0, 73, 66, 66</column>
<column name="sub_ln813_46_fu_3359_p2">-, 0, 0, 72, 65, 65</column>
<column name="sub_ln813_47_fu_3484_p2">-, 0, 0, 73, 66, 66</column>
<column name="sub_ln813_48_fu_3489_p2">-, 0, 0, 72, 65, 65</column>
<column name="sub_ln813_49_fu_3578_p2">-, 0, 0, 73, 66, 66</column>
<column name="sub_ln813_4_fu_1181_p2">-, 0, 0, 72, 65, 65</column>
<column name="sub_ln813_50_fu_3583_p2">-, 0, 0, 72, 65, 65</column>
<column name="sub_ln813_51_fu_3672_p2">-, 0, 0, 73, 66, 66</column>
<column name="sub_ln813_52_fu_3677_p2">-, 0, 0, 72, 65, 65</column>
<column name="sub_ln813_53_fu_3766_p2">-, 0, 0, 73, 66, 66</column>
<column name="sub_ln813_54_fu_3771_p2">-, 0, 0, 72, 65, 65</column>
<column name="sub_ln813_55_fu_3860_p2">-, 0, 0, 73, 66, 66</column>
<column name="sub_ln813_56_fu_3865_p2">-, 0, 0, 72, 65, 65</column>
<column name="sub_ln813_57_fu_3990_p2">-, 0, 0, 73, 66, 66</column>
<column name="sub_ln813_58_fu_3995_p2">-, 0, 0, 72, 65, 65</column>
<column name="sub_ln813_59_fu_4120_p2">-, 0, 0, 73, 66, 66</column>
<column name="sub_ln813_5_fu_1273_p2">-, 0, 0, 72, 65, 65</column>
<column name="sub_ln813_60_fu_4125_p2">-, 0, 0, 72, 65, 65</column>
<column name="sub_ln813_61_fu_4250_p2">-, 0, 0, 73, 66, 66</column>
<column name="sub_ln813_62_fu_4255_p2">-, 0, 0, 72, 65, 65</column>
<column name="sub_ln813_63_fu_4380_p2">-, 0, 0, 73, 66, 66</column>
<column name="sub_ln813_64_fu_4385_p2">-, 0, 0, 72, 65, 65</column>
<column name="sub_ln813_65_fu_4510_p2">-, 0, 0, 73, 66, 66</column>
<column name="sub_ln813_66_fu_4515_p2">-, 0, 0, 72, 65, 65</column>
<column name="sub_ln813_67_fu_4640_p2">-, 0, 0, 73, 66, 66</column>
<column name="sub_ln813_68_fu_4645_p2">-, 0, 0, 72, 65, 65</column>
<column name="sub_ln813_69_fu_4770_p2">-, 0, 0, 73, 66, 66</column>
<column name="sub_ln813_6_fu_1278_p2">-, 0, 0, 72, 65, 65</column>
<column name="sub_ln813_70_fu_4775_p2">-, 0, 0, 72, 65, 65</column>
<column name="sub_ln813_71_fu_4900_p2">-, 0, 0, 73, 66, 66</column>
<column name="sub_ln813_72_fu_4905_p2">-, 0, 0, 72, 65, 65</column>
<column name="sub_ln813_73_fu_5030_p2">-, 0, 0, 73, 66, 66</column>
<column name="sub_ln813_74_fu_5035_p2">-, 0, 0, 72, 65, 65</column>
<column name="sub_ln813_75_fu_5160_p2">-, 0, 0, 73, 66, 66</column>
<column name="sub_ln813_76_fu_5165_p2">-, 0, 0, 72, 65, 65</column>
<column name="sub_ln813_77_fu_5254_p2">-, 0, 0, 73, 66, 66</column>
<column name="sub_ln813_78_fu_5259_p2">-, 0, 0, 72, 65, 65</column>
<column name="sub_ln813_79_fu_5348_p2">-, 0, 0, 73, 66, 66</column>
<column name="sub_ln813_7_fu_1372_p2">-, 0, 0, 73, 66, 66</column>
<column name="sub_ln813_80_fu_5353_p2">-, 0, 0, 72, 65, 65</column>
<column name="sub_ln813_81_fu_5442_p2">-, 0, 0, 73, 66, 66</column>
<column name="sub_ln813_82_fu_5447_p2">-, 0, 0, 72, 65, 65</column>
<column name="sub_ln813_83_fu_5572_p2">-, 0, 0, 73, 66, 66</column>
<column name="sub_ln813_84_fu_5577_p2">-, 0, 0, 72, 65, 65</column>
<column name="sub_ln813_85_fu_5666_p2">-, 0, 0, 73, 66, 66</column>
<column name="sub_ln813_86_fu_5671_p2">-, 0, 0, 72, 65, 65</column>
<column name="sub_ln813_87_fu_5788_p2">-, 0, 0, 73, 66, 66</column>
<column name="sub_ln813_88_fu_5793_p2">-, 0, 0, 72, 65, 65</column>
<column name="sub_ln813_89_fu_5848_p2">-, 0, 0, 73, 66, 66</column>
<column name="sub_ln813_8_fu_1378_p2">-, 0, 0, 72, 65, 65</column>
<column name="sub_ln813_90_fu_5853_p2">-, 0, 0, 72, 65, 65</column>
<column name="sub_ln813_91_fu_5908_p2">-, 0, 0, 73, 66, 66</column>
<column name="sub_ln813_92_fu_5913_p2">-, 0, 0, 72, 65, 65</column>
<column name="sub_ln813_93_fu_5968_p2">-, 0, 0, 73, 66, 66</column>
<column name="sub_ln813_94_fu_5973_p2">-, 0, 0, 72, 65, 65</column>
<column name="sub_ln813_95_fu_6028_p2">-, 0, 0, 73, 66, 66</column>
<column name="sub_ln813_96_fu_6033_p2">-, 0, 0, 72, 65, 65</column>
<column name="sub_ln813_97_fu_6088_p2">-, 0, 0, 73, 66, 66</column>
<column name="sub_ln813_98_fu_6093_p2">-, 0, 0, 72, 65, 65</column>
<column name="sub_ln813_99_fu_6148_p2">-, 0, 0, 73, 66, 66</column>
<column name="sub_ln813_9_fu_1470_p2">-, 0, 0, 73, 66, 66</column>
<column name="sub_ln813_fu_795_p2">-, 0, 0, 71, 1, 64</column>
<column name="x_V_fu_6923_p2">-, 0, 0, 72, 65, 65</column>
<column name="empty_68_fu_849_p2">icmp, 0, 0, 8, 2, 2</column>
<column name="empty_69_fu_854_p2">icmp, 0, 0, 8, 2, 1</column>
<column name="icmp_ln274_1_fu_7073_p2">icmp, 0, 0, 8, 2, 1</column>
<column name="icmp_ln274_fu_7061_p2">icmp, 0, 0, 8, 2, 1</column>
<column name="icmp_ln490_fu_760_p2">icmp, 0, 0, 11, 9, 10</column>
<column name="sign0_fu_790_p2">icmp, 0, 0, 29, 64, 1</column>
<column name="empty_70_fu_859_p2">or, 0, 0, 2, 1, 1</column>
<column name="in_V_fu_800_p3">select, 0, 0, 64, 1, 64</column>
<column name="outsin_V_2_fu_7066_p3">select, 0, 0, 33, 1, 34</column>
<column name="outsin_V_3_fu_7078_p3">select, 0, 0, 33, 1, 34</column>
<column name="r_V_131_fu_6999_p3">select, 0, 0, 2, 1, 1</column>
<column name="select_ln101_fu_933_p3">select, 0, 0, 64, 1, 63</column>
<column name="select_ln1347_fu_963_p3">select, 0, 0, 61, 1, 62</column>
<column name="select_ln1487_1_fu_6949_p3">select, 0, 0, 2, 1, 2</column>
<column name="select_ln1487_2_fu_7006_p3">select, 0, 0, 2, 1, 2</column>
<column name="select_ln1487_fu_6889_p3">select, 0, 0, 2, 1, 2</column>
<column name="select_ln291_fu_7110_p3">select, 0, 0, 17, 1, 18</column>
<column name="select_ln53_101_fu_3909_p3">select, 0, 0, 29, 1, 29</column>
<column name="select_ln53_104_fu_3943_p3">select, 0, 0, 28, 1, 28</column>
<column name="select_ln53_107_fu_4039_p3">select, 0, 0, 27, 1, 27</column>
<column name="select_ln53_110_fu_4073_p3">select, 0, 0, 26, 1, 26</column>
<column name="select_ln53_113_fu_4169_p3">select, 0, 0, 25, 1, 25</column>
<column name="select_ln53_116_fu_4203_p3">select, 0, 0, 24, 1, 24</column>
<column name="select_ln53_119_fu_4299_p3">select, 0, 0, 22, 1, 23</column>
<column name="select_ln53_11_fu_1433_p3">select, 0, 0, 58, 1, 59</column>
<column name="select_ln53_122_fu_4333_p3">select, 0, 0, 21, 1, 22</column>
<column name="select_ln53_125_fu_4429_p3">select, 0, 0, 20, 1, 21</column>
<column name="select_ln53_128_fu_4463_p3">select, 0, 0, 19, 1, 20</column>
<column name="select_ln53_131_fu_4559_p3">select, 0, 0, 18, 1, 19</column>
<column name="select_ln53_134_fu_4593_p3">select, 0, 0, 17, 1, 18</column>
<column name="select_ln53_137_fu_4689_p3">select, 0, 0, 16, 1, 17</column>
<column name="select_ln53_140_fu_4723_p3">select, 0, 0, 16, 1, 16</column>
<column name="select_ln53_143_fu_4819_p3">select, 0, 0, 15, 1, 15</column>
<column name="select_ln53_146_fu_4853_p3">select, 0, 0, 14, 1, 14</column>
<column name="select_ln53_149_fu_4949_p3">select, 0, 0, 12, 1, 13</column>
<column name="select_ln53_14_fu_1493_p3">select, 0, 0, 57, 1, 58</column>
<column name="select_ln53_152_fu_4983_p3">select, 0, 0, 11, 1, 12</column>
<column name="select_ln53_155_fu_5079_p3">select, 0, 0, 10, 1, 11</column>
<column name="select_ln53_158_fu_5113_p3">select, 0, 0, 10, 1, 10</column>
<column name="select_ln53_161_fu_5209_p3">select, 0, 0, 9, 1, 9</column>
<column name="select_ln53_164_fu_5303_p3">select, 0, 0, 8, 1, 8</column>
<column name="select_ln53_167_fu_5397_p3">select, 0, 0, 7, 1, 7</column>
<column name="select_ln53_170_fu_5491_p3">select, 0, 0, 6, 1, 6</column>
<column name="select_ln53_173_fu_5525_p3">select, 0, 0, 5, 1, 5</column>
<column name="select_ln53_176_fu_5621_p3">select, 0, 0, 4, 1, 4</column>
<column name="select_ln53_179_fu_5715_p3">select, 0, 0, 3, 1, 3</column>
<column name="select_ln53_17_fu_1591_p3">select, 0, 0, 56, 1, 57</column>
<column name="select_ln53_182_fu_5749_p3">select, 0, 0, 2, 1, 2</column>
<column name="select_ln53_20_fu_1659_p3">select, 0, 0, 55, 1, 56</column>
<column name="select_ln53_23_fu_1755_p3">select, 0, 0, 53, 1, 55</column>
<column name="select_ln53_26_fu_1789_p3">select, 0, 0, 52, 1, 54</column>
<column name="select_ln53_29_fu_1885_p3">select, 0, 0, 51, 1, 53</column>
<column name="select_ln53_2_fu_1135_p3">select, 0, 0, 61, 1, 62</column>
<column name="select_ln53_32_fu_1979_p3">select, 0, 0, 50, 1, 52</column>
<column name="select_ln53_35_fu_2073_p3">select, 0, 0, 48, 1, 51</column>
<column name="select_ln53_38_fu_2167_p3">select, 0, 0, 47, 1, 50</column>
<column name="select_ln53_41_fu_2261_p3">select, 0, 0, 46, 1, 49</column>
<column name="select_ln53_44_fu_2355_p3">select, 0, 0, 45, 1, 48</column>
<column name="select_ln53_47_fu_2449_p3">select, 0, 0, 43, 1, 47</column>
<column name="select_ln53_50_fu_2543_p3">select, 0, 0, 42, 1, 46</column>
<column name="select_ln53_53_fu_2637_p3">select, 0, 0, 41, 1, 45</column>
<column name="select_ln53_56_fu_2731_p3">select, 0, 0, 40, 1, 44</column>
<column name="select_ln53_59_fu_2825_p3">select, 0, 0, 39, 1, 43</column>
<column name="select_ln53_5_fu_1236_p3">select, 0, 0, 60, 1, 61</column>
<column name="select_ln53_62_fu_2919_p3">select, 0, 0, 38, 1, 42</column>
<column name="select_ln53_65_fu_3013_p3">select, 0, 0, 37, 1, 41</column>
<column name="select_ln53_68_fu_3047_p3">select, 0, 0, 36, 1, 40</column>
<column name="select_ln53_71_fu_3143_p3">select, 0, 0, 35, 1, 39</column>
<column name="select_ln53_74_fu_3177_p3">select, 0, 0, 35, 1, 38</column>
<column name="select_ln53_77_fu_3273_p3">select, 0, 0, 34, 1, 37</column>
<column name="select_ln53_80_fu_3307_p3">select, 0, 0, 34, 1, 36</column>
<column name="select_ln53_83_fu_3403_p3">select, 0, 0, 33, 1, 35</column>
<column name="select_ln53_86_fu_3437_p3">select, 0, 0, 33, 1, 34</column>
<column name="select_ln53_89_fu_3533_p3">select, 0, 0, 32, 1, 33</column>
<column name="select_ln53_8_fu_1332_p3">select, 0, 0, 59, 1, 60</column>
<column name="select_ln53_92_fu_3627_p3">select, 0, 0, 32, 1, 32</column>
<column name="select_ln53_95_fu_3721_p3">select, 0, 0, 31, 1, 31</column>
<column name="select_ln53_98_fu_3815_p3">select, 0, 0, 30, 1, 30</column>
<column name="select_ln53_fu_991_p3">select, 0, 0, 62, 1, 63</column>
<column name="select_ln813_1_fu_977_p3">select, 0, 0, 61, 1, 61</column>
<column name="select_ln813_2_fu_984_p3">select, 0, 0, 62, 1, 63</column>
<column name="select_ln813_fu_970_p3">select, 0, 0, 64, 1, 64</column>
<column name="tx_10_fu_2046_p3">select, 0, 0, 64, 1, 65</column>
<column name="tx_11_fu_2140_p3">select, 0, 0, 64, 1, 65</column>
<column name="tx_12_fu_2234_p3">select, 0, 0, 64, 1, 65</column>
<column name="tx_13_fu_2328_p3">select, 0, 0, 64, 1, 65</column>
<column name="tx_14_fu_2422_p3">select, 0, 0, 64, 1, 65</column>
<column name="tx_15_fu_2516_p3">select, 0, 0, 64, 1, 65</column>
<column name="tx_16_fu_2610_p3">select, 0, 0, 64, 1, 65</column>
<column name="tx_17_fu_2704_p3">select, 0, 0, 64, 1, 65</column>
<column name="tx_18_fu_2798_p3">select, 0, 0, 64, 1, 65</column>
<column name="tx_19_fu_2892_p3">select, 0, 0, 64, 1, 65</column>
<column name="tx_1_fu_1107_p3">select, 0, 0, 64, 1, 64</column>
<column name="tx_20_fu_2986_p3">select, 0, 0, 64, 1, 65</column>
<column name="tx_21_fu_3116_p3">select, 0, 0, 64, 1, 65</column>
<column name="tx_22_fu_3246_p3">select, 0, 0, 64, 1, 65</column>
<column name="tx_23_fu_3376_p3">select, 0, 0, 64, 1, 65</column>
<column name="tx_24_fu_3506_p3">select, 0, 0, 64, 1, 65</column>
<column name="tx_25_fu_3600_p3">select, 0, 0, 64, 1, 65</column>
<column name="tx_26_fu_3694_p3">select, 0, 0, 64, 1, 65</column>
<column name="tx_27_fu_3788_p3">select, 0, 0, 64, 1, 65</column>
<column name="tx_28_fu_3882_p3">select, 0, 0, 64, 1, 65</column>
<column name="tx_29_fu_4012_p3">select, 0, 0, 64, 1, 65</column>
<column name="tx_2_fu_1208_p3">select, 0, 0, 64, 1, 65</column>
<column name="tx_30_fu_4142_p3">select, 0, 0, 64, 1, 65</column>
<column name="tx_31_fu_4272_p3">select, 0, 0, 64, 1, 65</column>
<column name="tx_32_fu_4402_p3">select, 0, 0, 64, 1, 65</column>
<column name="tx_33_fu_4532_p3">select, 0, 0, 64, 1, 65</column>
<column name="tx_34_fu_4662_p3">select, 0, 0, 64, 1, 65</column>
<column name="tx_35_fu_4792_p3">select, 0, 0, 64, 1, 65</column>
<column name="tx_36_fu_4922_p3">select, 0, 0, 64, 1, 65</column>
<column name="tx_37_fu_5052_p3">select, 0, 0, 64, 1, 65</column>
<column name="tx_38_fu_5182_p3">select, 0, 0, 64, 1, 65</column>
<column name="tx_39_fu_5276_p3">select, 0, 0, 64, 1, 65</column>
<column name="tx_3_fu_1304_p3">select, 0, 0, 64, 1, 65</column>
<column name="tx_40_fu_5370_p3">select, 0, 0, 64, 1, 65</column>
<column name="tx_41_fu_5464_p3">select, 0, 0, 64, 1, 65</column>
<column name="tx_42_fu_5594_p3">select, 0, 0, 64, 1, 65</column>
<column name="tx_43_fu_5688_p3">select, 0, 0, 64, 1, 65</column>
<column name="tx_44_fu_5810_p3">select, 0, 0, 64, 1, 65</column>
<column name="tx_45_fu_5870_p3">select, 0, 0, 64, 1, 65</column>
<column name="tx_46_fu_5930_p3">select, 0, 0, 64, 1, 65</column>
<column name="tx_47_fu_5990_p3">select, 0, 0, 64, 1, 65</column>
<column name="tx_48_fu_6050_p3">select, 0, 0, 64, 1, 65</column>
<column name="tx_49_fu_6110_p3">select, 0, 0, 64, 1, 65</column>
<column name="tx_4_fu_1405_p3">select, 0, 0, 64, 1, 65</column>
<column name="tx_50_fu_6170_p3">select, 0, 0, 64, 1, 65</column>
<column name="tx_51_fu_6230_p3">select, 0, 0, 64, 1, 65</column>
<column name="tx_52_fu_6290_p3">select, 0, 0, 64, 1, 65</column>
<column name="tx_53_fu_6350_p3">select, 0, 0, 64, 1, 65</column>
<column name="tx_54_fu_6410_p3">select, 0, 0, 64, 1, 65</column>
<column name="tx_55_fu_6470_p3">select, 0, 0, 64, 1, 65</column>
<column name="tx_56_fu_6530_p3">select, 0, 0, 64, 1, 65</column>
<column name="tx_57_fu_6590_p3">select, 0, 0, 64, 1, 65</column>
<column name="tx_58_fu_6650_p3">select, 0, 0, 64, 1, 65</column>
<column name="tx_59_fu_6710_p3">select, 0, 0, 64, 1, 65</column>
<column name="tx_5_fu_1521_p3">select, 0, 0, 64, 1, 65</column>
<column name="tx_60_fu_6770_p3">select, 0, 0, 64, 1, 65</column>
<column name="tx_61_fu_6830_p3">select, 0, 0, 64, 1, 65</column>
<column name="tx_6_fu_1616_p3">select, 0, 0, 64, 1, 65</column>
<column name="tx_7_fu_1728_p3">select, 0, 0, 64, 1, 65</column>
<column name="tx_8_fu_1858_p3">select, 0, 0, 64, 1, 65</column>
<column name="tx_9_fu_1952_p3">select, 0, 0, 64, 1, 65</column>
<column name="tx_fu_1020_p3">select, 0, 0, 62, 1, 63</column>
<column name="ty_10_fu_2039_p3">select, 0, 0, 65, 1, 66</column>
<column name="ty_11_fu_2133_p3">select, 0, 0, 65, 1, 66</column>
<column name="ty_12_fu_2227_p3">select, 0, 0, 65, 1, 66</column>
<column name="ty_13_fu_2321_p3">select, 0, 0, 65, 1, 66</column>
<column name="ty_14_fu_2415_p3">select, 0, 0, 65, 1, 66</column>
<column name="ty_15_fu_2509_p3">select, 0, 0, 65, 1, 66</column>
<column name="ty_16_fu_2603_p3">select, 0, 0, 65, 1, 66</column>
<column name="ty_17_fu_2697_p3">select, 0, 0, 65, 1, 66</column>
<column name="ty_18_fu_2791_p3">select, 0, 0, 65, 1, 66</column>
<column name="ty_19_fu_2885_p3">select, 0, 0, 65, 1, 66</column>
<column name="ty_1_fu_1099_p3">select, 0, 0, 64, 1, 65</column>
<column name="ty_20_fu_2979_p3">select, 0, 0, 65, 1, 66</column>
<column name="ty_21_fu_3109_p3">select, 0, 0, 65, 1, 66</column>
<column name="ty_22_fu_3239_p3">select, 0, 0, 65, 1, 66</column>
<column name="ty_23_fu_3369_p3">select, 0, 0, 65, 1, 66</column>
<column name="ty_24_fu_3499_p3">select, 0, 0, 65, 1, 66</column>
<column name="ty_25_fu_3593_p3">select, 0, 0, 65, 1, 66</column>
<column name="ty_26_fu_3687_p3">select, 0, 0, 65, 1, 66</column>
<column name="ty_27_fu_3781_p3">select, 0, 0, 65, 1, 66</column>
<column name="ty_28_fu_3875_p3">select, 0, 0, 65, 1, 66</column>
<column name="ty_29_fu_4005_p3">select, 0, 0, 65, 1, 66</column>
<column name="ty_2_fu_1200_p3">select, 0, 0, 64, 1, 65</column>
<column name="ty_30_fu_4135_p3">select, 0, 0, 65, 1, 66</column>
<column name="ty_31_fu_4265_p3">select, 0, 0, 65, 1, 66</column>
<column name="ty_32_fu_4395_p3">select, 0, 0, 65, 1, 66</column>
<column name="ty_33_fu_4525_p3">select, 0, 0, 65, 1, 66</column>
<column name="ty_34_fu_4655_p3">select, 0, 0, 65, 1, 66</column>
<column name="ty_35_fu_4785_p3">select, 0, 0, 65, 1, 66</column>
<column name="ty_36_fu_4915_p3">select, 0, 0, 65, 1, 66</column>
<column name="ty_37_fu_5045_p3">select, 0, 0, 65, 1, 66</column>
<column name="ty_38_fu_5175_p3">select, 0, 0, 65, 1, 66</column>
<column name="ty_39_fu_5269_p3">select, 0, 0, 65, 1, 66</column>
<column name="ty_3_fu_1296_p3">select, 0, 0, 64, 1, 65</column>
<column name="ty_40_fu_5363_p3">select, 0, 0, 65, 1, 66</column>
<column name="ty_41_fu_5457_p3">select, 0, 0, 65, 1, 66</column>
<column name="ty_42_fu_5587_p3">select, 0, 0, 65, 1, 66</column>
<column name="ty_43_fu_5681_p3">select, 0, 0, 65, 1, 66</column>
<column name="ty_44_fu_5803_p3">select, 0, 0, 65, 1, 66</column>
<column name="ty_45_fu_5863_p3">select, 0, 0, 65, 1, 66</column>
<column name="ty_46_fu_5923_p3">select, 0, 0, 65, 1, 66</column>
<column name="ty_47_fu_5983_p3">select, 0, 0, 65, 1, 66</column>
<column name="ty_48_fu_6043_p3">select, 0, 0, 65, 1, 66</column>
<column name="ty_49_fu_6103_p3">select, 0, 0, 65, 1, 66</column>
<column name="ty_4_fu_1397_p3">select, 0, 0, 65, 1, 66</column>
<column name="ty_50_fu_6163_p3">select, 0, 0, 65, 1, 66</column>
<column name="ty_51_fu_6223_p3">select, 0, 0, 65, 1, 66</column>
<column name="ty_52_fu_6283_p3">select, 0, 0, 65, 1, 66</column>
<column name="ty_53_fu_6343_p3">select, 0, 0, 65, 1, 66</column>
<column name="ty_54_fu_6403_p3">select, 0, 0, 65, 1, 66</column>
<column name="ty_55_fu_6463_p3">select, 0, 0, 65, 1, 66</column>
<column name="ty_56_fu_6523_p3">select, 0, 0, 65, 1, 66</column>
<column name="ty_57_fu_6583_p3">select, 0, 0, 65, 1, 66</column>
<column name="ty_58_fu_6643_p3">select, 0, 0, 65, 1, 66</column>
<column name="ty_59_fu_6703_p3">select, 0, 0, 65, 1, 66</column>
<column name="ty_5_fu_1513_p3">select, 0, 0, 65, 1, 66</column>
<column name="ty_60_fu_6763_p3">select, 0, 0, 65, 1, 66</column>
<column name="ty_61_fu_6823_p3">select, 0, 0, 65, 1, 66</column>
<column name="ty_62_fu_7014_p3">select, 0, 0, 64, 1, 65</column>
<column name="ty_63_fu_7029_p3">select, 0, 0, 64, 1, 65</column>
<column name="ty_6_fu_1609_p3">select, 0, 0, 65, 1, 66</column>
<column name="ty_7_fu_1721_p3">select, 0, 0, 65, 1, 66</column>
<column name="ty_8_fu_1851_p3">select, 0, 0, 65, 1, 66</column>
<column name="ty_9_fu_1945_p3">select, 0, 0, 65, 1, 66</column>
<column name="ty_fu_1009_p3">select, 0, 0, 64, 1, 64</column>
<column name="ap_enable_pp0">xor, 0, 0, 2, 1, 2</column>
<column name="ap_enable_reg_pp0_iter1">xor, 0, 0, 2, 2, 1</column>
</table>
</item>
<item name = "Multiplexer"><table name="" hasTotal="1">
<keys size="5">Name, LUT, Input Size, Bits, Total Bits</keys>
<column name="ap_NS_fsm">20, 4, 1, 4</column>
<column name="ap_enable_reg_pp0_iter1">9, 2, 1, 2</column>
<column name="ap_enable_reg_pp0_iter78">9, 2, 1, 2</column>
<column name="ap_phi_mux_z_V_65_phi_fu_738_p4">9, 2, 65, 130</column>
<column name="ap_phi_reg_pp0_iter12_z_V_65_reg_735">9, 2, 65, 130</column>
<column name="i_fu_714">9, 2, 9, 18</column>
</table>
</item>
<item name = "Register"><table name="" hasTotal="1">
<keys size="5">Name, FF, LUT, Bits, Const Bits</keys>
<column name="add_ln813_125_reg_9354">65, 0, 65, 0</column>
<column name="ap_CS_fsm">3, 0, 3, 0</column>
<column name="ap_enable_reg_pp0_iter0">1, 0, 1, 0</column>
<column name="ap_enable_reg_pp0_iter1">1, 0, 1, 0</column>
<column name="ap_enable_reg_pp0_iter10">1, 0, 1, 0</column>
<column name="ap_enable_reg_pp0_iter11">1, 0, 1, 0</column>
<column name="ap_enable_reg_pp0_iter12">1, 0, 1, 0</column>
<column name="ap_enable_reg_pp0_iter13">1, 0, 1, 0</column>
<column name="ap_enable_reg_pp0_iter14">1, 0, 1, 0</column>
<column name="ap_enable_reg_pp0_iter15">1, 0, 1, 0</column>
<column name="ap_enable_reg_pp0_iter16">1, 0, 1, 0</column>
<column name="ap_enable_reg_pp0_iter17">1, 0, 1, 0</column>
<column name="ap_enable_reg_pp0_iter18">1, 0, 1, 0</column>
<column name="ap_enable_reg_pp0_iter19">1, 0, 1, 0</column>
<column name="ap_enable_reg_pp0_iter2">1, 0, 1, 0</column>
<column name="ap_enable_reg_pp0_iter20">1, 0, 1, 0</column>
<column name="ap_enable_reg_pp0_iter21">1, 0, 1, 0</column>
<column name="ap_enable_reg_pp0_iter22">1, 0, 1, 0</column>
<column name="ap_enable_reg_pp0_iter23">1, 0, 1, 0</column>
<column name="ap_enable_reg_pp0_iter24">1, 0, 1, 0</column>
<column name="ap_enable_reg_pp0_iter25">1, 0, 1, 0</column>
<column name="ap_enable_reg_pp0_iter26">1, 0, 1, 0</column>
<column name="ap_enable_reg_pp0_iter27">1, 0, 1, 0</column>
<column name="ap_enable_reg_pp0_iter28">1, 0, 1, 0</column>
<column name="ap_enable_reg_pp0_iter29">1, 0, 1, 0</column>
<column name="ap_enable_reg_pp0_iter3">1, 0, 1, 0</column>
<column name="ap_enable_reg_pp0_iter30">1, 0, 1, 0</column>
<column name="ap_enable_reg_pp0_iter31">1, 0, 1, 0</column>
<column name="ap_enable_reg_pp0_iter32">1, 0, 1, 0</column>
<column name="ap_enable_reg_pp0_iter33">1, 0, 1, 0</column>
<column name="ap_enable_reg_pp0_iter34">1, 0, 1, 0</column>
<column name="ap_enable_reg_pp0_iter35">1, 0, 1, 0</column>
<column name="ap_enable_reg_pp0_iter36">1, 0, 1, 0</column>
<column name="ap_enable_reg_pp0_iter37">1, 0, 1, 0</column>
<column name="ap_enable_reg_pp0_iter38">1, 0, 1, 0</column>
<column name="ap_enable_reg_pp0_iter39">1, 0, 1, 0</column>
<column name="ap_enable_reg_pp0_iter4">1, 0, 1, 0</column>
<column name="ap_enable_reg_pp0_iter40">1, 0, 1, 0</column>
<column name="ap_enable_reg_pp0_iter41">1, 0, 1, 0</column>
<column name="ap_enable_reg_pp0_iter42">1, 0, 1, 0</column>
<column name="ap_enable_reg_pp0_iter43">1, 0, 1, 0</column>
<column name="ap_enable_reg_pp0_iter44">1, 0, 1, 0</column>
<column name="ap_enable_reg_pp0_iter45">1, 0, 1, 0</column>
<column name="ap_enable_reg_pp0_iter46">1, 0, 1, 0</column>
<column name="ap_enable_reg_pp0_iter47">1, 0, 1, 0</column>
<column name="ap_enable_reg_pp0_iter48">1, 0, 1, 0</column>
<column name="ap_enable_reg_pp0_iter49">1, 0, 1, 0</column>
<column name="ap_enable_reg_pp0_iter5">1, 0, 1, 0</column>
<column name="ap_enable_reg_pp0_iter50">1, 0, 1, 0</column>
<column name="ap_enable_reg_pp0_iter51">1, 0, 1, 0</column>
<column name="ap_enable_reg_pp0_iter52">1, 0, 1, 0</column>
<column name="ap_enable_reg_pp0_iter53">1, 0, 1, 0</column>
<column name="ap_enable_reg_pp0_iter54">1, 0, 1, 0</column>
<column name="ap_enable_reg_pp0_iter55">1, 0, 1, 0</column>
<column name="ap_enable_reg_pp0_iter56">1, 0, 1, 0</column>
<column name="ap_enable_reg_pp0_iter57">1, 0, 1, 0</column>
<column name="ap_enable_reg_pp0_iter58">1, 0, 1, 0</column>
<column name="ap_enable_reg_pp0_iter59">1, 0, 1, 0</column>
<column name="ap_enable_reg_pp0_iter6">1, 0, 1, 0</column>
<column name="ap_enable_reg_pp0_iter60">1, 0, 1, 0</column>
<column name="ap_enable_reg_pp0_iter61">1, 0, 1, 0</column>
<column name="ap_enable_reg_pp0_iter62">1, 0, 1, 0</column>
<column name="ap_enable_reg_pp0_iter63">1, 0, 1, 0</column>
<column name="ap_enable_reg_pp0_iter64">1, 0, 1, 0</column>
<column name="ap_enable_reg_pp0_iter65">1, 0, 1, 0</column>
<column name="ap_enable_reg_pp0_iter66">1, 0, 1, 0</column>
<column name="ap_enable_reg_pp0_iter67">1, 0, 1, 0</column>
<column name="ap_enable_reg_pp0_iter68">1, 0, 1, 0</column>
<column name="ap_enable_reg_pp0_iter69">1, 0, 1, 0</column>
<column name="ap_enable_reg_pp0_iter7">1, 0, 1, 0</column>
<column name="ap_enable_reg_pp0_iter70">1, 0, 1, 0</column>
<column name="ap_enable_reg_pp0_iter71">1, 0, 1, 0</column>
<column name="ap_enable_reg_pp0_iter72">1, 0, 1, 0</column>
<column name="ap_enable_reg_pp0_iter73">1, 0, 1, 0</column>
<column name="ap_enable_reg_pp0_iter74">1, 0, 1, 0</column>
<column name="ap_enable_reg_pp0_iter75">1, 0, 1, 0</column>
<column name="ap_enable_reg_pp0_iter76">1, 0, 1, 0</column>
<column name="ap_enable_reg_pp0_iter77">1, 0, 1, 0</column>
<column name="ap_enable_reg_pp0_iter78">1, 0, 1, 0</column>
<column name="ap_enable_reg_pp0_iter8">1, 0, 1, 0</column>
<column name="ap_enable_reg_pp0_iter9">1, 0, 1, 0</column>
<column name="ap_phi_reg_pp0_iter10_z_V_65_reg_735">65, 0, 65, 0</column>
<column name="ap_phi_reg_pp0_iter11_z_V_65_reg_735">65, 0, 65, 0</column>
<column name="ap_phi_reg_pp0_iter12_z_V_65_reg_735">65, 0, 65, 0</column>
<column name="ap_phi_reg_pp0_iter1_z_V_65_reg_735">65, 0, 65, 0</column>
<column name="ap_phi_reg_pp0_iter2_z_V_65_reg_735">65, 0, 65, 0</column>
<column name="ap_phi_reg_pp0_iter3_z_V_65_reg_735">65, 0, 65, 0</column>
<column name="ap_phi_reg_pp0_iter4_z_V_65_reg_735">65, 0, 65, 0</column>
<column name="ap_phi_reg_pp0_iter5_z_V_65_reg_735">65, 0, 65, 0</column>
<column name="ap_phi_reg_pp0_iter6_z_V_65_reg_735">65, 0, 65, 0</column>
<column name="ap_phi_reg_pp0_iter7_z_V_65_reg_735">65, 0, 65, 0</column>
<column name="ap_phi_reg_pp0_iter8_z_V_65_reg_735">65, 0, 65, 0</column>
<column name="ap_phi_reg_pp0_iter9_z_V_65_reg_735">65, 0, 65, 0</column>
<column name="conv7_i_reg_7127">64, 0, 64, 0</column>
<column name="empty_70_reg_7197">1, 0, 1, 0</column>
<column name="i_fu_714">9, 0, 9, 0</column>
<column name="icmp_ln490_reg_7132">1, 0, 1, 0</column>
<column name="in_V_reg_7164">64, 0, 64, 0</column>
<column name="k_V_reg_7184">2, 0, 2, 0</column>
<column name="lshr_ln_reg_7211">65, 0, 65, 0</column>
<column name="mul_ln1348_reg_7201">66, 0, 66, 0</column>
<column name="outsin_V_3_reg_9376">34, 0, 34, 0</column>
<column name="outsin_V_reg_9370">34, 0, 34, 0</column>
<column name="p_Result_10_reg_7481">1, 0, 1, 0</column>
<column name="p_Result_11_reg_7519">1, 0, 1, 0</column>
<column name="p_Result_12_reg_7557">1, 0, 1, 0</column>
<column name="p_Result_13_reg_7595">1, 0, 1, 0</column>
<column name="p_Result_14_reg_7633">1, 0, 1, 0</column>
<column name="p_Result_15_reg_7671">1, 0, 1, 0</column>
<column name="p_Result_16_reg_7709">1, 0, 1, 0</column>
<column name="p_Result_17_reg_7747">1, 0, 1, 0</column>
<column name="p_Result_18_reg_7785">1, 0, 1, 0</column>
<column name="p_Result_19_reg_7823">1, 0, 1, 0</column>
<column name="p_Result_20_reg_7861">1, 0, 1, 0</column>
<column name="p_Result_21_reg_7899">1, 0, 1, 0</column>
<column name="p_Result_22_reg_7937">1, 0, 1, 0</column>
<column name="p_Result_23_reg_7970">1, 0, 1, 0</column>
<column name="p_Result_24_reg_7981">1, 0, 1, 0</column>
<column name="p_Result_25_reg_8014">1, 0, 1, 0</column>
<column name="p_Result_26_reg_8025">1, 0, 1, 0</column>
<column name="p_Result_27_reg_8058">1, 0, 1, 0</column>
<column name="p_Result_28_reg_8069">1, 0, 1, 0</column>
<column name="p_Result_29_reg_8102">1, 0, 1, 0</column>
<column name="p_Result_30_reg_8113">1, 0, 1, 0</column>
<column name="p_Result_31_reg_8151">1, 0, 1, 0</column>
<column name="p_Result_32_reg_8189">1, 0, 1, 0</column>
<column name="p_Result_33_reg_8227">1, 0, 1, 0</column>
<column name="p_Result_34_reg_8265">1, 0, 1, 0</column>
<column name="p_Result_35_reg_8298">1, 0, 1, 0</column>
<column name="p_Result_36_reg_8309">1, 0, 1, 0</column>
<column name="p_Result_37_reg_8342">1, 0, 1, 0</column>
<column name="p_Result_38_reg_8353">1, 0, 1, 0</column>
<column name="p_Result_39_reg_8386">1, 0, 1, 0</column>
<column name="p_Result_40_reg_8397">1, 0, 1, 0</column>
<column name="p_Result_41_reg_8430">1, 0, 1, 0</column>
<column name="p_Result_42_reg_8441">1, 0, 1, 0</column>
<column name="p_Result_43_reg_8474">1, 0, 1, 0</column>
<column name="p_Result_44_reg_8485">1, 0, 1, 0</column>
<column name="p_Result_45_reg_8518">1, 0, 1, 0</column>
<column name="p_Result_46_reg_8529">1, 0, 1, 0</column>
<column name="p_Result_47_reg_8562">1, 0, 1, 0</column>
<column name="p_Result_48_reg_8573">1, 0, 1, 0</column>
<column name="p_Result_49_reg_8606">1, 0, 1, 0</column>
<column name="p_Result_50_reg_8617">1, 0, 1, 0</column>
<column name="p_Result_51_reg_8650">1, 0, 1, 0</column>
<column name="p_Result_52_reg_8661">1, 0, 1, 0</column>
<column name="p_Result_53_reg_8694">1, 0, 1, 0</column>
<column name="p_Result_54_reg_8705">1, 0, 1, 0</column>
<column name="p_Result_55_reg_8743">1, 0, 1, 0</column>
<column name="p_Result_56_reg_8781">1, 0, 1, 0</column>
<column name="p_Result_57_reg_8819">1, 0, 1, 0</column>
<column name="p_Result_58_reg_8852">1, 0, 1, 0</column>
<column name="p_Result_59_reg_8863">1, 0, 1, 0</column>
<column name="p_Result_60_reg_8901">1, 0, 1, 0</column>
<column name="p_Result_61_reg_8934">1, 0, 1, 0</column>
<column name="p_Result_62_reg_8940">1, 0, 1, 0</column>
<column name="p_Result_6_reg_7383">1, 0, 1, 0</column>
<column name="p_Result_7_reg_7416">1, 0, 1, 0</column>
<column name="p_Result_8_reg_7437">1, 0, 1, 0</column>
<column name="p_Result_8_reg_7437_pp0_iter19_reg">1, 0, 1, 0</column>
<column name="p_Result_9_reg_7470">1, 0, 1, 0</column>
<column name="p_Result_9_reg_7470_pp0_iter20_reg">1, 0, 1, 0</column>
<column name="p_Result_s_reg_7229">1, 0, 1, 0</column>
<column name="r_V_100_reg_8469">32, 0, 32, 0</column>
<column name="r_V_101_reg_8513">31, 0, 31, 0</column>
<column name="r_V_102_reg_8557">30, 0, 30, 0</column>
<column name="r_V_103_reg_8601">29, 0, 29, 0</column>
<column name="r_V_104_reg_8645">28, 0, 28, 0</column>
<column name="r_V_105_reg_8689">27, 0, 27, 0</column>
<column name="r_V_106_reg_8733">26, 0, 26, 0</column>
<column name="r_V_107_reg_8771">25, 0, 25, 0</column>
<column name="r_V_108_reg_8809">24, 0, 24, 0</column>
<column name="r_V_109_reg_8847">23, 0, 23, 0</column>
<column name="r_V_110_reg_8891">22, 0, 22, 0</column>
<column name="r_V_111_reg_8929">21, 0, 21, 0</column>
<column name="r_V_112_reg_8964">20, 0, 20, 0</column>
<column name="r_V_113_reg_8986">19, 0, 19, 0</column>
<column name="r_V_114_reg_9008">18, 0, 18, 0</column>
<column name="r_V_115_reg_9030">17, 0, 17, 0</column>
<column name="r_V_116_reg_9052">16, 0, 16, 0</column>
<column name="r_V_117_reg_9074">15, 0, 15, 0</column>
<column name="r_V_118_reg_9096">14, 0, 14, 0</column>
<column name="r_V_119_reg_9118">13, 0, 13, 0</column>
<column name="r_V_120_reg_9140">12, 0, 12, 0</column>
<column name="r_V_121_reg_9162">11, 0, 11, 0</column>
<column name="r_V_122_reg_9184">10, 0, 10, 0</column>
<column name="r_V_123_reg_9206">9, 0, 9, 0</column>
<column name="r_V_124_reg_9228">8, 0, 8, 0</column>
<column name="r_V_125_reg_9250">7, 0, 7, 0</column>
<column name="r_V_126_reg_9272">6, 0, 6, 0</column>
<column name="r_V_127_reg_9294">5, 0, 5, 0</column>
<column name="r_V_128_reg_9316">4, 0, 4, 0</column>
<column name="r_V_129_reg_9339">3, 0, 3, 0</column>
<column name="r_V_70_reg_7152">64, 0, 64, 0</column>
<column name="r_V_72_reg_7361">60, 0, 60, 0</column>
<column name="r_V_73_reg_7394">59, 0, 59, 0</column>
<column name="r_V_74_reg_7427">58, 0, 58, 0</column>
<column name="r_V_75_reg_7465">57, 0, 57, 0</column>
<column name="r_V_76_reg_7509">56, 0, 56, 0</column>
<column name="r_V_77_reg_7547">55, 0, 55, 0</column>
<column name="r_V_78_reg_7585">54, 0, 54, 0</column>
<column name="r_V_79_reg_7623">53, 0, 53, 0</column>
<column name="r_V_80_reg_7661">52, 0, 52, 0</column>
<column name="r_V_81_reg_7699">51, 0, 51, 0</column>
<column name="r_V_82_reg_7737">50, 0, 50, 0</column>
<column name="r_V_83_reg_7775">49, 0, 49, 0</column>
<column name="r_V_84_reg_7813">48, 0, 48, 0</column>
<column name="r_V_85_reg_7851">47, 0, 47, 0</column>
<column name="r_V_86_reg_7889">46, 0, 46, 0</column>
<column name="r_V_87_reg_7927">45, 0, 45, 0</column>
<column name="r_V_88_reg_7965">44, 0, 44, 0</column>
<column name="r_V_89_reg_8009">43, 0, 43, 0</column>
<column name="r_V_90_reg_8053">42, 0, 42, 0</column>
<column name="r_V_91_reg_8097">41, 0, 41, 0</column>
<column name="r_V_92_reg_8141">40, 0, 40, 0</column>
<column name="r_V_93_reg_8179">39, 0, 39, 0</column>
<column name="r_V_94_reg_8217">38, 0, 38, 0</column>
<column name="r_V_95_reg_8255">37, 0, 37, 0</column>
<column name="r_V_96_reg_8293">36, 0, 36, 0</column>
<column name="r_V_97_reg_8337">35, 0, 35, 0</column>
<column name="r_V_98_reg_8381">34, 0, 34, 0</column>
<column name="r_V_99_reg_8425">33, 0, 33, 0</column>
<column name="r_V_reg_7142">32, 0, 32, 0</column>
<column name="ret_reg_7179">32, 0, 32, 0</column>
<column name="select_ln1487_2_reg_9359">65, 0, 65, 0</column>
<column name="select_ln291_reg_9386">18, 0, 18, 0</column>
<column name="sign0_reg_7159">1, 0, 1, 0</column>
<column name="sub_ln813_124_reg_9349">65, 0, 65, 0</column>
<column name="tmp_101_reg_8464">31, 0, 31, 0</column>
<column name="tmp_102_reg_8233">1, 0, 1, 0</column>
<column name="tmp_104_reg_8508">30, 0, 30, 0</column>
<column name="tmp_105_reg_8271">1, 0, 1, 0</column>
<column name="tmp_107_reg_8552">29, 0, 29, 0</column>
<column name="tmp_10_reg_7308">1, 0, 1, 0</column>
<column name="tmp_110_reg_8596">28, 0, 28, 0</column>
<column name="tmp_111_reg_8315">1, 0, 1, 0</column>
<column name="tmp_113_reg_8640">27, 0, 27, 0</column>
<column name="tmp_116_reg_8684">26, 0, 26, 0</column>
<column name="tmp_117_reg_8359">1, 0, 1, 0</column>
<column name="tmp_119_reg_8728">25, 0, 25, 0</column>
<column name="tmp_122_reg_8766">24, 0, 24, 0</column>
<column name="tmp_123_reg_8403">1, 0, 1, 0</column>
<column name="tmp_125_reg_8804">23, 0, 23, 0</column>
<column name="tmp_128_reg_8842">22, 0, 22, 0</column>
<column name="tmp_129_reg_8447">1, 0, 1, 0</column>
<column name="tmp_12_reg_7324">60, 0, 60, 0</column>
<column name="tmp_131_reg_8886">21, 0, 21, 0</column>
<column name="tmp_134_reg_8924">20, 0, 20, 0</column>
<column name="tmp_135_reg_8491">1, 0, 1, 0</column>
<column name="tmp_137_reg_8959">19, 0, 19, 0</column>
<column name="tmp_13_reg_7339">1, 0, 1, 0</column>
<column name="tmp_140_reg_8981">18, 0, 18, 0</column>
<column name="tmp_141_reg_8535">1, 0, 1, 0</column>
<column name="tmp_143_reg_9003">17, 0, 17, 0</column>
<column name="tmp_146_reg_9025">16, 0, 16, 0</column>
<column name="tmp_147_reg_8579">1, 0, 1, 0</column>
<column name="tmp_149_reg_9047">15, 0, 15, 0</column>
<column name="tmp_152_reg_9069">14, 0, 14, 0</column>
<column name="tmp_153_reg_8623">1, 0, 1, 0</column>
<column name="tmp_155_reg_9091">13, 0, 13, 0</column>
<column name="tmp_158_reg_9113">12, 0, 12, 0</column>
<column name="tmp_159_reg_8667">1, 0, 1, 0</column>
<column name="tmp_15_reg_7356">59, 0, 59, 0</column>
<column name="tmp_161_reg_9135">11, 0, 11, 0</column>
<column name="tmp_164_reg_9157">10, 0, 10, 0</column>
<column name="tmp_165_reg_8711">1, 0, 1, 0</column>
<column name="tmp_167_reg_9179">9, 0, 9, 0</column>
<column name="tmp_168_reg_8749">1, 0, 1, 0</column>
<column name="tmp_170_reg_9201">8, 0, 8, 0</column>
<column name="tmp_171_reg_8787">1, 0, 1, 0</column>
<column name="tmp_173_reg_9223">7, 0, 7, 0</column>
<column name="tmp_174_reg_8825">1, 0, 1, 0</column>
<column name="tmp_176_reg_9245">6, 0, 6, 0</column>
<column name="tmp_179_reg_9267">5, 0, 5, 0</column>
<column name="tmp_180_reg_8869">1, 0, 1, 0</column>
<column name="tmp_182_reg_9289">4, 0, 4, 0</column>
<column name="tmp_183_reg_8907">1, 0, 1, 0</column>
<column name="tmp_185_reg_9311">3, 0, 3, 0</column>
<column name="tmp_188_reg_9333">2, 0, 2, 0</column>
<column name="tmp_20_reg_7389">58, 0, 58, 0</column>
<column name="tmp_21_reg_7399">1, 0, 1, 0</column>
<column name="tmp_23_reg_7422">57, 0, 57, 0</column>
<column name="tmp_26_reg_7460">56, 0, 56, 0</column>
<column name="tmp_27_reg_7443">1, 0, 1, 0</column>
<column name="tmp_29_reg_7504">55, 0, 55, 0</column>
<column name="tmp_2_reg_7235">1, 0, 1, 0</column>
<column name="tmp_32_reg_7542">54, 0, 54, 0</column>
<column name="tmp_33_reg_7487">1, 0, 1, 0</column>
<column name="tmp_35_reg_7580">53, 0, 53, 0</column>
<column name="tmp_36_reg_7525">1, 0, 1, 0</column>
<column name="tmp_38_reg_7618">52, 0, 52, 0</column>
<column name="tmp_39_reg_7563">1, 0, 1, 0</column>
<column name="tmp_41_reg_7656">51, 0, 51, 0</column>
<column name="tmp_42_reg_7601">1, 0, 1, 0</column>
<column name="tmp_44_reg_7694">50, 0, 50, 0</column>
<column name="tmp_45_reg_7639">1, 0, 1, 0</column>
<column name="tmp_47_reg_7732">49, 0, 49, 0</column>
<column name="tmp_48_reg_7677">1, 0, 1, 0</column>
<column name="tmp_4_reg_7245">1, 0, 1, 0</column>
<column name="tmp_50_reg_7770">48, 0, 48, 0</column>
<column name="tmp_51_reg_7715">1, 0, 1, 0</column>
<column name="tmp_53_reg_7808">47, 0, 47, 0</column>
<column name="tmp_54_reg_7753">1, 0, 1, 0</column>
<column name="tmp_56_reg_7846">46, 0, 46, 0</column>
<column name="tmp_57_reg_7791">1, 0, 1, 0</column>
<column name="tmp_59_reg_7884">45, 0, 45, 0</column>
<column name="tmp_60_reg_7829">1, 0, 1, 0</column>
<column name="tmp_62_reg_7922">44, 0, 44, 0</column>
<column name="tmp_63_reg_7867">1, 0, 1, 0</column>
<column name="tmp_65_reg_7960">43, 0, 43, 0</column>
<column name="tmp_66_reg_7905">1, 0, 1, 0</column>
<column name="tmp_68_reg_8004">42, 0, 42, 0</column>
<column name="tmp_69_reg_7943">1, 0, 1, 0</column>
<column name="tmp_6_reg_7261">61, 0, 61, 0</column>
<column name="tmp_71_reg_8048">41, 0, 41, 0</column>
<column name="tmp_74_reg_8092">40, 0, 40, 0</column>
<column name="tmp_75_reg_7987">1, 0, 1, 0</column>
<column name="tmp_77_reg_8136">39, 0, 39, 0</column>
<column name="tmp_7_reg_7276">1, 0, 1, 0</column>
<column name="tmp_80_reg_8174">38, 0, 38, 0</column>
<column name="tmp_81_reg_8031">1, 0, 1, 0</column>
<column name="tmp_83_reg_8212">37, 0, 37, 0</column>
<column name="tmp_86_reg_8250">36, 0, 36, 0</column>
<column name="tmp_87_reg_8075">1, 0, 1, 0</column>
<column name="tmp_89_reg_8288">35, 0, 35, 0</column>
<column name="tmp_92_reg_8332">34, 0, 34, 0</column>
<column name="tmp_93_reg_8119">1, 0, 1, 0</column>
<column name="tmp_95_reg_8376">33, 0, 33, 0</column>
<column name="tmp_96_reg_8157">1, 0, 1, 0</column>
<column name="tmp_98_reg_8420">32, 0, 32, 0</column>
<column name="tmp_99_reg_8195">1, 0, 1, 0</column>
<column name="tmp_9_reg_7293">61, 0, 61, 0</column>
<column name="tmp_reg_7216">1, 0, 1, 0</column>
<column name="tmp_s_reg_9381">18, 0, 18, 0</column>
<column name="trunc_ln1488_2_reg_7266">62, 0, 62, 0</column>
<column name="trunc_ln1488_4_reg_7298">61, 0, 61, 0</column>
<column name="trunc_ln1488_6_reg_7329">60, 0, 60, 0</column>
<column name="trunc_ln813_reg_9344">65, 0, 65, 0</column>
<column name="trunc_ln838_reg_7169">33, 0, 33, 0</column>
<column name="tx_10_reg_7574">65, 0, 65, 0</column>
<column name="tx_11_reg_7612">65, 0, 65, 0</column>
<column name="tx_12_reg_7650">65, 0, 65, 0</column>
<column name="tx_13_reg_7688">65, 0, 65, 0</column>
<column name="tx_14_reg_7726">65, 0, 65, 0</column>
<column name="tx_15_reg_7764">65, 0, 65, 0</column>
<column name="tx_16_reg_7802">65, 0, 65, 0</column>
<column name="tx_17_reg_7840">65, 0, 65, 0</column>
<column name="tx_18_reg_7878">65, 0, 65, 0</column>
<column name="tx_19_reg_7916">65, 0, 65, 0</column>
<column name="tx_1_reg_7256">64, 0, 64, 0</column>
<column name="tx_20_reg_7954">65, 0, 65, 0</column>
<column name="tx_21_reg_7998">65, 0, 65, 0</column>
<column name="tx_22_reg_8042">65, 0, 65, 0</column>
<column name="tx_23_reg_8086">65, 0, 65, 0</column>
<column name="tx_24_reg_8130">65, 0, 65, 0</column>
<column name="tx_25_reg_8168">65, 0, 65, 0</column>
<column name="tx_26_reg_8206">65, 0, 65, 0</column>
<column name="tx_27_reg_8244">65, 0, 65, 0</column>
<column name="tx_28_reg_8282">65, 0, 65, 0</column>
<column name="tx_29_reg_8326">65, 0, 65, 0</column>
<column name="tx_2_reg_7287">65, 0, 65, 0</column>
<column name="tx_30_reg_8370">65, 0, 65, 0</column>
<column name="tx_31_reg_8414">65, 0, 65, 0</column>
<column name="tx_32_reg_8458">65, 0, 65, 0</column>
<column name="tx_33_reg_8502">65, 0, 65, 0</column>
<column name="tx_34_reg_8546">65, 0, 65, 0</column>
<column name="tx_35_reg_8590">65, 0, 65, 0</column>
<column name="tx_36_reg_8634">65, 0, 65, 0</column>
<column name="tx_37_reg_8678">65, 0, 65, 0</column>
<column name="tx_38_reg_8722">65, 0, 65, 0</column>
<column name="tx_39_reg_8760">65, 0, 65, 0</column>
<column name="tx_3_reg_7318">65, 0, 65, 0</column>
<column name="tx_40_reg_8798">65, 0, 65, 0</column>
<column name="tx_41_reg_8836">65, 0, 65, 0</column>
<column name="tx_42_reg_8880">65, 0, 65, 0</column>
<column name="tx_43_reg_8918">65, 0, 65, 0</column>
<column name="tx_44_reg_8953">65, 0, 65, 0</column>
<column name="tx_45_reg_8975">65, 0, 65, 0</column>
<column name="tx_46_reg_8997">65, 0, 65, 0</column>
<column name="tx_47_reg_9019">65, 0, 65, 0</column>
<column name="tx_48_reg_9041">65, 0, 65, 0</column>
<column name="tx_49_reg_9063">65, 0, 65, 0</column>
<column name="tx_4_reg_7350">65, 0, 65, 0</column>
<column name="tx_50_reg_9085">65, 0, 65, 0</column>
<column name="tx_51_reg_9107">65, 0, 65, 0</column>
<column name="tx_52_reg_9129">65, 0, 65, 0</column>
<column name="tx_53_reg_9151">65, 0, 65, 0</column>
<column name="tx_54_reg_9173">65, 0, 65, 0</column>
<column name="tx_55_reg_9195">65, 0, 65, 0</column>
<column name="tx_56_reg_9217">65, 0, 65, 0</column>
<column name="tx_57_reg_9239">65, 0, 65, 0</column>
<column name="tx_58_reg_9261">65, 0, 65, 0</column>
<column name="tx_59_reg_9283">65, 0, 65, 0</column>
<column name="tx_5_reg_7377">65, 0, 65, 0</column>
<column name="tx_60_reg_9305">65, 0, 65, 0</column>
<column name="tx_61_reg_9327">65, 0, 65, 0</column>
<column name="tx_6_reg_7410">65, 0, 65, 0</column>
<column name="tx_7_reg_7454">65, 0, 65, 0</column>
<column name="tx_8_reg_7498">65, 0, 65, 0</column>
<column name="tx_9_reg_7536">65, 0, 65, 0</column>
<column name="ty_10_reg_7568">66, 0, 66, 0</column>
<column name="ty_11_reg_7606">66, 0, 66, 0</column>
<column name="ty_12_reg_7644">66, 0, 66, 0</column>
<column name="ty_13_reg_7682">66, 0, 66, 0</column>
<column name="ty_14_reg_7720">66, 0, 66, 0</column>
<column name="ty_15_reg_7758">66, 0, 66, 0</column>
<column name="ty_16_reg_7796">66, 0, 66, 0</column>
<column name="ty_17_reg_7834">66, 0, 66, 0</column>
<column name="ty_18_reg_7872">66, 0, 66, 0</column>
<column name="ty_19_reg_7910">66, 0, 66, 0</column>
<column name="ty_1_reg_7250">64, 0, 65, 1</column>
<column name="ty_20_reg_7948">66, 0, 66, 0</column>
<column name="ty_21_reg_7992">66, 0, 66, 0</column>
<column name="ty_22_reg_8036">66, 0, 66, 0</column>
<column name="ty_23_reg_8080">66, 0, 66, 0</column>
<column name="ty_24_reg_8124">66, 0, 66, 0</column>
<column name="ty_25_reg_8162">66, 0, 66, 0</column>
<column name="ty_26_reg_8200">66, 0, 66, 0</column>
<column name="ty_27_reg_8238">66, 0, 66, 0</column>
<column name="ty_28_reg_8276">66, 0, 66, 0</column>
<column name="ty_29_reg_8320">66, 0, 66, 0</column>
<column name="ty_2_reg_7281">65, 0, 65, 0</column>
<column name="ty_30_reg_8364">66, 0, 66, 0</column>
<column name="ty_31_reg_8408">66, 0, 66, 0</column>
<column name="ty_32_reg_8452">66, 0, 66, 0</column>
<column name="ty_33_reg_8496">66, 0, 66, 0</column>
<column name="ty_34_reg_8540">66, 0, 66, 0</column>
<column name="ty_35_reg_8584">66, 0, 66, 0</column>
<column name="ty_36_reg_8628">66, 0, 66, 0</column>
<column name="ty_37_reg_8672">66, 0, 66, 0</column>
<column name="ty_38_reg_8716">66, 0, 66, 0</column>
<column name="ty_39_reg_8754">66, 0, 66, 0</column>
<column name="ty_3_reg_7313">65, 0, 65, 0</column>
<column name="ty_40_reg_8792">66, 0, 66, 0</column>
<column name="ty_41_reg_8830">66, 0, 66, 0</column>
<column name="ty_42_reg_8874">66, 0, 66, 0</column>
<column name="ty_43_reg_8912">66, 0, 66, 0</column>
<column name="ty_44_reg_8947">66, 0, 66, 0</column>
<column name="ty_45_reg_8969">66, 0, 66, 0</column>
<column name="ty_46_reg_8991">66, 0, 66, 0</column>
<column name="ty_47_reg_9013">66, 0, 66, 0</column>
<column name="ty_48_reg_9035">66, 0, 66, 0</column>
<column name="ty_49_reg_9057">66, 0, 66, 0</column>
<column name="ty_4_reg_7344">66, 0, 66, 0</column>
<column name="ty_50_reg_9079">66, 0, 66, 0</column>
<column name="ty_51_reg_9101">66, 0, 66, 0</column>
<column name="ty_52_reg_9123">66, 0, 66, 0</column>
<column name="ty_53_reg_9145">66, 0, 66, 0</column>
<column name="ty_54_reg_9167">66, 0, 66, 0</column>
<column name="ty_55_reg_9189">66, 0, 66, 0</column>
<column name="ty_56_reg_9211">66, 0, 66, 0</column>
<column name="ty_57_reg_9233">66, 0, 66, 0</column>
<column name="ty_58_reg_9255">66, 0, 66, 0</column>
<column name="ty_59_reg_9277">66, 0, 66, 0</column>
<column name="ty_5_reg_7371">66, 0, 66, 0</column>
<column name="ty_60_reg_9299">66, 0, 66, 0</column>
<column name="ty_61_reg_9321">66, 0, 66, 0</column>
<column name="ty_63_reg_9365">65, 0, 65, 0</column>
<column name="ty_6_reg_7404">66, 0, 66, 0</column>
<column name="ty_7_reg_7448">66, 0, 66, 0</column>
<column name="ty_8_reg_7492">66, 0, 66, 0</column>
<column name="ty_9_reg_7530">66, 0, 66, 0</column>
<column name="tz_10_reg_7476">66, 0, 66, 0</column>
<column name="tz_11_reg_7514">66, 0, 66, 0</column>
<column name="tz_12_reg_7552">66, 0, 66, 0</column>
<column name="tz_13_reg_7590">66, 0, 66, 0</column>
<column name="tz_14_reg_7628">66, 0, 66, 0</column>
<column name="tz_15_reg_7666">66, 0, 66, 0</column>
<column name="tz_16_reg_7704">66, 0, 66, 0</column>
<column name="tz_17_reg_7742">66, 0, 66, 0</column>
<column name="tz_18_reg_7780">66, 0, 66, 0</column>
<column name="tz_19_reg_7818">66, 0, 66, 0</column>
<column name="tz_1_reg_7240">66, 0, 66, 0</column>
<column name="tz_20_reg_7856">66, 0, 66, 0</column>
<column name="tz_21_reg_7894">66, 0, 66, 0</column>
<column name="tz_22_reg_7932">66, 0, 66, 0</column>
<column name="tz_24_reg_7976">66, 0, 66, 0</column>
<column name="tz_26_reg_8020">66, 0, 66, 0</column>
<column name="tz_28_reg_8064">66, 0, 66, 0</column>
<column name="tz_2_reg_7271">66, 0, 66, 0</column>
<column name="tz_30_reg_8108">66, 0, 66, 0</column>
<column name="tz_31_reg_8146">66, 0, 66, 0</column>
<column name="tz_32_reg_8184">66, 0, 66, 0</column>
<column name="tz_33_reg_8222">66, 0, 66, 0</column>
<column name="tz_34_reg_8260">66, 0, 66, 0</column>
<column name="tz_36_reg_8304">66, 0, 66, 0</column>
<column name="tz_38_reg_8348">66, 0, 66, 0</column>
<column name="tz_3_reg_7303">66, 0, 66, 0</column>
<column name="tz_40_reg_8392">66, 0, 66, 0</column>
<column name="tz_42_reg_8436">66, 0, 66, 0</column>
<column name="tz_44_reg_8480">66, 0, 66, 0</column>
<column name="tz_46_reg_8524">66, 0, 66, 0</column>
<column name="tz_48_reg_8568">66, 0, 66, 0</column>
<column name="tz_4_reg_7334">66, 0, 66, 0</column>
<column name="tz_50_reg_8612">66, 0, 66, 0</column>
<column name="tz_52_reg_8656">66, 0, 66, 0</column>
<column name="tz_54_reg_8700">66, 0, 66, 0</column>
<column name="tz_55_reg_8738">66, 0, 66, 0</column>
<column name="tz_56_reg_8776">66, 0, 66, 0</column>
<column name="tz_57_reg_8814">66, 0, 66, 0</column>
<column name="tz_59_reg_8858">66, 0, 66, 0</column>
<column name="tz_60_reg_8896">66, 0, 66, 0</column>
<column name="tz_6_reg_7366">66, 0, 66, 0</column>
<column name="tz_8_reg_7432">66, 0, 66, 0</column>
<column name="tz_reg_7224">66, 0, 66, 0</column>
<column name="x_out_addr_reg_7136">8, 0, 8, 0</column>
<column name="empty_70_reg_7197">64, 32, 1, 0</column>
<column name="icmp_ln490_reg_7132">64, 32, 1, 0</column>
<column name="k_V_reg_7184">64, 32, 2, 0</column>
<column name="p_Result_10_reg_7481">64, 32, 1, 0</column>
<column name="p_Result_11_reg_7519">64, 32, 1, 0</column>
<column name="p_Result_12_reg_7557">64, 32, 1, 0</column>
<column name="p_Result_13_reg_7595">64, 32, 1, 0</column>
<column name="p_Result_14_reg_7633">64, 32, 1, 0</column>
<column name="p_Result_15_reg_7671">64, 32, 1, 0</column>
<column name="p_Result_16_reg_7709">64, 32, 1, 0</column>
<column name="p_Result_17_reg_7747">64, 32, 1, 0</column>
<column name="p_Result_18_reg_7785">64, 32, 1, 0</column>
<column name="p_Result_19_reg_7823">64, 32, 1, 0</column>
<column name="p_Result_20_reg_7861">64, 32, 1, 0</column>
<column name="p_Result_21_reg_7899">64, 32, 1, 0</column>
<column name="p_Result_22_reg_7937">64, 32, 1, 0</column>
<column name="p_Result_23_reg_7970">64, 32, 1, 0</column>
<column name="p_Result_24_reg_7981">64, 32, 1, 0</column>
<column name="p_Result_25_reg_8014">64, 32, 1, 0</column>
<column name="p_Result_26_reg_8025">64, 32, 1, 0</column>
<column name="p_Result_27_reg_8058">64, 32, 1, 0</column>
<column name="p_Result_28_reg_8069">64, 32, 1, 0</column>
<column name="p_Result_29_reg_8102">64, 32, 1, 0</column>
<column name="p_Result_30_reg_8113">64, 32, 1, 0</column>
<column name="p_Result_31_reg_8151">64, 32, 1, 0</column>
<column name="p_Result_32_reg_8189">64, 32, 1, 0</column>
<column name="p_Result_33_reg_8227">64, 32, 1, 0</column>
<column name="p_Result_34_reg_8265">64, 32, 1, 0</column>
<column name="p_Result_35_reg_8298">64, 32, 1, 0</column>
<column name="p_Result_36_reg_8309">64, 32, 1, 0</column>
<column name="p_Result_37_reg_8342">64, 32, 1, 0</column>
<column name="p_Result_38_reg_8353">64, 32, 1, 0</column>
<column name="p_Result_39_reg_8386">64, 32, 1, 0</column>
<column name="p_Result_40_reg_8397">64, 32, 1, 0</column>
<column name="p_Result_41_reg_8430">64, 32, 1, 0</column>
<column name="p_Result_42_reg_8441">64, 32, 1, 0</column>
<column name="p_Result_43_reg_8474">64, 32, 1, 0</column>
<column name="p_Result_44_reg_8485">64, 32, 1, 0</column>
<column name="p_Result_45_reg_8518">64, 32, 1, 0</column>
<column name="p_Result_46_reg_8529">64, 32, 1, 0</column>
<column name="p_Result_47_reg_8562">64, 32, 1, 0</column>
<column name="p_Result_48_reg_8573">64, 32, 1, 0</column>
<column name="p_Result_49_reg_8606">64, 32, 1, 0</column>
<column name="p_Result_50_reg_8617">64, 32, 1, 0</column>
<column name="p_Result_51_reg_8650">64, 32, 1, 0</column>
<column name="p_Result_52_reg_8661">64, 32, 1, 0</column>
<column name="p_Result_53_reg_8694">64, 32, 1, 0</column>
<column name="p_Result_54_reg_8705">64, 32, 1, 0</column>
<column name="p_Result_55_reg_8743">64, 32, 1, 0</column>
<column name="p_Result_56_reg_8781">64, 32, 1, 0</column>
<column name="p_Result_57_reg_8819">64, 32, 1, 0</column>
<column name="p_Result_58_reg_8852">64, 32, 1, 0</column>
<column name="p_Result_59_reg_8863">64, 32, 1, 0</column>
<column name="p_Result_60_reg_8901">64, 32, 1, 0</column>
<column name="p_Result_61_reg_8934">64, 32, 1, 0</column>
<column name="p_Result_62_reg_8940">64, 32, 1, 0</column>
<column name="sign0_reg_7159">64, 32, 1, 0</column>
<column name="trunc_ln838_reg_7169">64, 32, 33, 0</column>
<column name="x_out_addr_reg_7136">64, 32, 8, 0</column>
</table>
</item>
</section>
</item>
</section>

<section name = "Interface" level="0">
<item name = "Summary"><table name="" hasTotal="0">
<keys size="6">RTL Ports, Dir, Bits, Protocol, Source Object, C Type</keys>
<column name="ap_clk">in, 1, ap_ctrl_hs, forward.1, return value</column>
<column name="ap_rst">in, 1, ap_ctrl_hs, forward.1, return value</column>
<column name="ap_start">in, 1, ap_ctrl_hs, forward.1, return value</column>
<column name="ap_done">out, 1, ap_ctrl_hs, forward.1, return value</column>
<column name="ap_idle">out, 1, ap_ctrl_hs, forward.1, return value</column>
<column name="ap_ready">out, 1, ap_ctrl_hs, forward.1, return value</column>
<column name="x_out_address0">out, 8, ap_memory, x_out, array</column>
<column name="x_out_ce0">out, 1, ap_memory, x_out, array</column>
<column name="x_out_we0">out, 1, ap_memory, x_out, array</column>
<column name="x_out_d0">out, 32, ap_memory, x_out, array</column>
<column name="x_out_address1">out, 8, ap_memory, x_out, array</column>
<column name="x_out_ce1">out, 1, ap_memory, x_out, array</column>
<column name="x_out_q1">in, 32, ap_memory, x_out, array</column>
<column name="siren_net_input_layer_sine_w0_V">in, 32, ap_none, siren_net_input_layer_sine_w0_V, pointer</column>
</table>
</item>
</section>
</profile>
