<profile>

<section name = "Vitis HLS Report for 'forward_2'" level="0">
<item name = "Date">Fri Jul  7 13:57:21 2023
</item>
<item name = "Version">2022.2.2 (Build 3779808 on Feb 17 2023)</item>
<item name = "Project">model_top_vitis_hls_project</item>
<item name = "Solution">solution1 (Vitis Kernel Flow Target)</item>
<item name = "Product family">zynquplus</item>
<item name = "Target device">xczu9eg-ffvb1156-2-e</item>
</section>

<section name = "Performance Estimates" level="0">
<item name = "Timing">
<section name = "" level="1">
<item name = "Summary"><table name="" hasTotal="0">
<keys size="4">Clock, Target, Estimated, Uncertainty</keys>
<column name="ap_clk">3.33 ns, 2.365 ns, 0.90 ns</column>
</table>
</item>
</section>
</item>
<item name = "Latency">
<section name = "" level="1">
<item name = "Summary"><table name="" hasTotal="0">
<keys size="8">, min, max, min, max, min, max, Type</keys>
<column name="">262148, 262148, 0.873 ms, 0.873 ms, 262148, 262148, no</column>
</table>
</item>
<item name = "Detail">
<section name = "" level="1">
<item name = "Instance"><table name="" hasTotal="0">
<keys size="9">Instance, Module, min, max, min, max, min, max, Type</keys>
</table>
</item>
<item name = "Loop"><table name="" hasTotal="0">
<keys size="8">Loop Name, min, max, Latency, achieved, target, Count, Pipelined</keys>
<column name="- VITIS_LOOP_402_1_VITIS_LOOP_404_2">262146, 262146, 7, 4, 1, 65536, yes</column>
</table>
</item>
</section>
</item>
</section>
</item>
</section>

<section name = "Utilization Estimates" level="0">
<item name = "Summary"><table name="" hasTotal="1">
<keys size="6">Name, BRAM_18K, DSP, FF, LUT, URAM</keys>
<column name="DSP">-, -, -, -, -</column>
<column name="Expression">-, -, 0, 175, -</column>
<column name="FIFO">-, -, -, -, -</column>
<column name="Instance">-, 3, 165, 49, -</column>
<column name="Memory">-, -, -, -, -</column>
<column name="Multiplexer">-, -, -, 108, -</column>
<column name="Register">-, -, 257, -, -</column>
<specialColumn name="Available">1824, 2520, 548160, 274080, 0</specialColumn>
<specialColumn name="Utilization (%)">0, ~0, ~0, ~0, 0</specialColumn>
</table>
</item>
<item name = "Detail">
<section name = "" level="1">
<item name = "Instance"><table name="" hasTotal="1">
<keys size="7">Instance, Module, BRAM_18K, DSP, FF, LUT, URAM</keys>
<column name="mul_32s_32s_48_2_1_U73">mul_32s_32s_48_2_1, 0, 3, 165, 49, 0</column>
</table>
</item>
<item name = "DSP"><table name="" hasTotal="0">
<keys size="3">Instance, Module, Expression</keys>
</table>
</item>
<item name = "Memory"><table name="" hasTotal="1">
<keys size="10">Memory, Module, BRAM_18K, FF, LUT, URAM, Words, Bits, Banks, W*Bits*Banks</keys>
</table>
</item>
<item name = "FIFO"><table name="" hasTotal="1">
<keys size="8">Name, BRAM_18K, FF, LUT, URAM, Depth, Bits, Size:D*B</keys>
</table>
</item>
<item name = "Expression"><table name="" hasTotal="1">
<keys size="7">Variable Name, Operation, DSP, FF, LUT, Bitwidth P0, Bitwidth P1</keys>
<column name="add_ln1271_fu_208_p2">+, 0, 0, 25, 18, 18</column>
<column name="add_ln402_1_fu_139_p2">+, 0, 0, 24, 17, 1</column>
<column name="add_ln402_fu_151_p2">+, 0, 0, 16, 9, 1</column>
<column name="add_ln404_fu_239_p2">+, 0, 0, 16, 9, 1</column>
<column name="add_ln813_fu_259_p2">+, 0, 0, 39, 32, 32</column>
<column name="cmp43_fu_179_p2">icmp, 0, 0, 11, 9, 1</column>
<column name="icmp_ln402_fu_133_p2">icmp, 0, 0, 13, 17, 18</column>
<column name="icmp_ln404_fu_157_p2">icmp, 0, 0, 11, 9, 10</column>
<column name="select_ln402_1_fu_171_p3">select, 0, 0, 9, 1, 9</column>
<column name="select_ln402_fu_163_p3">select, 0, 0, 9, 1, 1</column>
<column name="ap_enable_pp0">xor, 0, 0, 2, 1, 2</column>
</table>
</item>
<item name = "Multiplexer"><table name="" hasTotal="1">
<keys size="5">Name, LUT, Input Size, Bits, Total Bits</keys>
<column name="ap_NS_fsm">26, 5, 1, 5</column>
<column name="ap_done_int">9, 2, 1, 2</column>
<column name="ap_enable_reg_pp0_iter0">9, 2, 1, 2</column>
<column name="ap_enable_reg_pp0_iter1">9, 2, 1, 2</column>
<column name="i_fu_56">9, 2, 9, 18</column>
<column name="indvar_flatten_fu_60">9, 2, 17, 34</column>
<column name="j_fu_52">9, 2, 9, 18</column>
<column name="output_r_address0">14, 3, 10, 30</column>
<column name="output_r_d0">14, 3, 32, 96</column>
</table>
</item>
<item name = "Register"><table name="" hasTotal="1">
<keys size="5">Name, FF, LUT, Bits, Const Bits</keys>
<column name="add_ln402_1_reg_289">17, 0, 17, 0</column>
<column name="ap_CS_fsm">4, 0, 4, 0</column>
<column name="ap_done_reg">1, 0, 1, 0</column>
<column name="ap_enable_reg_pp0_iter0_reg">1, 0, 1, 0</column>
<column name="ap_enable_reg_pp0_iter1">1, 0, 1, 0</column>
<column name="cmp43_reg_308">1, 0, 1, 0</column>
<column name="i_fu_56">9, 0, 9, 0</column>
<column name="icmp_ln402_reg_285">1, 0, 1, 0</column>
<column name="indvar_flatten_fu_60">17, 0, 17, 0</column>
<column name="input_load_reg_342">32, 0, 32, 0</column>
<column name="j_fu_52">9, 0, 9, 0</column>
<column name="output_addr_reg_312">9, 0, 10, 1</column>
<column name="output_addr_reg_312_pp0_iter1_reg">9, 0, 10, 1</column>
<column name="output_load_reg_362">32, 0, 32, 0</column>
<column name="r_V_reg_337">32, 0, 32, 0</column>
<column name="select_ln402_1_reg_301">9, 0, 9, 0</column>
<column name="select_ln402_reg_294">9, 0, 9, 0</column>
<column name="this_bias_load_reg_332">32, 0, 32, 0</column>
<column name="trunc_ln_reg_357">32, 0, 32, 0</column>
</table>
</item>
</section>
</item>
</section>

<section name = "Interface" level="0">
<item name = "Summary"><table name="" hasTotal="0">
<keys size="6">RTL Ports, Dir, Bits, Protocol, Source Object, C Type</keys>
<column name="ap_clk">in, 1, ap_ctrl_hs, forward.2, return value</column>
<column name="ap_rst">in, 1, ap_ctrl_hs, forward.2, return value</column>
<column name="ap_start">in, 1, ap_ctrl_hs, forward.2, return value</column>
<column name="ap_done">out, 1, ap_ctrl_hs, forward.2, return value</column>
<column name="ap_idle">out, 1, ap_ctrl_hs, forward.2, return value</column>
<column name="ap_ready">out, 1, ap_ctrl_hs, forward.2, return value</column>
<column name="this_weight_address0">out, 18, ap_memory, this_weight, array</column>
<column name="this_weight_ce0">out, 1, ap_memory, this_weight, array</column>
<column name="this_weight_q0">in, 32, ap_memory, this_weight, array</column>
<column name="this_bias_address0">out, 10, ap_memory, this_bias, array</column>
<column name="this_bias_ce0">out, 1, ap_memory, this_bias, array</column>
<column name="this_bias_q0">in, 32, ap_memory, this_bias, array</column>
<column name="input_r_address0">out, 8, ap_memory, input_r, array</column>
<column name="input_r_ce0">out, 1, ap_memory, input_r, array</column>
<column name="input_r_q0">in, 32, ap_memory, input_r, array</column>
<column name="output_r_address0">out, 10, ap_memory, output_r, array</column>
<column name="output_r_ce0">out, 1, ap_memory, output_r, array</column>
<column name="output_r_we0">out, 1, ap_memory, output_r, array</column>
<column name="output_r_d0">out, 32, ap_memory, output_r, array</column>
<column name="output_r_q0">in, 32, ap_memory, output_r, array</column>
</table>
</item>
</section>
</profile>
