<stg><name>forward.1.1_Pipeline_VITIS_LOOP_404_2</name>


<trans_list>

<trans id="73" from="1" to="2">
<condition id="-1">
<or_exp><and_exp></and_exp></or_exp>
</condition>
</trans>

<trans id="68" from="2" to="3">
<condition id="-1">
<or_exp><and_exp></and_exp></or_exp>
</condition>
</trans>

<trans id="69" from="3" to="4">
<condition id="-1">
<or_exp><and_exp></and_exp></or_exp>
</condition>
</trans>

<trans id="70" from="4" to="5">
<condition id="-1">
<or_exp><and_exp></and_exp></or_exp>
</condition>
</trans>
</trans_list>



<state_list>

<state id="1" st_id="2">

<operation id="8" st_id="1" stage="1" lat="1">
<core>NULL</core>
<MemPortIdVec></MemPortIdVec>
<condition id="-1">
<or_exp><and_exp></and_exp></or_exp>
</condition>

<Node id="8" bw="32" op_0_bw="32">
<![CDATA[
newFuncRoot:0 %p_0_0_08 = alloca i32 1

]]></Node>
<StgValue><ssdm name="p_0_0_08"/></StgValue>
</operation>

<operation id="9" st_id="1" stage="1" lat="1">
<core>NULL</core>
<MemPortIdVec></MemPortIdVec>
<condition id="-1">
<or_exp><and_exp></and_exp></or_exp>
</condition>

<Node id="9" bw="9" op_0_bw="32">
<![CDATA[
newFuncRoot:1 %j = alloca i32 1

]]></Node>
<StgValue><ssdm name="j"/></StgValue>
</operation>

<operation id="10" st_id="1" stage="1" lat="1">
<core>NULL</core>
<MemPortIdVec></MemPortIdVec>
<condition id="-1">
<or_exp><and_exp></and_exp></or_exp>
</condition>

<Node id="10" bw="32" op_0_bw="32" op_1_bw="32">
<![CDATA[
newFuncRoot:2 %tmp_read = read i32 @_ssdm_op_Read.ap_auto.i32, i32 %tmp

]]></Node>
<StgValue><ssdm name="tmp_read"/></StgValue>
</operation>

<operation id="11" st_id="1" stage="1" lat="1">
<core>NULL</core>
<MemPortIdVec></MemPortIdVec>
<condition id="-1">
<or_exp><and_exp></and_exp></or_exp>
</condition>

<Node id="11" bw="10" op_0_bw="10" op_1_bw="10">
<![CDATA[
newFuncRoot:3 %zext_ln1271_read = read i10 @_ssdm_op_Read.ap_auto.i10, i10 %zext_ln1271

]]></Node>
<StgValue><ssdm name="zext_ln1271_read"/></StgValue>
</operation>

<operation id="12" st_id="1" stage="1" lat="1">
<core>NULL</core>
<MemPortIdVec></MemPortIdVec>
<condition id="-1">
<or_exp><and_exp></and_exp></or_exp>
</condition>

<Node id="12" bw="2" op_0_bw="2" op_1_bw="2">
<![CDATA[
newFuncRoot:4 %zext_ln402_read = read i2 @_ssdm_op_Read.ap_auto.i2, i2 %zext_ln402

]]></Node>
<StgValue><ssdm name="zext_ln402_read"/></StgValue>
</operation>

<operation id="13" st_id="1" stage="1" lat="1">
<core>NULL</core>
<MemPortIdVec></MemPortIdVec>
<condition id="-1">
<or_exp><and_exp></and_exp></or_exp>
</condition>

<Node id="13" bw="32" op_0_bw="32" op_1_bw="32">
<![CDATA[
newFuncRoot:5 %output_load_read = read i32 @_ssdm_op_Read.ap_auto.i32, i32 %output_load

]]></Node>
<StgValue><ssdm name="output_load_read"/></StgValue>
</operation>

<operation id="14" st_id="1" stage="1" lat="1">
<core>NULL</core>
<MemPortIdVec></MemPortIdVec>
<condition id="-1">
<or_exp><and_exp></and_exp></or_exp>
</condition>

<Node id="14" bw="64" op_0_bw="2">
<![CDATA[
newFuncRoot:6 %zext_ln402_cast = zext i2 %zext_ln402_read

]]></Node>
<StgValue><ssdm name="zext_ln402_cast"/></StgValue>
</operation>

<operation id="15" st_id="1" stage="1" lat="1">
<core>NULL</core>
<MemPortIdVec></MemPortIdVec>
<condition id="-1">
<or_exp><and_exp></and_exp></or_exp>
</condition>

<Node id="15" bw="0" op_0_bw="9" op_1_bw="9">
<![CDATA[
newFuncRoot:7 %store_ln0 = store i9 0, i9 %j

]]></Node>
<StgValue><ssdm name="store_ln0"/></StgValue>
</operation>

<operation id="16" st_id="1" stage="1" lat="1">
<core>NULL</core>
<MemPortIdVec></MemPortIdVec>
<condition id="-1">
<or_exp><and_exp></and_exp></or_exp>
</condition>

<Node id="16" bw="0" op_0_bw="32" op_1_bw="32">
<![CDATA[
newFuncRoot:8 %store_ln0 = store i32 %output_load_read, i32 %p_0_0_08

]]></Node>
<StgValue><ssdm name="store_ln0"/></StgValue>
</operation>

<operation id="17" st_id="1" stage="1" lat="1">
<core>NULL</core>
<MemPortIdVec></MemPortIdVec>
<condition id="-1">
<or_exp><and_exp></and_exp></or_exp>
</condition>

<Node id="17" bw="0" op_0_bw="0">
<![CDATA[
newFuncRoot:9 %br_ln0 = br void %for.body11

]]></Node>
<StgValue><ssdm name="br_ln0"/></StgValue>
</operation>

<operation id="18" st_id="1" stage="1" lat="1">
<core>NULL</core>
<MemPortIdVec></MemPortIdVec>
<condition id="-1">
<or_exp><and_exp></and_exp></or_exp>
</condition>

<Node id="19" bw="9" op_0_bw="9" op_1_bw="0">
<![CDATA[
for.body11:0 %j_3 = load i9 %j

]]></Node>
<StgValue><ssdm name="j_3"/></StgValue>
</operation>

<operation id="19" st_id="1" stage="1" lat="1">
<core>NULL</core>
<MemPortIdVec></MemPortIdVec>
<condition id="-1">
<or_exp><and_exp></and_exp></or_exp>
</condition>

<Node id="20" bw="2" op_0_bw="32" op_1_bw="64" op_2_bw="64">
<![CDATA[
for.body11:1 %output_addr = getelementptr i32 %output_r, i64 0, i64 %zext_ln402_cast

]]></Node>
<StgValue><ssdm name="output_addr"/></StgValue>
</operation>

<operation id="20" st_id="1" stage="1" lat="1">
<core>Cmp</core>
<MemPortIdVec></MemPortIdVec>
<condition id="-1">
<or_exp><and_exp></and_exp></or_exp>
</condition>

<Node id="21" bw="1" op_0_bw="9" op_1_bw="9">
<![CDATA[
for.body11:2 %icmp_ln404 = icmp_eq  i9 %j_3, i9 256

]]></Node>
<StgValue><ssdm name="icmp_ln404"/></StgValue>
</operation>

<operation id="21" st_id="1" stage="1" lat="1">
<core>NULL</core>
<MemPortIdVec></MemPortIdVec>
<condition id="-1">
<or_exp><and_exp></and_exp></or_exp>
</condition>

<Node id="22" bw="32" op_0_bw="32" op_1_bw="64" op_2_bw="64" op_3_bw="64">
<![CDATA[
for.body11:3 %empty = speclooptripcount i32 @_ssdm_op_SpecLoopTripCount, i64 256, i64 256, i64 256

]]></Node>
<StgValue><ssdm name="empty"/></StgValue>
</operation>

<operation id="22" st_id="1" stage="1" lat="1">
<core>Adder</core>
<MemPortIdVec></MemPortIdVec>
<condition id="-1">
<or_exp><and_exp></and_exp></or_exp>
</condition>

<Node id="23" bw="9" op_0_bw="9" op_1_bw="9">
<![CDATA[
for.body11:4 %add_ln404 = add i9 %j_3, i9 1

]]></Node>
<StgValue><ssdm name="add_ln404"/></StgValue>
</operation>

<operation id="23" st_id="1" stage="1" lat="1">
<core>NULL</core>
<MemPortIdVec></MemPortIdVec>
<condition id="-1">
<or_exp><and_exp></and_exp></or_exp>
</condition>

<Node id="24" bw="0" op_0_bw="1" op_1_bw="0" op_2_bw="0">
<![CDATA[
for.body11:5 %br_ln404 = br i1 %icmp_ln404, void %for.body11.split, void %for.inc62.exitStub

]]></Node>
<StgValue><ssdm name="br_ln404"/></StgValue>
</operation>

<operation id="24" st_id="1" stage="1" lat="1">
<core>NULL</core>
<MemPortIdVec></MemPortIdVec>
<condition id="-1">
<or_exp><and_exp><literal name="icmp_ln404" val="0"/>
</and_exp></or_exp>
</condition>

<Node id="27" bw="10" op_0_bw="9">
<![CDATA[
for.body11.split:1 %zext_ln1271_8 = zext i9 %j_3

]]></Node>
<StgValue><ssdm name="zext_ln1271_8"/></StgValue>
</operation>

<operation id="25" st_id="1" stage="1" lat="1">
<core>Adder</core>
<MemPortIdVec></MemPortIdVec>
<condition id="-1">
<or_exp><and_exp><literal name="icmp_ln404" val="0"/>
</and_exp></or_exp>
</condition>

<Node id="28" bw="10" op_0_bw="10" op_1_bw="10">
<![CDATA[
for.body11.split:2 %add_ln1271 = add i10 %zext_ln1271_read, i10 %zext_ln1271_8

]]></Node>
<StgValue><ssdm name="add_ln1271"/></StgValue>
</operation>

<operation id="26" st_id="1" stage="1" lat="1">
<core>NULL</core>
<MemPortIdVec></MemPortIdVec>
<condition id="-1">
<or_exp><and_exp><literal name="icmp_ln404" val="0"/>
</and_exp></or_exp>
</condition>

<Node id="29" bw="64" op_0_bw="10">
<![CDATA[
for.body11.split:3 %zext_ln1271_9 = zext i10 %add_ln1271

]]></Node>
<StgValue><ssdm name="zext_ln1271_9"/></StgValue>
</operation>

<operation id="27" st_id="1" stage="1" lat="1">
<core>NULL</core>
<MemPortIdVec></MemPortIdVec>
<condition id="-1">
<or_exp><and_exp><literal name="icmp_ln404" val="0"/>
</and_exp></or_exp>
</condition>

<Node id="30" bw="10" op_0_bw="32" op_1_bw="64" op_2_bw="64">
<![CDATA[
for.body11.split:4 %siren_net_output_layer_weight_V_addr = getelementptr i32 %siren_net_output_layer_weight_V, i64 0, i64 %zext_ln1271_9

]]></Node>
<StgValue><ssdm name="siren_net_output_layer_weight_V_addr"/></StgValue>
</operation>

<operation id="28" st_id="1" stage="1" lat="1">
<core>LogicGate</core>
<MemPortIdVec></MemPortIdVec>
<condition id="-1">
<or_exp><and_exp><literal name="icmp_ln404" val="0"/>
</and_exp></or_exp>
</condition>

<Node id="31" bw="9" op_0_bw="9" op_1_bw="9">
<![CDATA[
for.body11.split:5 %xor_ln1273 = xor i9 %j_3, i9 256

]]></Node>
<StgValue><ssdm name="xor_ln1273"/></StgValue>
</operation>

<operation id="29" st_id="1" stage="1" lat="1">
<core>NULL</core>
<MemPortIdVec></MemPortIdVec>
<condition id="-1">
<or_exp><and_exp><literal name="icmp_ln404" val="0"/>
</and_exp></or_exp>
</condition>

<Node id="32" bw="10" op_0_bw="9">
<![CDATA[
for.body11.split:6 %sext_ln1273_1 = sext i9 %xor_ln1273

]]></Node>
<StgValue><ssdm name="sext_ln1273_1"/></StgValue>
</operation>

<operation id="30" st_id="1" stage="1" lat="1">
<core>NULL</core>
<MemPortIdVec></MemPortIdVec>
<condition id="-1">
<or_exp><and_exp><literal name="icmp_ln404" val="0"/>
</and_exp></or_exp>
</condition>

<Node id="33" bw="64" op_0_bw="10">
<![CDATA[
for.body11.split:7 %zext_ln1273 = zext i10 %sext_ln1273_1

]]></Node>
<StgValue><ssdm name="zext_ln1273"/></StgValue>
</operation>

<operation id="31" st_id="1" stage="1" lat="1">
<core>NULL</core>
<MemPortIdVec></MemPortIdVec>
<condition id="-1">
<or_exp><and_exp><literal name="icmp_ln404" val="0"/>
</and_exp></or_exp>
</condition>

<Node id="34" bw="10" op_0_bw="32" op_1_bw="64" op_2_bw="64">
<![CDATA[
for.body11.split:8 %input_addr = getelementptr i32 %input_r, i64 0, i64 %zext_ln1273

]]></Node>
<StgValue><ssdm name="input_addr"/></StgValue>
</operation>

<operation id="32" st_id="1" stage="2" lat="2">
<core>RAM</core>
<MemPortIdVec></MemPortIdVec>
<condition id="-1">
<or_exp><and_exp><literal name="icmp_ln404" val="0"/>
</and_exp></or_exp>
</condition>

<Node id="37" bw="32" op_0_bw="10">
<![CDATA[
for.body11.split:11 %r_V = load i10 %siren_net_output_layer_weight_V_addr

]]></Node>
<StgValue><ssdm name="r_V"/></StgValue>
</operation>

<operation id="33" st_id="1" stage="2" lat="2">
<core>RAM</core>
<MemPortIdVec></MemPortIdVec>
<condition id="-1">
<or_exp><and_exp><literal name="icmp_ln404" val="0"/>
</and_exp></or_exp>
</condition>

<Node id="39" bw="32" op_0_bw="10">
<![CDATA[
for.body11.split:13 %input_load = load i10 %input_addr

]]></Node>
<StgValue><ssdm name="input_load"/></StgValue>
</operation>

<operation id="34" st_id="1" stage="1" lat="1">
<core>Cmp</core>
<MemPortIdVec></MemPortIdVec>
<condition id="-1">
<or_exp><and_exp><literal name="icmp_ln404" val="0"/>
</and_exp></or_exp>
</condition>

<Node id="43" bw="1" op_0_bw="9" op_1_bw="9">
<![CDATA[
for.body11.split:17 %cmp43 = icmp_eq  i9 %j_3, i9 0

]]></Node>
<StgValue><ssdm name="cmp43"/></StgValue>
</operation>

<operation id="35" st_id="1" stage="1" lat="1">
<core>Cmp</core>
<MemPortIdVec></MemPortIdVec>
<condition id="-1">
<or_exp><and_exp><literal name="icmp_ln404" val="0"/>
</and_exp></or_exp>
</condition>

<Node id="46" bw="1" op_0_bw="9" op_1_bw="9">
<![CDATA[
for.body11.split:20 %icmp_ln404_2 = icmp_eq  i9 %add_ln404, i9 256

]]></Node>
<StgValue><ssdm name="icmp_ln404_2"/></StgValue>
</operation>

<operation id="36" st_id="1" stage="1" lat="1">
<core>NULL</core>
<MemPortIdVec></MemPortIdVec>
<condition id="-1">
<or_exp><and_exp><literal name="icmp_ln404" val="0"/>
</and_exp></or_exp>
</condition>

<Node id="47" bw="0" op_0_bw="1" op_1_bw="0" op_2_bw="0">
<![CDATA[
for.body11.split:21 %br_ln404 = br i1 %icmp_ln404_2, void %ifFalse, void %ifTrue

]]></Node>
<StgValue><ssdm name="br_ln404"/></StgValue>
</operation>

<operation id="37" st_id="1" stage="1" lat="1">
<core>NULL</core>
<MemPortIdVec></MemPortIdVec>
<condition id="-1">
<or_exp><and_exp><literal name="icmp_ln404" val="0"/>
</and_exp></or_exp>
</condition>

<Node id="52" bw="0" op_0_bw="9" op_1_bw="9" op_2_bw="0" op_3_bw="0">
<![CDATA[
ifFalse:0 %store_ln404 = store i9 %add_ln404, i9 %j

]]></Node>
<StgValue><ssdm name="store_ln404"/></StgValue>
</operation>
</state>

<state id="2" st_id="3">

<operation id="38" st_id="2" stage="1" lat="2">
<core>RAM</core>
<MemPortIdVec></MemPortIdVec>
<condition id="-1">
<or_exp><and_exp></and_exp></or_exp>
</condition>

<Node id="37" bw="32" op_0_bw="10">
<![CDATA[
for.body11.split:11 %r_V = load i10 %siren_net_output_layer_weight_V_addr

]]></Node>
<StgValue><ssdm name="r_V"/></StgValue>
</operation>

<operation id="39" st_id="2" stage="1" lat="2">
<core>RAM</core>
<MemPortIdVec></MemPortIdVec>
<condition id="-1">
<or_exp><and_exp></and_exp></or_exp>
</condition>

<Node id="39" bw="32" op_0_bw="10">
<![CDATA[
for.body11.split:13 %input_load = load i10 %input_addr

]]></Node>
<StgValue><ssdm name="input_load"/></StgValue>
</operation>
</state>

<state id="3" st_id="4">

<operation id="40" st_id="3" stage="1" lat="1">
<core>NULL</core>
<MemPortIdVec></MemPortIdVec>
<condition id="-1">
<or_exp><and_exp></and_exp></or_exp>
</condition>

<Node id="38" bw="48" op_0_bw="32">
<![CDATA[
for.body11.split:12 %sext_ln1270 = sext i32 %r_V

]]></Node>
<StgValue><ssdm name="sext_ln1270"/></StgValue>
</operation>

<operation id="41" st_id="3" stage="1" lat="1">
<core>NULL</core>
<MemPortIdVec></MemPortIdVec>
<condition id="-1">
<or_exp><and_exp></and_exp></or_exp>
</condition>

<Node id="40" bw="48" op_0_bw="32">
<![CDATA[
for.body11.split:14 %sext_ln1273 = sext i32 %input_load

]]></Node>
<StgValue><ssdm name="sext_ln1273"/></StgValue>
</operation>

<operation id="42" st_id="3" stage="2" lat="2">
<core>Multiplier</core>
<MemPortIdVec></MemPortIdVec>
<condition id="-1">
<or_exp><and_exp></and_exp></or_exp>
</condition>

<Node id="41" bw="48" op_0_bw="48" op_1_bw="48">
<![CDATA[
for.body11.split:15 %r_V_4 = mul i48 %sext_ln1273, i48 %sext_ln1270

]]></Node>
<StgValue><ssdm name="r_V_4"/></StgValue>
</operation>
</state>

<state id="4" st_id="5">

<operation id="43" st_id="4" stage="1" lat="2">
<core>Multiplier</core>
<MemPortIdVec></MemPortIdVec>
<condition id="-1">
<or_exp><and_exp></and_exp></or_exp>
</condition>

<Node id="41" bw="48" op_0_bw="48" op_1_bw="48">
<![CDATA[
for.body11.split:15 %r_V_4 = mul i48 %sext_ln1273, i48 %sext_ln1270

]]></Node>
<StgValue><ssdm name="r_V_4"/></StgValue>
</operation>

<operation id="54" st_id="4" stage="1" lat="1">
<core>NULL</core>
<MemPortIdVec></MemPortIdVec>
<condition id="-1">
<or_exp><and_exp><literal name="icmp_ln404" val="1"/>
</and_exp></or_exp>
</condition>

<Node id="56" bw="0">
<![CDATA[
for.inc62.exitStub:0 %ret_ln0 = ret

]]></Node>
<StgValue><ssdm name="ret_ln0"/></StgValue>
</operation>
</state>

<state id="5" st_id="6">

<operation id="44" st_id="5" stage="1" lat="1">
<core>NULL</core>
<MemPortIdVec></MemPortIdVec>
<condition id="-1">
<or_exp><and_exp><literal name="cmp43" val="0"/>
</and_exp></or_exp>
</condition>

<Node id="26" bw="32" op_0_bw="32" op_1_bw="0">
<![CDATA[
for.body11.split:0 %p_0_0_08_load = load i32 %p_0_0_08

]]></Node>
<StgValue><ssdm name="p_0_0_08_load"/></StgValue>
</operation>

<operation id="45" st_id="5" stage="1" lat="1">
<core>NULL</core>
<MemPortIdVec></MemPortIdVec>
<condition id="-1">
<or_exp><and_exp></and_exp></or_exp>
</condition>

<Node id="35" bw="0" op_0_bw="0" op_1_bw="32" op_2_bw="32" op_3_bw="32" op_4_bw="32" op_5_bw="0">
<![CDATA[
for.body11.split:9 %specpipeline_ln405 = specpipeline void @_ssdm_op_SpecPipeline, i32 4294967295, i32 0, i32 0, i32 0, void @empty_0

]]></Node>
<StgValue><ssdm name="specpipeline_ln405"/></StgValue>
</operation>

<operation id="46" st_id="5" stage="1" lat="1">
<core>NULL</core>
<MemPortIdVec></MemPortIdVec>
<condition id="-1">
<or_exp><and_exp></and_exp></or_exp>
</condition>

<Node id="36" bw="0" op_0_bw="0" op_1_bw="0">
<![CDATA[
for.body11.split:10 %specloopname_ln404 = specloopname void @_ssdm_op_SpecLoopName, void @empty_2

]]></Node>
<StgValue><ssdm name="specloopname_ln404"/></StgValue>
</operation>

<operation id="47" st_id="5" stage="1" lat="1">
<core>NULL</core>
<MemPortIdVec></MemPortIdVec>
<condition id="-1">
<or_exp><and_exp></and_exp></or_exp>
</condition>

<Node id="42" bw="32" op_0_bw="32" op_1_bw="48" op_2_bw="32" op_3_bw="32">
<![CDATA[
for.body11.split:16 %trunc_ln = partselect i32 @_ssdm_op_PartSelect.i32.i48.i32.i32, i48 %r_V_4, i32 16, i32 47

]]></Node>
<StgValue><ssdm name="trunc_ln"/></StgValue>
</operation>

<operation id="48" st_id="5" stage="1" lat="1">
<core>Sel</core>
<MemPortIdVec></MemPortIdVec>
<condition id="-1">
<or_exp><and_exp></and_exp></or_exp>
</condition>

<Node id="44" bw="32" op_0_bw="1" op_1_bw="32" op_2_bw="32">
<![CDATA[
for.body11.split:18 %select_ln425 = select i1 %cmp43, i32 %tmp_read, i32 %p_0_0_08_load

]]></Node>
<StgValue><ssdm name="select_ln425"/></StgValue>
</operation>

<operation id="49" st_id="5" stage="1" lat="1">
<core>Adder</core>
<MemPortIdVec></MemPortIdVec>
<condition id="-1">
<or_exp><and_exp></and_exp></or_exp>
</condition>

<Node id="45" bw="32" op_0_bw="32" op_1_bw="32">
<![CDATA[
for.body11.split:19 %add_ln813 = add i32 %select_ln425, i32 %trunc_ln

]]></Node>
<StgValue><ssdm name="add_ln813"/></StgValue>
</operation>

<operation id="50" st_id="5" stage="1" lat="1">
<core>RAM</core>
<MemPortIdVec></MemPortIdVec>
<condition id="-1">
<or_exp><and_exp><literal name="icmp_ln404_2" val="1"/>
</and_exp></or_exp>
</condition>

<Node id="49" bw="0" op_0_bw="32" op_1_bw="2">
<![CDATA[
ifTrue:0 %store_ln426 = store i32 %add_ln813, i2 %output_addr

]]></Node>
<StgValue><ssdm name="store_ln426"/></StgValue>
</operation>

<operation id="51" st_id="5" stage="1" lat="1">
<core>NULL</core>
<MemPortIdVec></MemPortIdVec>
<condition id="-1">
<or_exp><and_exp><literal name="icmp_ln404_2" val="1"/>
</and_exp></or_exp>
</condition>

<Node id="50" bw="0" op_0_bw="0">
<![CDATA[
ifTrue:1 %br_ln0 = br void %ifFalse

]]></Node>
<StgValue><ssdm name="br_ln0"/></StgValue>
</operation>

<operation id="52" st_id="5" stage="1" lat="1">
<core>NULL</core>
<MemPortIdVec></MemPortIdVec>
<condition id="-1">
<or_exp><and_exp></and_exp></or_exp>
</condition>

<Node id="53" bw="0" op_0_bw="32" op_1_bw="32" op_2_bw="0" op_3_bw="0">
<![CDATA[
ifFalse:1 %store_ln813 = store i32 %add_ln813, i32 %p_0_0_08

]]></Node>
<StgValue><ssdm name="store_ln813"/></StgValue>
</operation>

<operation id="53" st_id="5" stage="1" lat="1">
<core>NULL</core>
<MemPortIdVec></MemPortIdVec>
<condition id="-1">
<or_exp><and_exp></and_exp></or_exp>
</condition>

<Node id="54" bw="0" op_0_bw="0">
<![CDATA[
ifFalse:2 %br_ln0 = br void %for.body11

]]></Node>
<StgValue><ssdm name="br_ln0"/></StgValue>
</operation>
</state>
</state_list>


<ports>
</ports>


<dataflows>
</dataflows>


</stg>
