<profile>

<section name = "Vitis HLS Report for 'forward_1_1_Pipeline_VITIS_LOOP_404_2'" level="0">
<item name = "Date">Fri Jul  7 13:57:21 2023
</item>
<item name = "Version">2022.2.2 (Build 3779808 on Feb 17 2023)</item>
<item name = "Project">model_top_vitis_hls_project</item>
<item name = "Solution">solution1 (Vitis Kernel Flow Target)</item>
<item name = "Product family">zynquplus</item>
<item name = "Target device">xczu9eg-ffvb1156-2-e</item>
</section>

<section name = "Performance Estimates" level="0">
<item name = "Timing">
<section name = "" level="1">
<item name = "Summary"><table name="" hasTotal="0">
<keys size="4">Clock, Target, Estimated, Uncertainty</keys>
<column name="ap_clk">3.33 ns, 2.365 ns, 0.90 ns</column>
</table>
</item>
</section>
</item>
<item name = "Latency">
<section name = "" level="1">
<item name = "Summary"><table name="" hasTotal="0">
<keys size="8">, min, max, min, max, min, max, Type</keys>
<column name="">261, 261, 0.869 us, 0.869 us, 261, 261, no</column>
</table>
</item>
<item name = "Detail">
<section name = "" level="1">
<item name = "Instance"><table name="" hasTotal="0">
<keys size="9">Instance, Module, min, max, min, max, min, max, Type</keys>
</table>
</item>
<item name = "Loop"><table name="" hasTotal="0">
<keys size="8">Loop Name, min, max, Latency, achieved, target, Count, Pipelined</keys>
<column name="- VITIS_LOOP_404_2">259, 259, 5, 1, 1, 256, yes</column>
</table>
</item>
</section>
</item>
</section>
</item>
</section>

<section name = "Utilization Estimates" level="0">
<item name = "Summary"><table name="" hasTotal="1">
<keys size="6">Name, BRAM_18K, DSP, FF, LUT, URAM</keys>
<column name="DSP">-, -, -, -, -</column>
<column name="Expression">-, -, 0, 149, -</column>
<column name="FIFO">-, -, -, -, -</column>
<column name="Instance">-, -, -, -, -</column>
<column name="Memory">-, -, -, -, -</column>
<column name="Multiplexer">-, -, -, 45, -</column>
<column name="Register">-, -, 358, 96, -</column>
<specialColumn name="Available">1824, 2520, 548160, 274080, 0</specialColumn>
<specialColumn name="Utilization (%)">0, 0, ~0, ~0, 0</specialColumn>
</table>
</item>
<item name = "Detail">
<section name = "" level="1">
<item name = "Instance"><table name="" hasTotal="1">
<keys size="7">Instance, Module, BRAM_18K, DSP, FF, LUT, URAM</keys>
</table>
</item>
<item name = "DSP"><table name="" hasTotal="0">
<keys size="3">Instance, Module, Expression</keys>
</table>
</item>
<item name = "Memory"><table name="" hasTotal="1">
<keys size="10">Memory, Module, BRAM_18K, FF, LUT, URAM, Words, Bits, Banks, W*Bits*Banks</keys>
</table>
</item>
<item name = "FIFO"><table name="" hasTotal="1">
<keys size="8">Name, BRAM_18K, FF, LUT, URAM, Depth, Bits, Size:D*B</keys>
</table>
</item>
<item name = "Expression"><table name="" hasTotal="1">
<keys size="7">Variable Name, Operation, DSP, FF, LUT, Bitwidth P0, Bitwidth P1</keys>
<column name="add_ln1271_fu_156_p2">+, 0, 0, 17, 10, 10</column>
<column name="add_ln404_fu_146_p2">+, 0, 0, 16, 9, 1</column>
<column name="add_ln813_fu_229_p2">+, 0, 0, 39, 32, 32</column>
<column name="cmp43_fu_182_p2">icmp, 0, 0, 11, 9, 1</column>
<column name="icmp_ln404_2_fu_188_p2">icmp, 0, 0, 11, 9, 10</column>
<column name="icmp_ln404_fu_140_p2">icmp, 0, 0, 11, 9, 10</column>
<column name="select_ln425_fu_223_p3">select, 0, 0, 32, 1, 32</column>
<column name="ap_enable_pp0">xor, 0, 0, 2, 1, 2</column>
<column name="xor_ln1273_fu_167_p2">xor, 0, 0, 10, 9, 10</column>
</table>
</item>
<item name = "Multiplexer"><table name="" hasTotal="1">
<keys size="5">Name, LUT, Input Size, Bits, Total Bits</keys>
<column name="ap_done_int">9, 2, 1, 2</column>
<column name="ap_enable_reg_pp0_iter1">9, 2, 1, 2</column>
<column name="ap_sig_allocacmp_j_3">9, 2, 9, 18</column>
<column name="j_fu_56">9, 2, 9, 18</column>
<column name="p_0_0_08_fu_52">9, 2, 32, 64</column>
</table>
</item>
<item name = "Register"><table name="" hasTotal="1">
<keys size="5">Name, FF, LUT, Bits, Const Bits</keys>
<column name="ap_CS_fsm">1, 0, 1, 0</column>
<column name="ap_done_reg">1, 0, 1, 0</column>
<column name="ap_enable_reg_pp0_iter1">1, 0, 1, 0</column>
<column name="ap_enable_reg_pp0_iter2">1, 0, 1, 0</column>
<column name="ap_enable_reg_pp0_iter3">1, 0, 1, 0</column>
<column name="ap_enable_reg_pp0_iter4">1, 0, 1, 0</column>
<column name="ap_loop_exit_ready_pp0_iter1_reg">1, 0, 1, 0</column>
<column name="ap_loop_exit_ready_pp0_iter2_reg">1, 0, 1, 0</column>
<column name="ap_loop_exit_ready_pp0_iter3_reg">1, 0, 1, 0</column>
<column name="cmp43_reg_279">1, 0, 1, 0</column>
<column name="icmp_ln404_2_reg_284">1, 0, 1, 0</column>
<column name="input_load_reg_293">32, 0, 32, 0</column>
<column name="j_fu_56">9, 0, 9, 0</column>
<column name="output_addr_reg_260">2, 0, 2, 0</column>
<column name="p_0_0_08_fu_52">32, 0, 32, 0</column>
<column name="r_V_4_reg_308">48, 0, 48, 0</column>
<column name="r_V_reg_288">32, 0, 32, 0</column>
<column name="cmp43_reg_279">64, 32, 1, 0</column>
<column name="icmp_ln404_2_reg_284">64, 32, 1, 0</column>
<column name="output_addr_reg_260">64, 32, 2, 0</column>
</table>
</item>
</section>
</item>
</section>

<section name = "Interface" level="0">
<item name = "Summary"><table name="" hasTotal="0">
<keys size="6">RTL Ports, Dir, Bits, Protocol, Source Object, C Type</keys>
<column name="ap_clk">in, 1, ap_ctrl_hs, forward.1.1_Pipeline_VITIS_LOOP_404_2, return value</column>
<column name="ap_rst">in, 1, ap_ctrl_hs, forward.1.1_Pipeline_VITIS_LOOP_404_2, return value</column>
<column name="ap_start">in, 1, ap_ctrl_hs, forward.1.1_Pipeline_VITIS_LOOP_404_2, return value</column>
<column name="ap_done">out, 1, ap_ctrl_hs, forward.1.1_Pipeline_VITIS_LOOP_404_2, return value</column>
<column name="ap_idle">out, 1, ap_ctrl_hs, forward.1.1_Pipeline_VITIS_LOOP_404_2, return value</column>
<column name="ap_ready">out, 1, ap_ctrl_hs, forward.1.1_Pipeline_VITIS_LOOP_404_2, return value</column>
<column name="grp_fu_173_p_din0">out, 32, ap_ctrl_hs, forward.1.1_Pipeline_VITIS_LOOP_404_2, return value</column>
<column name="grp_fu_173_p_din1">out, 32, ap_ctrl_hs, forward.1.1_Pipeline_VITIS_LOOP_404_2, return value</column>
<column name="grp_fu_173_p_dout0">in, 48, ap_ctrl_hs, forward.1.1_Pipeline_VITIS_LOOP_404_2, return value</column>
<column name="grp_fu_173_p_ce">out, 1, ap_ctrl_hs, forward.1.1_Pipeline_VITIS_LOOP_404_2, return value</column>
<column name="output_load">in, 32, ap_none, output_load, scalar</column>
<column name="output_r_address0">out, 2, ap_memory, output_r, array</column>
<column name="output_r_ce0">out, 1, ap_memory, output_r, array</column>
<column name="output_r_we0">out, 1, ap_memory, output_r, array</column>
<column name="output_r_d0">out, 32, ap_memory, output_r, array</column>
<column name="zext_ln402">in, 2, ap_none, zext_ln402, scalar</column>
<column name="zext_ln1271">in, 10, ap_none, zext_ln1271, scalar</column>
<column name="input_r_address0">out, 10, ap_memory, input_r, array</column>
<column name="input_r_ce0">out, 1, ap_memory, input_r, array</column>
<column name="input_r_q0">in, 32, ap_memory, input_r, array</column>
<column name="tmp">in, 32, ap_none, tmp, scalar</column>
<column name="siren_net_output_layer_weight_V_address0">out, 10, ap_memory, siren_net_output_layer_weight_V, array</column>
<column name="siren_net_output_layer_weight_V_ce0">out, 1, ap_memory, siren_net_output_layer_weight_V, array</column>
<column name="siren_net_output_layer_weight_V_q0">in, 32, ap_memory, siren_net_output_layer_weight_V, array</column>
</table>
</item>
</section>
</profile>
