<profile>

<section name = "Vitis HLS Report for 'forward_1_1'" level="0">
<item name = "Date">Fri Jul  7 13:57:21 2023
</item>
<item name = "Version">2022.2.2 (Build 3779808 on Feb 17 2023)</item>
<item name = "Project">model_top_vitis_hls_project</item>
<item name = "Solution">solution1 (Vitis Kernel Flow Target)</item>
<item name = "Product family">zynquplus</item>
<item name = "Target device">xczu9eg-ffvb1156-2-e</item>
</section>

<section name = "Performance Estimates" level="0">
<item name = "Timing">
<section name = "" level="1">
<item name = "Summary"><table name="" hasTotal="0">
<keys size="4">Clock, Target, Estimated, Uncertainty</keys>
<column name="ap_clk">3.33 ns, 2.365 ns, 0.90 ns</column>
</table>
</item>
</section>
</item>
<item name = "Latency">
<section name = "" level="1">
<item name = "Summary"><table name="" hasTotal="0">
<keys size="8">, min, max, min, max, min, max, Type</keys>
<column name="">796, 796, 2.651 us, 2.651 us, 796, 796, no</column>
</table>
</item>
<item name = "Detail">
<section name = "" level="1">
<item name = "Instance"><table name="" hasTotal="0">
<keys size="9">Instance, Module, min, max, min, max, min, max, Type</keys>
<column name="grp_forward_1_1_Pipeline_VITIS_LOOP_404_2_fu_55">forward_1_1_Pipeline_VITIS_LOOP_404_2, 261, 261, 0.869 us, 0.869 us, 261, 261, no</column>
</table>
</item>
<item name = "Loop"><table name="" hasTotal="0">
<keys size="8">Loop Name, min, max, Latency, achieved, target, Count, Pipelined</keys>
<column name="- VITIS_LOOP_402_1">795, 795, 265, -, -, 3, no</column>
</table>
</item>
</section>
</item>
</section>
</item>
</section>

<section name = "Utilization Estimates" level="0">
<item name = "Summary"><table name="" hasTotal="1">
<keys size="6">Name, BRAM_18K, DSP, FF, LUT, URAM</keys>
<column name="DSP">-, -, -, -, -</column>
<column name="Expression">-, -, 0, 17, -</column>
<column name="FIFO">-, -, -, -, -</column>
<column name="Instance">-, -, 358, 304, -</column>
<column name="Memory">-, -, -, -, -</column>
<column name="Multiplexer">-, -, -, 86, -</column>
<column name="Register">-, -, 76, -, -</column>
<specialColumn name="Available">1824, 2520, 548160, 274080, 0</specialColumn>
<specialColumn name="Utilization (%)">0, 0, ~0, ~0, 0</specialColumn>
</table>
</item>
<item name = "Detail">
<section name = "" level="1">
<item name = "Instance"><table name="" hasTotal="1">
<keys size="7">Instance, Module, BRAM_18K, DSP, FF, LUT, URAM</keys>
<column name="grp_forward_1_1_Pipeline_VITIS_LOOP_404_2_fu_55">forward_1_1_Pipeline_VITIS_LOOP_404_2, 0, 0, 358, 290, 0</column>
<column name="mux_32_32_1_1_U86">mux_32_32_1_1, 0, 0, 0, 14, 0</column>
</table>
</item>
<item name = "DSP"><table name="" hasTotal="0">
<keys size="3">Instance, Module, Expression</keys>
</table>
</item>
<item name = "Memory"><table name="" hasTotal="1">
<keys size="10">Memory, Module, BRAM_18K, FF, LUT, URAM, Words, Bits, Banks, W*Bits*Banks</keys>
</table>
</item>
<item name = "FIFO"><table name="" hasTotal="1">
<keys size="8">Name, BRAM_18K, FF, LUT, URAM, Depth, Bits, Size:D*B</keys>
</table>
</item>
<item name = "Expression"><table name="" hasTotal="1">
<keys size="7">Variable Name, Operation, DSP, FF, LUT, Bitwidth P0, Bitwidth P1</keys>
<column name="add_ln402_fu_95_p2">+, 0, 0, 9, 2, 1</column>
<column name="icmp_ln402_fu_89_p2">icmp, 0, 0, 8, 2, 2</column>
</table>
</item>
<item name = "Multiplexer"><table name="" hasTotal="1">
<keys size="5">Name, LUT, Input Size, Bits, Total Bits</keys>
<column name="ap_NS_fsm">31, 6, 1, 6</column>
<column name="grp_fu_173_ce">9, 2, 1, 2</column>
<column name="i_fu_38">9, 2, 2, 4</column>
<column name="output_r_address0">14, 3, 2, 6</column>
<column name="output_r_ce0">14, 3, 1, 3</column>
<column name="output_r_we0">9, 2, 1, 2</column>
</table>
</item>
<item name = "Register"><table name="" hasTotal="1">
<keys size="5">Name, FF, LUT, Bits, Const Bits</keys>
<column name="ap_CS_fsm">5, 0, 5, 0</column>
<column name="grp_forward_1_1_Pipeline_VITIS_LOOP_404_2_fu_55_ap_start_reg">1, 0, 1, 0</column>
<column name="i_7_reg_144">2, 0, 2, 0</column>
<column name="i_fu_38">2, 0, 2, 0</column>
<column name="output_load_reg_163">32, 0, 32, 0</column>
<column name="tmp_reg_158">32, 0, 32, 0</column>
<column name="tmp_s_reg_168">2, 0, 10, 8</column>
</table>
</item>
</section>
</item>
</section>

<section name = "Interface" level="0">
<item name = "Summary"><table name="" hasTotal="0">
<keys size="6">RTL Ports, Dir, Bits, Protocol, Source Object, C Type</keys>
<column name="ap_clk">in, 1, ap_ctrl_hs, forward.1.1, return value</column>
<column name="ap_rst">in, 1, ap_ctrl_hs, forward.1.1, return value</column>
<column name="ap_start">in, 1, ap_ctrl_hs, forward.1.1, return value</column>
<column name="ap_done">out, 1, ap_ctrl_hs, forward.1.1, return value</column>
<column name="ap_idle">out, 1, ap_ctrl_hs, forward.1.1, return value</column>
<column name="ap_ready">out, 1, ap_ctrl_hs, forward.1.1, return value</column>
<column name="grp_fu_592_p_din0">out, 32, ap_ctrl_hs, forward.1.1, return value</column>
<column name="grp_fu_592_p_din1">out, 32, ap_ctrl_hs, forward.1.1, return value</column>
<column name="grp_fu_592_p_dout0">in, 48, ap_ctrl_hs, forward.1.1, return value</column>
<column name="grp_fu_592_p_ce">out, 1, ap_ctrl_hs, forward.1.1, return value</column>
<column name="input_r_address0">out, 10, ap_memory, input_r, array</column>
<column name="input_r_ce0">out, 1, ap_memory, input_r, array</column>
<column name="input_r_q0">in, 32, ap_memory, input_r, array</column>
<column name="output_r_address0">out, 2, ap_memory, output_r, array</column>
<column name="output_r_ce0">out, 1, ap_memory, output_r, array</column>
<column name="output_r_we0">out, 1, ap_memory, output_r, array</column>
<column name="output_r_d0">out, 32, ap_memory, output_r, array</column>
<column name="output_r_q0">in, 32, ap_memory, output_r, array</column>
<column name="siren_net_output_layer_bias_V_0">in, 32, ap_none, siren_net_output_layer_bias_V_0, pointer</column>
<column name="siren_net_output_layer_bias_V_1">in, 32, ap_none, siren_net_output_layer_bias_V_1, pointer</column>
<column name="siren_net_output_layer_bias_V_2">in, 32, ap_none, siren_net_output_layer_bias_V_2, pointer</column>
<column name="siren_net_output_layer_weight_V_address0">out, 10, ap_memory, siren_net_output_layer_weight_V, array</column>
<column name="siren_net_output_layer_weight_V_ce0">out, 1, ap_memory, siren_net_output_layer_weight_V, array</column>
<column name="siren_net_output_layer_weight_V_q0">in, 32, ap_memory, siren_net_output_layer_weight_V, array</column>
</table>
</item>
</section>
</profile>
