<stg><name>forward.2</name>


<trans_list>

<trans id="67" from="1" to="2">
<condition id="-1">
<or_exp><and_exp></and_exp></or_exp>
</condition>
</trans>

<trans id="90" from="2" to="3">
<condition id="-1">
<or_exp><and_exp></and_exp></or_exp>
</condition>
</trans>

<trans id="83" from="3" to="4">
<condition id="-1">
<or_exp><and_exp></and_exp></or_exp>
</condition>
</trans>

<trans id="84" from="4" to="5">
<condition id="-1">
<or_exp><and_exp></and_exp></or_exp>
</condition>
</trans>

<trans id="85" from="5" to="6">
<condition id="-1">
<or_exp><and_exp></and_exp></or_exp>
</condition>
</trans>

<trans id="86" from="6" to="7">
<condition id="-1">
<or_exp><and_exp></and_exp></or_exp>
</condition>
</trans>

<trans id="87" from="7" to="8">
<condition id="-1">
<or_exp><and_exp></and_exp></or_exp>
</condition>
</trans>
</trans_list>



<state_list>

<state id="1" st_id="1">

<operation id="10" st_id="1" stage="1" lat="1">
<core>NULL</core>
<MemPortIdVec></MemPortIdVec>
<condition id="-1">
<or_exp><and_exp></and_exp></or_exp>
</condition>

<Node id="5" bw="9" op_0_bw="32">
<![CDATA[
entry:0 %j = alloca i32 1

]]></Node>
<StgValue><ssdm name="j"/></StgValue>
</operation>

<operation id="11" st_id="1" stage="1" lat="1">
<core>NULL</core>
<MemPortIdVec></MemPortIdVec>
<condition id="-1">
<or_exp><and_exp></and_exp></or_exp>
</condition>

<Node id="6" bw="9" op_0_bw="32">
<![CDATA[
entry:1 %i = alloca i32 1

]]></Node>
<StgValue><ssdm name="i"/></StgValue>
</operation>

<operation id="12" st_id="1" stage="1" lat="1">
<core>NULL</core>
<MemPortIdVec></MemPortIdVec>
<condition id="-1">
<or_exp><and_exp></and_exp></or_exp>
</condition>

<Node id="7" bw="17" op_0_bw="32">
<![CDATA[
entry:2 %indvar_flatten = alloca i32 1

]]></Node>
<StgValue><ssdm name="indvar_flatten"/></StgValue>
</operation>

<operation id="13" st_id="1" stage="1" lat="1">
<core>NULL</core>
<MemPortIdVec></MemPortIdVec>
<condition id="-1">
<or_exp><and_exp></and_exp></or_exp>
</condition>

<Node id="8" bw="0" op_0_bw="17" op_1_bw="17">
<![CDATA[
entry:3 %store_ln402 = store i17 0, i17 %indvar_flatten

]]></Node>
<StgValue><ssdm name="store_ln402"/></StgValue>
</operation>

<operation id="14" st_id="1" stage="1" lat="1">
<core>NULL</core>
<MemPortIdVec></MemPortIdVec>
<condition id="-1">
<or_exp><and_exp></and_exp></or_exp>
</condition>

<Node id="9" bw="0" op_0_bw="9" op_1_bw="9">
<![CDATA[
entry:4 %store_ln402 = store i9 0, i9 %i

]]></Node>
<StgValue><ssdm name="store_ln402"/></StgValue>
</operation>

<operation id="15" st_id="1" stage="1" lat="1">
<core>NULL</core>
<MemPortIdVec></MemPortIdVec>
<condition id="-1">
<or_exp><and_exp></and_exp></or_exp>
</condition>

<Node id="10" bw="0" op_0_bw="9" op_1_bw="9">
<![CDATA[
entry:5 %store_ln402 = store i9 0, i9 %j

]]></Node>
<StgValue><ssdm name="store_ln402"/></StgValue>
</operation>

<operation id="16" st_id="1" stage="1" lat="1">
<core>NULL</core>
<MemPortIdVec></MemPortIdVec>
<condition id="-1">
<or_exp><and_exp></and_exp></or_exp>
</condition>

<Node id="11" bw="0" op_0_bw="0">
<![CDATA[
entry:6 %br_ln402 = br void %for.body11

]]></Node>
<StgValue><ssdm name="br_ln402"/></StgValue>
</operation>
</state>

<state id="2" st_id="2">

<operation id="17" st_id="2" stage="1" lat="1">
<core>NULL</core>
<MemPortIdVec></MemPortIdVec>
<condition id="-1">
<or_exp><and_exp></and_exp></or_exp>
</condition>

<Node id="13" bw="17" op_0_bw="17" op_1_bw="0">
<![CDATA[
for.body11:0 %indvar_flatten_load = load i17 %indvar_flatten

]]></Node>
<StgValue><ssdm name="indvar_flatten_load"/></StgValue>
</operation>

<operation id="18" st_id="2" stage="1" lat="1">
<core>Cmp</core>
<MemPortIdVec></MemPortIdVec>
<condition id="-1">
<or_exp><and_exp></and_exp></or_exp>
</condition>

<Node id="14" bw="1" op_0_bw="17" op_1_bw="17">
<![CDATA[
for.body11:1 %icmp_ln402 = icmp_eq  i17 %indvar_flatten_load, i17 65536

]]></Node>
<StgValue><ssdm name="icmp_ln402"/></StgValue>
</operation>

<operation id="19" st_id="2" stage="1" lat="1">
<core>Adder</core>
<MemPortIdVec></MemPortIdVec>
<condition id="-1">
<or_exp><and_exp></and_exp></or_exp>
</condition>

<Node id="15" bw="17" op_0_bw="17" op_1_bw="17">
<![CDATA[
for.body11:2 %add_ln402_1 = add i17 %indvar_flatten_load, i17 1

]]></Node>
<StgValue><ssdm name="add_ln402_1"/></StgValue>
</operation>

<operation id="20" st_id="2" stage="1" lat="1">
<core>NULL</core>
<MemPortIdVec></MemPortIdVec>
<condition id="-1">
<or_exp><and_exp></and_exp></or_exp>
</condition>

<Node id="16" bw="0" op_0_bw="1" op_1_bw="0" op_2_bw="0">
<![CDATA[
for.body11:3 %br_ln402 = br i1 %icmp_ln402, void %for.inc62, void %for.end64

]]></Node>
<StgValue><ssdm name="br_ln402"/></StgValue>
</operation>

<operation id="21" st_id="2" stage="1" lat="1">
<core>NULL</core>
<MemPortIdVec></MemPortIdVec>
<condition id="-1">
<or_exp><and_exp><literal name="icmp_ln402" val="0"/>
</and_exp></or_exp>
</condition>

<Node id="18" bw="9" op_0_bw="9" op_1_bw="0">
<![CDATA[
for.inc62:0 %j_load = load i9 %j

]]></Node>
<StgValue><ssdm name="j_load"/></StgValue>
</operation>

<operation id="22" st_id="2" stage="1" lat="1">
<core>NULL</core>
<MemPortIdVec></MemPortIdVec>
<condition id="-1">
<or_exp><and_exp><literal name="icmp_ln402" val="0"/>
</and_exp></or_exp>
</condition>

<Node id="19" bw="9" op_0_bw="9" op_1_bw="0">
<![CDATA[
for.inc62:1 %i_load = load i9 %i

]]></Node>
<StgValue><ssdm name="i_load"/></StgValue>
</operation>

<operation id="23" st_id="2" stage="1" lat="1">
<core>Adder</core>
<MemPortIdVec></MemPortIdVec>
<condition id="-1">
<or_exp><and_exp><literal name="icmp_ln402" val="0"/>
</and_exp></or_exp>
</condition>

<Node id="20" bw="9" op_0_bw="9" op_1_bw="9">
<![CDATA[
for.inc62:2 %add_ln402 = add i9 %i_load, i9 1

]]></Node>
<StgValue><ssdm name="add_ln402"/></StgValue>
</operation>

<operation id="24" st_id="2" stage="1" lat="1">
<core>Cmp</core>
<MemPortIdVec></MemPortIdVec>
<condition id="-1">
<or_exp><and_exp><literal name="icmp_ln402" val="0"/>
</and_exp></or_exp>
</condition>

<Node id="23" bw="1" op_0_bw="9" op_1_bw="9">
<![CDATA[
for.inc62:5 %icmp_ln404 = icmp_eq  i9 %j_load, i9 256

]]></Node>
<StgValue><ssdm name="icmp_ln404"/></StgValue>
</operation>

<operation id="25" st_id="2" stage="1" lat="1">
<core>Sel</core>
<MemPortIdVec></MemPortIdVec>
<condition id="-1">
<or_exp><and_exp><literal name="icmp_ln402" val="0"/>
</and_exp></or_exp>
</condition>

<Node id="24" bw="9" op_0_bw="1" op_1_bw="9" op_2_bw="9">
<![CDATA[
for.inc62:6 %select_ln402 = select i1 %icmp_ln404, i9 0, i9 %j_load

]]></Node>
<StgValue><ssdm name="select_ln402"/></StgValue>
</operation>

<operation id="26" st_id="2" stage="1" lat="1">
<core>Sel</core>
<MemPortIdVec></MemPortIdVec>
<condition id="-1">
<or_exp><and_exp><literal name="icmp_ln402" val="0"/>
</and_exp></or_exp>
</condition>

<Node id="25" bw="9" op_0_bw="1" op_1_bw="9" op_2_bw="9">
<![CDATA[
for.inc62:7 %select_ln402_1 = select i1 %icmp_ln404, i9 %add_ln402, i9 %i_load

]]></Node>
<StgValue><ssdm name="select_ln402_1"/></StgValue>
</operation>

<operation id="27" st_id="2" stage="1" lat="1">
<core>Cmp</core>
<MemPortIdVec></MemPortIdVec>
<condition id="-1">
<or_exp><and_exp><literal name="icmp_ln402" val="0"/>
</and_exp></or_exp>
</condition>

<Node id="46" bw="1" op_0_bw="9" op_1_bw="9">
<![CDATA[
for.inc62:28 %cmp43 = icmp_eq  i9 %select_ln402, i9 0

]]></Node>
<StgValue><ssdm name="cmp43"/></StgValue>
</operation>

<operation id="28" st_id="2" stage="1" lat="1">
<core>NULL</core>
<MemPortIdVec></MemPortIdVec>
<condition id="-1">
<or_exp><and_exp><literal name="icmp_ln402" val="0"/>
</and_exp></or_exp>
</condition>

<Node id="47" bw="0" op_0_bw="1" op_1_bw="0" op_2_bw="0">
<![CDATA[
for.inc62:29 %br_ln425 = br i1 %cmp43, void %if.end, void %if.then

]]></Node>
<StgValue><ssdm name="br_ln425"/></StgValue>
</operation>
</state>

<state id="3" st_id="3">

<operation id="29" st_id="3" stage="1" lat="1">
<core>NULL</core>
<MemPortIdVec></MemPortIdVec>
<condition id="-1">
<or_exp><and_exp><literal name="icmp_ln402" val="0"/>
</and_exp></or_exp>
</condition>

<Node id="26" bw="64" op_0_bw="9">
<![CDATA[
for.inc62:8 %zext_ln402 = zext i9 %select_ln402_1

]]></Node>
<StgValue><ssdm name="zext_ln402"/></StgValue>
</operation>

<operation id="30" st_id="3" stage="1" lat="1">
<core>NULL</core>
<MemPortIdVec></MemPortIdVec>
<condition id="-1">
<or_exp><and_exp><literal name="icmp_ln402" val="0"/>
</and_exp></or_exp>
</condition>

<Node id="27" bw="17" op_0_bw="17" op_1_bw="9" op_2_bw="8">
<![CDATA[
for.inc62:9 %tmp = bitconcatenate i17 @_ssdm_op_BitConcatenate.i17.i9.i8, i9 %select_ln402_1, i8 0

]]></Node>
<StgValue><ssdm name="tmp"/></StgValue>
</operation>

<operation id="31" st_id="3" stage="1" lat="1">
<core>NULL</core>
<MemPortIdVec></MemPortIdVec>
<condition id="-1">
<or_exp><and_exp><literal name="icmp_ln402" val="0"/>
</and_exp></or_exp>
</condition>

<Node id="28" bw="18" op_0_bw="17">
<![CDATA[
for.inc62:10 %tmp_cast = zext i17 %tmp

]]></Node>
<StgValue><ssdm name="tmp_cast"/></StgValue>
</operation>

<operation id="32" st_id="3" stage="1" lat="1">
<core>NULL</core>
<MemPortIdVec></MemPortIdVec>
<condition id="-1">
<or_exp><and_exp><literal name="icmp_ln402" val="0"/>
</and_exp></or_exp>
</condition>

<Node id="29" bw="10" op_0_bw="32" op_1_bw="64" op_2_bw="64">
<![CDATA[
for.inc62:11 %output_addr = getelementptr i32 %output_r, i64 0, i64 %zext_ln402

]]></Node>
<StgValue><ssdm name="output_addr"/></StgValue>
</operation>

<operation id="33" st_id="3" stage="1" lat="1">
<core>NULL</core>
<MemPortIdVec></MemPortIdVec>
<condition id="-1">
<or_exp><and_exp><literal name="icmp_ln402" val="0"/>
</and_exp></or_exp>
</condition>

<Node id="30" bw="10" op_0_bw="32" op_1_bw="64" op_2_bw="64">
<![CDATA[
for.inc62:12 %this_bias_addr = getelementptr i32 %this_bias, i64 0, i64 %zext_ln402

]]></Node>
<StgValue><ssdm name="this_bias_addr"/></StgValue>
</operation>

<operation id="34" st_id="3" stage="2" lat="2">
<core>RAM</core>
<MemPortIdVec>0 </MemPortIdVec>
<condition id="-1">
<or_exp><and_exp><literal name="icmp_ln402" val="0"/>
</and_exp></or_exp>
</condition>

<Node id="31" bw="32" op_0_bw="10">
<![CDATA[
for.inc62:13 %this_bias_load = load i10 %this_bias_addr

]]></Node>
<StgValue><ssdm name="this_bias_load"/></StgValue>
</operation>

<operation id="35" st_id="3" stage="1" lat="1">
<core>NULL</core>
<MemPortIdVec></MemPortIdVec>
<condition id="-1">
<or_exp><and_exp><literal name="icmp_ln402" val="0"/>
</and_exp></or_exp>
</condition>

<Node id="32" bw="64" op_0_bw="9">
<![CDATA[
for.inc62:14 %zext_ln404 = zext i9 %select_ln402

]]></Node>
<StgValue><ssdm name="zext_ln404"/></StgValue>
</operation>

<operation id="36" st_id="3" stage="1" lat="1">
<core>NULL</core>
<MemPortIdVec></MemPortIdVec>
<condition id="-1">
<or_exp><and_exp><literal name="icmp_ln402" val="0"/>
</and_exp></or_exp>
</condition>

<Node id="33" bw="18" op_0_bw="9">
<![CDATA[
for.inc62:15 %zext_ln1271 = zext i9 %select_ln402

]]></Node>
<StgValue><ssdm name="zext_ln1271"/></StgValue>
</operation>

<operation id="37" st_id="3" stage="1" lat="1">
<core>Adder</core>
<MemPortIdVec></MemPortIdVec>
<condition id="-1">
<or_exp><and_exp><literal name="icmp_ln402" val="0"/>
</and_exp></or_exp>
</condition>

<Node id="34" bw="18" op_0_bw="18" op_1_bw="18">
<![CDATA[
for.inc62:16 %add_ln1271 = add i18 %tmp_cast, i18 %zext_ln1271

]]></Node>
<StgValue><ssdm name="add_ln1271"/></StgValue>
</operation>

<operation id="38" st_id="3" stage="1" lat="1">
<core>NULL</core>
<MemPortIdVec></MemPortIdVec>
<condition id="-1">
<or_exp><and_exp><literal name="icmp_ln402" val="0"/>
</and_exp></or_exp>
</condition>

<Node id="35" bw="64" op_0_bw="18">
<![CDATA[
for.inc62:17 %zext_ln1271_3 = zext i18 %add_ln1271

]]></Node>
<StgValue><ssdm name="zext_ln1271_3"/></StgValue>
</operation>

<operation id="39" st_id="3" stage="1" lat="1">
<core>NULL</core>
<MemPortIdVec></MemPortIdVec>
<condition id="-1">
<or_exp><and_exp><literal name="icmp_ln402" val="0"/>
</and_exp></or_exp>
</condition>

<Node id="36" bw="18" op_0_bw="32" op_1_bw="64" op_2_bw="64">
<![CDATA[
for.inc62:18 %this_weight_addr = getelementptr i32 %this_weight, i64 0, i64 %zext_ln1271_3

]]></Node>
<StgValue><ssdm name="this_weight_addr"/></StgValue>
</operation>

<operation id="40" st_id="3" stage="2" lat="2">
<core>RAM</core>
<MemPortIdVec>0 </MemPortIdVec>
<condition id="-1">
<or_exp><and_exp><literal name="icmp_ln402" val="0"/>
</and_exp></or_exp>
</condition>

<Node id="39" bw="32" op_0_bw="18">
<![CDATA[
for.inc62:21 %r_V = load i18 %this_weight_addr

]]></Node>
<StgValue><ssdm name="r_V"/></StgValue>
</operation>

<operation id="41" st_id="3" stage="1" lat="1">
<core>NULL</core>
<MemPortIdVec></MemPortIdVec>
<condition id="-1">
<or_exp><and_exp><literal name="icmp_ln402" val="0"/>
</and_exp></or_exp>
</condition>

<Node id="41" bw="8" op_0_bw="32" op_1_bw="64" op_2_bw="64">
<![CDATA[
for.inc62:23 %input_addr = getelementptr i32 %input_r, i64 0, i64 %zext_ln404

]]></Node>
<StgValue><ssdm name="input_addr"/></StgValue>
</operation>

<operation id="42" st_id="3" stage="2" lat="2">
<core>RAM</core>
<MemPortIdVec>0 </MemPortIdVec>
<condition id="-1">
<or_exp><and_exp><literal name="icmp_ln402" val="0"/>
</and_exp></or_exp>
</condition>

<Node id="42" bw="32" op_0_bw="8">
<![CDATA[
for.inc62:24 %input_load = load i8 %input_addr

]]></Node>
<StgValue><ssdm name="input_load"/></StgValue>
</operation>

<operation id="43" st_id="3" stage="1" lat="1">
<core>NULL</core>
<MemPortIdVec></MemPortIdVec>
<condition id="-1">
<or_exp><and_exp><literal name="icmp_ln402" val="0"/>
</and_exp></or_exp>
</condition>

<Node id="56" bw="0" op_0_bw="17" op_1_bw="17" op_2_bw="0" op_3_bw="0">
<![CDATA[
if.end:4 %store_ln404 = store i17 %add_ln402_1, i17 %indvar_flatten

]]></Node>
<StgValue><ssdm name="store_ln404"/></StgValue>
</operation>

<operation id="44" st_id="3" stage="1" lat="1">
<core>NULL</core>
<MemPortIdVec></MemPortIdVec>
<condition id="-1">
<or_exp><and_exp><literal name="icmp_ln402" val="0"/>
</and_exp></or_exp>
</condition>

<Node id="57" bw="0" op_0_bw="9" op_1_bw="9" op_2_bw="0" op_3_bw="0">
<![CDATA[
if.end:5 %store_ln404 = store i9 %select_ln402_1, i9 %i

]]></Node>
<StgValue><ssdm name="store_ln404"/></StgValue>
</operation>
</state>

<state id="4" st_id="4">

<operation id="45" st_id="4" stage="1" lat="2">
<core>RAM</core>
<MemPortIdVec>0 </MemPortIdVec>
<condition id="-1">
<or_exp><and_exp><literal name="icmp_ln402" val="0"/>
</and_exp></or_exp>
</condition>

<Node id="31" bw="32" op_0_bw="10">
<![CDATA[
for.inc62:13 %this_bias_load = load i10 %this_bias_addr

]]></Node>
<StgValue><ssdm name="this_bias_load"/></StgValue>
</operation>

<operation id="46" st_id="4" stage="1" lat="2">
<core>RAM</core>
<MemPortIdVec>0 </MemPortIdVec>
<condition id="-1">
<or_exp><and_exp><literal name="icmp_ln402" val="0"/>
</and_exp></or_exp>
</condition>

<Node id="39" bw="32" op_0_bw="18">
<![CDATA[
for.inc62:21 %r_V = load i18 %this_weight_addr

]]></Node>
<StgValue><ssdm name="r_V"/></StgValue>
</operation>

<operation id="47" st_id="4" stage="1" lat="2">
<core>RAM</core>
<MemPortIdVec>0 </MemPortIdVec>
<condition id="-1">
<or_exp><and_exp><literal name="icmp_ln402" val="0"/>
</and_exp></or_exp>
</condition>

<Node id="42" bw="32" op_0_bw="8">
<![CDATA[
for.inc62:24 %input_load = load i8 %input_addr

]]></Node>
<StgValue><ssdm name="input_load"/></StgValue>
</operation>

<operation id="66" st_id="4" stage="1" lat="1">
<core>NULL</core>
<MemPortIdVec></MemPortIdVec>
<condition id="-1">
<or_exp><and_exp><literal name="icmp_ln402" val="1"/>
</and_exp></or_exp>
</condition>

<Node id="61" bw="0">
<![CDATA[
for.end64:0 %ret_ln432 = ret

]]></Node>
<StgValue><ssdm name="ret_ln432"/></StgValue>
</operation>
</state>

<state id="5" st_id="5">

<operation id="48" st_id="5" stage="1" lat="1">
<core>NULL</core>
<MemPortIdVec></MemPortIdVec>
<condition id="-1">
<or_exp><and_exp><literal name="icmp_ln402" val="0"/>
</and_exp></or_exp>
</condition>

<Node id="40" bw="48" op_0_bw="32">
<![CDATA[
for.inc62:22 %sext_ln1270 = sext i32 %r_V

]]></Node>
<StgValue><ssdm name="sext_ln1270"/></StgValue>
</operation>

<operation id="49" st_id="5" stage="1" lat="1">
<core>NULL</core>
<MemPortIdVec></MemPortIdVec>
<condition id="-1">
<or_exp><and_exp><literal name="icmp_ln402" val="0"/>
</and_exp></or_exp>
</condition>

<Node id="43" bw="48" op_0_bw="32">
<![CDATA[
for.inc62:25 %sext_ln1273 = sext i32 %input_load

]]></Node>
<StgValue><ssdm name="sext_ln1273"/></StgValue>
</operation>

<operation id="50" st_id="5" stage="2" lat="2">
<core>Multiplier</core>
<MemPortIdVec></MemPortIdVec>
<condition id="-1">
<or_exp><and_exp><literal name="icmp_ln402" val="0"/>
</and_exp></or_exp>
</condition>

<Node id="44" bw="48" op_0_bw="48" op_1_bw="48">
<![CDATA[
for.inc62:26 %r_V_2 = mul i48 %sext_ln1273, i48 %sext_ln1270

]]></Node>
<StgValue><ssdm name="r_V_2"/></StgValue>
</operation>

<operation id="51" st_id="5" stage="1" lat="1">
<core>RAM</core>
<MemPortIdVec>0 </MemPortIdVec>
<condition id="-1">
<or_exp><and_exp><literal name="icmp_ln402" val="0"/>
<literal name="cmp43" val="1"/>
</and_exp></or_exp>
</condition>

<Node id="49" bw="0" op_0_bw="32" op_1_bw="10">
<![CDATA[
if.then:0 %store_ln426 = store i32 %this_bias_load, i10 %output_addr

]]></Node>
<StgValue><ssdm name="store_ln426"/></StgValue>
</operation>

<operation id="52" st_id="5" stage="1" lat="1">
<core>NULL</core>
<MemPortIdVec></MemPortIdVec>
<condition id="-1">
<or_exp><and_exp><literal name="icmp_ln402" val="0"/>
<literal name="cmp43" val="1"/>
</and_exp></or_exp>
</condition>

<Node id="50" bw="0" op_0_bw="0">
<![CDATA[
if.then:1 %br_ln427 = br void %if.end

]]></Node>
<StgValue><ssdm name="br_ln427"/></StgValue>
</operation>

<operation id="53" st_id="5" stage="1" lat="1">
<core>Adder</core>
<MemPortIdVec></MemPortIdVec>
<condition id="-1">
<or_exp><and_exp><literal name="icmp_ln402" val="0"/>
</and_exp></or_exp>
</condition>

<Node id="55" bw="9" op_0_bw="9" op_1_bw="9">
<![CDATA[
if.end:3 %add_ln404 = add i9 %select_ln402, i9 1

]]></Node>
<StgValue><ssdm name="add_ln404"/></StgValue>
</operation>

<operation id="54" st_id="5" stage="1" lat="1">
<core>NULL</core>
<MemPortIdVec></MemPortIdVec>
<condition id="-1">
<or_exp><and_exp><literal name="icmp_ln402" val="0"/>
</and_exp></or_exp>
</condition>

<Node id="58" bw="0" op_0_bw="9" op_1_bw="9" op_2_bw="0" op_3_bw="0">
<![CDATA[
if.end:6 %store_ln404 = store i9 %add_ln404, i9 %j

]]></Node>
<StgValue><ssdm name="store_ln404"/></StgValue>
</operation>
</state>

<state id="6" st_id="6">

<operation id="55" st_id="6" stage="1" lat="1">
<core>NULL</core>
<MemPortIdVec></MemPortIdVec>
<condition id="-1">
<or_exp><and_exp></and_exp></or_exp>
</condition>

<Node id="21" bw="0" op_0_bw="0" op_1_bw="0">
<![CDATA[
for.inc62:3 %specloopname_ln0 = specloopname void @_ssdm_op_SpecLoopName, void @VITIS_LOOP_402_1_VITIS_LOOP_404_2_str

]]></Node>
<StgValue><ssdm name="specloopname_ln0"/></StgValue>
</operation>

<operation id="56" st_id="6" stage="1" lat="1">
<core>NULL</core>
<MemPortIdVec></MemPortIdVec>
<condition id="-1">
<or_exp><and_exp></and_exp></or_exp>
</condition>

<Node id="22" bw="32" op_0_bw="32" op_1_bw="64" op_2_bw="64" op_3_bw="64">
<![CDATA[
for.inc62:4 %empty = speclooptripcount i32 @_ssdm_op_SpecLoopTripCount, i64 65536, i64 65536, i64 65536

]]></Node>
<StgValue><ssdm name="empty"/></StgValue>
</operation>

<operation id="57" st_id="6" stage="1" lat="1">
<core>NULL</core>
<MemPortIdVec></MemPortIdVec>
<condition id="-1">
<or_exp><and_exp></and_exp></or_exp>
</condition>

<Node id="37" bw="0" op_0_bw="0" op_1_bw="32" op_2_bw="32" op_3_bw="32" op_4_bw="32" op_5_bw="0">
<![CDATA[
for.inc62:19 %specpipeline_ln405 = specpipeline void @_ssdm_op_SpecPipeline, i32 4294967295, i32 0, i32 0, i32 0, void @empty_0

]]></Node>
<StgValue><ssdm name="specpipeline_ln405"/></StgValue>
</operation>

<operation id="58" st_id="6" stage="1" lat="1">
<core>NULL</core>
<MemPortIdVec></MemPortIdVec>
<condition id="-1">
<or_exp><and_exp></and_exp></or_exp>
</condition>

<Node id="38" bw="0" op_0_bw="0" op_1_bw="0">
<![CDATA[
for.inc62:20 %specloopname_ln404 = specloopname void @_ssdm_op_SpecLoopName, void @empty_2

]]></Node>
<StgValue><ssdm name="specloopname_ln404"/></StgValue>
</operation>

<operation id="59" st_id="6" stage="1" lat="2">
<core>Multiplier</core>
<MemPortIdVec></MemPortIdVec>
<condition id="-1">
<or_exp><and_exp></and_exp></or_exp>
</condition>

<Node id="44" bw="48" op_0_bw="48" op_1_bw="48">
<![CDATA[
for.inc62:26 %r_V_2 = mul i48 %sext_ln1273, i48 %sext_ln1270

]]></Node>
<StgValue><ssdm name="r_V_2"/></StgValue>
</operation>

<operation id="60" st_id="6" stage="1" lat="1">
<core>NULL</core>
<MemPortIdVec></MemPortIdVec>
<condition id="-1">
<or_exp><and_exp></and_exp></or_exp>
</condition>

<Node id="45" bw="32" op_0_bw="32" op_1_bw="48" op_2_bw="32" op_3_bw="32">
<![CDATA[
for.inc62:27 %trunc_ln = partselect i32 @_ssdm_op_PartSelect.i32.i48.i32.i32, i48 %r_V_2, i32 16, i32 47

]]></Node>
<StgValue><ssdm name="trunc_ln"/></StgValue>
</operation>

<operation id="61" st_id="6" stage="2" lat="2">
<core>RAM</core>
<MemPortIdVec>0 </MemPortIdVec>
<condition id="-1">
<or_exp><and_exp></and_exp></or_exp>
</condition>

<Node id="52" bw="32" op_0_bw="10" op_1_bw="0">
<![CDATA[
if.end:0 %output_load = load i10 %output_addr

]]></Node>
<StgValue><ssdm name="output_load"/></StgValue>
</operation>
</state>

<state id="7" st_id="7">

<operation id="62" st_id="7" stage="1" lat="2">
<core>RAM</core>
<MemPortIdVec>0 </MemPortIdVec>
<condition id="-1">
<or_exp><and_exp></and_exp></or_exp>
</condition>

<Node id="52" bw="32" op_0_bw="10" op_1_bw="0">
<![CDATA[
if.end:0 %output_load = load i10 %output_addr

]]></Node>
<StgValue><ssdm name="output_load"/></StgValue>
</operation>
</state>

<state id="8" st_id="8">

<operation id="63" st_id="8" stage="1" lat="1">
<core>Adder</core>
<MemPortIdVec></MemPortIdVec>
<condition id="-1">
<or_exp><and_exp></and_exp></or_exp>
</condition>

<Node id="53" bw="32" op_0_bw="32" op_1_bw="32">
<![CDATA[
if.end:1 %add_ln813 = add i32 %output_load, i32 %trunc_ln

]]></Node>
<StgValue><ssdm name="add_ln813"/></StgValue>
</operation>

<operation id="64" st_id="8" stage="1" lat="1">
<core>RAM</core>
<MemPortIdVec>0 </MemPortIdVec>
<condition id="-1">
<or_exp><and_exp></and_exp></or_exp>
</condition>

<Node id="54" bw="0" op_0_bw="32" op_1_bw="10" op_2_bw="0">
<![CDATA[
if.end:2 %store_ln813 = store i32 %add_ln813, i10 %output_addr

]]></Node>
<StgValue><ssdm name="store_ln813"/></StgValue>
</operation>

<operation id="65" st_id="8" stage="1" lat="1">
<core>NULL</core>
<MemPortIdVec></MemPortIdVec>
<condition id="-1">
<or_exp><and_exp></and_exp></or_exp>
</condition>

<Node id="59" bw="0" op_0_bw="0">
<![CDATA[
if.end:7 %br_ln404 = br void %for.body11

]]></Node>
<StgValue><ssdm name="br_ln404"/></StgValue>
</operation>
</state>
</state_list>


<ports>
<port id="92" name="this_weight" dir="0" iftype="1">
<core>RAM</core><StgValue><ssdm name="this_weight"/><MemPortTyVec>1 3 </MemPortTyVec>
</StgValue>
</port>
<port id="93" name="this_bias" dir="0" iftype="1">
<core>RAM</core><StgValue><ssdm name="this_bias"/><MemPortTyVec>1 3 </MemPortTyVec>
</StgValue>
</port>
<port id="94" name="input_r" dir="0" iftype="1">
<core>RAM</core><StgValue><ssdm name="input_r"/><MemPortTyVec>1 3 </MemPortTyVec>
</StgValue>
</port>
<port id="95" name="output_r" dir="2" iftype="1">
<core>RAM</core><StgValue><ssdm name="output_r"/><MemPortTyVec>2 3 </MemPortTyVec>
</StgValue>
</port>
</ports>


<dataflows>
<dataflow id="97" from="StgValue_96" to="j" fromId="96" toId="10">
</dataflow>
<dataflow id="98" from="StgValue_96" to="i" fromId="96" toId="11">
</dataflow>
<dataflow id="99" from="StgValue_96" to="indvar_flatten" fromId="96" toId="12">
</dataflow>
<dataflow id="101" from="StgValue_100" to="store_ln402" fromId="100" toId="13">
</dataflow>
<dataflow id="102" from="indvar_flatten" to="store_ln402" fromId="12" toId="13">
</dataflow>
<dataflow id="104" from="StgValue_103" to="store_ln402" fromId="103" toId="14">
</dataflow>
<dataflow id="105" from="i" to="store_ln402" fromId="11" toId="14">
</dataflow>
<dataflow id="106" from="StgValue_103" to="store_ln402" fromId="103" toId="15">
</dataflow>
<dataflow id="107" from="j" to="store_ln402" fromId="10" toId="15">
</dataflow>
<dataflow id="108" from="indvar_flatten" to="indvar_flatten_load" fromId="12" toId="17">
</dataflow>
<dataflow id="109" from="indvar_flatten_load" to="icmp_ln402" fromId="17" toId="18">
</dataflow>
<dataflow id="111" from="StgValue_110" to="icmp_ln402" fromId="110" toId="18">
</dataflow>
<dataflow id="112" from="indvar_flatten_load" to="add_ln402_1" fromId="17" toId="19">
</dataflow>
<dataflow id="114" from="StgValue_113" to="add_ln402_1" fromId="113" toId="19">
</dataflow>
<dataflow id="115" from="icmp_ln402" to="br_ln402" fromId="18" toId="20">
</dataflow>
<dataflow id="116" from="j" to="j_load" fromId="10" toId="21">
</dataflow>
<dataflow id="117" from="i" to="i_load" fromId="11" toId="22">
</dataflow>
<dataflow id="118" from="i_load" to="add_ln402" fromId="22" toId="23">
</dataflow>
<dataflow id="120" from="StgValue_119" to="add_ln402" fromId="119" toId="23">
</dataflow>
<dataflow id="121" from="j_load" to="icmp_ln404" fromId="21" toId="24">
</dataflow>
<dataflow id="123" from="StgValue_122" to="icmp_ln404" fromId="122" toId="24">
</dataflow>
<dataflow id="124" from="icmp_ln404" to="select_ln402" fromId="24" toId="25">
</dataflow>
<dataflow id="125" from="StgValue_103" to="select_ln402" fromId="103" toId="25">
</dataflow>
<dataflow id="126" from="j_load" to="select_ln402" fromId="21" toId="25">
</dataflow>
<dataflow id="127" from="icmp_ln404" to="select_ln402_1" fromId="24" toId="26">
</dataflow>
<dataflow id="128" from="add_ln402" to="select_ln402_1" fromId="23" toId="26">
</dataflow>
<dataflow id="129" from="i_load" to="select_ln402_1" fromId="22" toId="26">
</dataflow>
<dataflow id="130" from="select_ln402" to="cmp43" fromId="25" toId="27">
</dataflow>
<dataflow id="131" from="StgValue_103" to="cmp43" fromId="103" toId="27">
</dataflow>
<dataflow id="132" from="cmp43" to="br_ln425" fromId="27" toId="28">
</dataflow>
<dataflow id="133" from="select_ln402_1" to="zext_ln402" fromId="26" toId="29">
</dataflow>
<dataflow id="135" from="_ssdm_op_BitConcatenate.i17.i9.i8" to="tmp" fromId="134" toId="30">
</dataflow>
<dataflow id="136" from="select_ln402_1" to="tmp" fromId="26" toId="30">
</dataflow>
<dataflow id="138" from="StgValue_137" to="tmp" fromId="137" toId="30">
</dataflow>
<dataflow id="139" from="tmp" to="tmp_cast" fromId="30" toId="31">
</dataflow>
<dataflow id="140" from="output_r" to="output_addr" fromId="95" toId="32">
</dataflow>
<dataflow id="142" from="StgValue_141" to="output_addr" fromId="141" toId="32">
</dataflow>
<dataflow id="143" from="zext_ln402" to="output_addr" fromId="29" toId="32">
</dataflow>
<dataflow id="144" from="this_bias" to="this_bias_addr" fromId="93" toId="33">
</dataflow>
<dataflow id="145" from="StgValue_141" to="this_bias_addr" fromId="141" toId="33">
</dataflow>
<dataflow id="146" from="zext_ln402" to="this_bias_addr" fromId="29" toId="33">
</dataflow>
<dataflow id="147" from="this_bias_addr" to="this_bias_load" fromId="33" toId="34">
</dataflow>
<dataflow id="148" from="select_ln402" to="zext_ln404" fromId="25" toId="35">
</dataflow>
<dataflow id="149" from="select_ln402" to="zext_ln1271" fromId="25" toId="36">
</dataflow>
<dataflow id="150" from="tmp_cast" to="add_ln1271" fromId="31" toId="37">
</dataflow>
<dataflow id="151" from="zext_ln1271" to="add_ln1271" fromId="36" toId="37">
</dataflow>
<dataflow id="152" from="add_ln1271" to="zext_ln1271_3" fromId="37" toId="38">
</dataflow>
<dataflow id="153" from="this_weight" to="this_weight_addr" fromId="92" toId="39">
</dataflow>
<dataflow id="154" from="StgValue_141" to="this_weight_addr" fromId="141" toId="39">
</dataflow>
<dataflow id="155" from="zext_ln1271_3" to="this_weight_addr" fromId="38" toId="39">
</dataflow>
<dataflow id="156" from="this_weight_addr" to="r_V" fromId="39" toId="40">
</dataflow>
<dataflow id="157" from="input_r" to="input_addr" fromId="94" toId="41">
</dataflow>
<dataflow id="158" from="StgValue_141" to="input_addr" fromId="141" toId="41">
</dataflow>
<dataflow id="159" from="zext_ln404" to="input_addr" fromId="35" toId="41">
</dataflow>
<dataflow id="160" from="input_addr" to="input_load" fromId="41" toId="42">
</dataflow>
<dataflow id="161" from="add_ln402_1" to="store_ln404" fromId="19" toId="43">
</dataflow>
<dataflow id="162" from="indvar_flatten" to="store_ln404" fromId="12" toId="43">
</dataflow>
<dataflow id="163" from="select_ln402_1" to="store_ln404" fromId="26" toId="44">
</dataflow>
<dataflow id="164" from="i" to="store_ln404" fromId="11" toId="44">
</dataflow>
<dataflow id="165" from="this_bias_addr" to="this_bias_load" fromId="33" toId="45">
</dataflow>
<dataflow id="166" from="this_weight_addr" to="r_V" fromId="39" toId="46">
</dataflow>
<dataflow id="167" from="input_addr" to="input_load" fromId="41" toId="47">
</dataflow>
<dataflow id="168" from="r_V" to="sext_ln1270" fromId="46" toId="48">
</dataflow>
<dataflow id="169" from="input_load" to="sext_ln1273" fromId="47" toId="49">
</dataflow>
<dataflow id="170" from="sext_ln1273" to="r_V_2" fromId="49" toId="50">
</dataflow>
<dataflow id="171" from="sext_ln1270" to="r_V_2" fromId="48" toId="50">
</dataflow>
<dataflow id="172" from="this_bias_load" to="store_ln426" fromId="45" toId="51">
</dataflow>
<dataflow id="173" from="output_addr" to="store_ln426" fromId="32" toId="51">
</dataflow>
<dataflow id="174" from="select_ln402" to="add_ln404" fromId="25" toId="53">
</dataflow>
<dataflow id="175" from="StgValue_119" to="add_ln404" fromId="119" toId="53">
</dataflow>
<dataflow id="176" from="add_ln404" to="store_ln404" fromId="53" toId="54">
</dataflow>
<dataflow id="177" from="j" to="store_ln404" fromId="10" toId="54">
</dataflow>
<dataflow id="179" from="_ssdm_op_SpecLoopName" to="specloopname_ln0" fromId="178" toId="55">
</dataflow>
<dataflow id="181" from="VITIS_LOOP_402_1_VITIS_LOOP_404_2_str" to="specloopname_ln0" fromId="180" toId="55">
</dataflow>
<dataflow id="183" from="_ssdm_op_SpecLoopTripCount" to="empty" fromId="182" toId="56">
</dataflow>
<dataflow id="185" from="StgValue_184" to="empty" fromId="184" toId="56">
</dataflow>
<dataflow id="186" from="StgValue_184" to="empty" fromId="184" toId="56">
</dataflow>
<dataflow id="187" from="StgValue_184" to="empty" fromId="184" toId="56">
</dataflow>
<dataflow id="189" from="_ssdm_op_SpecPipeline" to="specpipeline_ln405" fromId="188" toId="57">
</dataflow>
<dataflow id="191" from="StgValue_190" to="specpipeline_ln405" fromId="190" toId="57">
</dataflow>
<dataflow id="193" from="StgValue_192" to="specpipeline_ln405" fromId="192" toId="57">
</dataflow>
<dataflow id="194" from="StgValue_192" to="specpipeline_ln405" fromId="192" toId="57">
</dataflow>
<dataflow id="195" from="StgValue_192" to="specpipeline_ln405" fromId="192" toId="57">
</dataflow>
<dataflow id="197" from="empty_0" to="specpipeline_ln405" fromId="196" toId="57">
</dataflow>
<dataflow id="198" from="_ssdm_op_SpecLoopName" to="specloopname_ln404" fromId="178" toId="58">
</dataflow>
<dataflow id="200" from="empty_2" to="specloopname_ln404" fromId="199" toId="58">
</dataflow>
<dataflow id="201" from="sext_ln1273" to="r_V_2" fromId="49" toId="59">
</dataflow>
<dataflow id="202" from="sext_ln1270" to="r_V_2" fromId="48" toId="59">
</dataflow>
<dataflow id="204" from="_ssdm_op_PartSelect.i32.i48.i32.i32" to="trunc_ln" fromId="203" toId="60">
</dataflow>
<dataflow id="205" from="r_V_2" to="trunc_ln" fromId="59" toId="60">
</dataflow>
<dataflow id="207" from="StgValue_206" to="trunc_ln" fromId="206" toId="60">
</dataflow>
<dataflow id="209" from="StgValue_208" to="trunc_ln" fromId="208" toId="60">
</dataflow>
<dataflow id="210" from="output_addr" to="output_load" fromId="32" toId="61">
</dataflow>
<dataflow id="211" from="output_addr" to="output_load" fromId="32" toId="62">
</dataflow>
<dataflow id="212" from="output_load" to="add_ln813" fromId="62" toId="63">
</dataflow>
<dataflow id="213" from="trunc_ln" to="add_ln813" fromId="60" toId="63">
</dataflow>
<dataflow id="214" from="add_ln813" to="store_ln813" fromId="63" toId="64">
</dataflow>
<dataflow id="215" from="output_addr" to="store_ln813" fromId="32" toId="64">
</dataflow>
<dataflow id="216" from="icmp_ln402" to="StgValue_2" fromId="18" toId="2">
</dataflow>
<dataflow id="217" from="icmp_ln402" to="StgValue_3" fromId="18" toId="3">
</dataflow>
<dataflow id="218" from="icmp_ln402" to="StgValue_4" fromId="18" toId="4">
</dataflow>
<dataflow id="219" from="icmp_ln402" to="StgValue_5" fromId="18" toId="5">
</dataflow>
<dataflow id="220" from="cmp43" to="StgValue_5" fromId="27" toId="5">
</dataflow>
</dataflows>


</stg>
