<profile>

<section name = "Vitis HLS Report for 'forward_3_Pipeline_VITIS_LOOP_404_2'" level="0">
<item name = "Date">Fri Jul  7 13:57:09 2023
</item>
<item name = "Version">2022.2.2 (Build 3779808 on Feb 17 2023)</item>
<item name = "Project">model_top_vitis_hls_project</item>
<item name = "Solution">solution1 (Vitis Kernel Flow Target)</item>
<item name = "Product family">zynquplus</item>
<item name = "Target device">xczu9eg-ffvb1156-2-e</item>
</section>

<section name = "Performance Estimates" level="0">
<item name = "Timing">
<section name = "" level="1">
<item name = "Summary"><table name="" hasTotal="0">
<keys size="4">Clock, Target, Estimated, Uncertainty</keys>
<column name="ap_clk">3.33 ns, 2.365 ns, 0.90 ns</column>
</table>
</item>
</section>
</item>
<item name = "Latency">
<section name = "" level="1">
<item name = "Summary"><table name="" hasTotal="0">
<keys size="8">, min, max, min, max, min, max, Type</keys>
<column name="">7, 7, 23.310 ns, 23.310 ns, 7, 7, no</column>
</table>
</item>
<item name = "Detail">
<section name = "" level="1">
<item name = "Instance"><table name="" hasTotal="0">
<keys size="9">Instance, Module, min, max, min, max, min, max, Type</keys>
</table>
</item>
<item name = "Loop"><table name="" hasTotal="0">
<keys size="8">Loop Name, min, max, Latency, achieved, target, Count, Pipelined</keys>
<column name="- VITIS_LOOP_404_2">5, 5, 5, 1, 1, 2, yes</column>
</table>
</item>
</section>
</item>
</section>
</item>
</section>

<section name = "Utilization Estimates" level="0">
<item name = "Summary"><table name="" hasTotal="1">
<keys size="6">Name, BRAM_18K, DSP, FF, LUT, URAM</keys>
<column name="DSP">-, -, -, -, -</column>
<column name="Expression">-, -, 0, 122, -</column>
<column name="FIFO">-, -, -, -, -</column>
<column name="Instance">-, -, -, -, -</column>
<column name="Memory">-, -, -, -, -</column>
<column name="Multiplexer">-, -, -, 54, -</column>
<column name="Register">-, -, 389, 96, -</column>
<specialColumn name="Available">1824, 2520, 548160, 274080, 0</specialColumn>
<specialColumn name="Utilization (%)">0, 0, ~0, ~0, 0</specialColumn>
</table>
</item>
<item name = "Detail">
<section name = "" level="1">
<item name = "Instance"><table name="" hasTotal="1">
<keys size="7">Instance, Module, BRAM_18K, DSP, FF, LUT, URAM</keys>
</table>
</item>
<item name = "DSP"><table name="" hasTotal="0">
<keys size="3">Instance, Module, Expression</keys>
</table>
</item>
<item name = "Memory"><table name="" hasTotal="1">
<keys size="10">Memory, Module, BRAM_18K, FF, LUT, URAM, Words, Bits, Banks, W*Bits*Banks</keys>
</table>
</item>
<item name = "FIFO"><table name="" hasTotal="1">
<keys size="8">Name, BRAM_18K, FF, LUT, URAM, Depth, Bits, Size:D*B</keys>
</table>
</item>
<item name = "Expression"><table name="" hasTotal="1">
<keys size="7">Variable Name, Operation, DSP, FF, LUT, Bitwidth P0, Bitwidth P1</keys>
<column name="add_ln1271_fu_166_p2">+, 0, 0, 16, 9, 9</column>
<column name="add_ln404_fu_156_p2">+, 0, 0, 9, 2, 1</column>
<column name="add_ln813_fu_251_p2">+, 0, 0, 39, 32, 32</column>
<column name="cmp43_fu_177_p2">icmp, 0, 0, 8, 2, 1</column>
<column name="icmp_ln404_1_fu_183_p2">icmp, 0, 0, 8, 2, 3</column>
<column name="icmp_ln404_fu_150_p2">icmp, 0, 0, 8, 2, 3</column>
<column name="select_ln425_fu_245_p3">select, 0, 0, 32, 1, 32</column>
<column name="ap_enable_pp0">xor, 0, 0, 2, 1, 2</column>
</table>
</item>
<item name = "Multiplexer"><table name="" hasTotal="1">
<keys size="5">Name, LUT, Input Size, Bits, Total Bits</keys>
<column name="ap_done_int">9, 2, 1, 2</column>
<column name="ap_enable_reg_pp0_iter1">9, 2, 1, 2</column>
<column name="ap_sig_allocacmp_j_2">9, 2, 2, 4</column>
<column name="j_fu_68">9, 2, 2, 4</column>
<column name="p_0_0_08_fu_64">9, 2, 32, 64</column>
<column name="shiftreg_fu_60">9, 2, 64, 128</column>
</table>
</item>
<item name = "Register"><table name="" hasTotal="1">
<keys size="5">Name, FF, LUT, Bits, Const Bits</keys>
<column name="ap_CS_fsm">1, 0, 1, 0</column>
<column name="ap_done_reg">1, 0, 1, 0</column>
<column name="ap_enable_reg_pp0_iter1">1, 0, 1, 0</column>
<column name="ap_enable_reg_pp0_iter2">1, 0, 1, 0</column>
<column name="ap_enable_reg_pp0_iter3">1, 0, 1, 0</column>
<column name="ap_enable_reg_pp0_iter4">1, 0, 1, 0</column>
<column name="ap_loop_exit_ready_pp0_iter1_reg">1, 0, 1, 0</column>
<column name="ap_loop_exit_ready_pp0_iter2_reg">1, 0, 1, 0</column>
<column name="ap_loop_exit_ready_pp0_iter3_reg">1, 0, 1, 0</column>
<column name="cmp43_reg_303">1, 0, 1, 0</column>
<column name="icmp_ln404_1_reg_308">1, 0, 1, 0</column>
<column name="j_fu_68">2, 0, 2, 0</column>
<column name="output_addr_reg_289">8, 0, 8, 0</column>
<column name="p_0_0_08_fu_64">32, 0, 32, 0</column>
<column name="r_V_1_reg_327">48, 0, 48, 0</column>
<column name="r_V_reg_312">32, 0, 32, 0</column>
<column name="shiftreg_fu_60">64, 0, 64, 0</column>
<column name="cmp43_reg_303">64, 32, 1, 0</column>
<column name="icmp_ln404_1_reg_308">64, 32, 1, 0</column>
<column name="output_addr_reg_289">64, 32, 8, 0</column>
</table>
</item>
</section>
</item>
</section>

<section name = "Interface" level="0">
<item name = "Summary"><table name="" hasTotal="0">
<keys size="6">RTL Ports, Dir, Bits, Protocol, Source Object, C Type</keys>
<column name="ap_clk">in, 1, ap_ctrl_hs, forward.3_Pipeline_VITIS_LOOP_404_2, return value</column>
<column name="ap_rst">in, 1, ap_ctrl_hs, forward.3_Pipeline_VITIS_LOOP_404_2, return value</column>
<column name="ap_start">in, 1, ap_ctrl_hs, forward.3_Pipeline_VITIS_LOOP_404_2, return value</column>
<column name="ap_done">out, 1, ap_ctrl_hs, forward.3_Pipeline_VITIS_LOOP_404_2, return value</column>
<column name="ap_idle">out, 1, ap_ctrl_hs, forward.3_Pipeline_VITIS_LOOP_404_2, return value</column>
<column name="ap_ready">out, 1, ap_ctrl_hs, forward.3_Pipeline_VITIS_LOOP_404_2, return value</column>
<column name="grp_fu_239_p_din0">out, 32, ap_ctrl_hs, forward.3_Pipeline_VITIS_LOOP_404_2, return value</column>
<column name="grp_fu_239_p_din1">out, 32, ap_ctrl_hs, forward.3_Pipeline_VITIS_LOOP_404_2, return value</column>
<column name="grp_fu_239_p_dout0">in, 48, ap_ctrl_hs, forward.3_Pipeline_VITIS_LOOP_404_2, return value</column>
<column name="grp_fu_239_p_ce">out, 1, ap_ctrl_hs, forward.3_Pipeline_VITIS_LOOP_404_2, return value</column>
<column name="output_load">in, 32, ap_none, output_load, scalar</column>
<column name="inout1_load">in, 64, ap_none, inout1_load, scalar</column>
<column name="output_r_address0">out, 8, ap_memory, output_r, array</column>
<column name="output_r_ce0">out, 1, ap_memory, output_r, array</column>
<column name="output_r_we0">out, 1, ap_memory, output_r, array</column>
<column name="output_r_d0">out, 32, ap_memory, output_r, array</column>
<column name="zext_ln402">in, 8, ap_none, zext_ln402, scalar</column>
<column name="zext_ln1271">in, 9, ap_none, zext_ln1271, scalar</column>
<column name="siren_net_input_layer_linear_bias_V_load">in, 32, ap_none, siren_net_input_layer_linear_bias_V_load, scalar</column>
<column name="siren_net_input_layer_linear_weight_V_address0">out, 9, ap_memory, siren_net_input_layer_linear_weight_V, array</column>
<column name="siren_net_input_layer_linear_weight_V_ce0">out, 1, ap_memory, siren_net_input_layer_linear_weight_V, array</column>
<column name="siren_net_input_layer_linear_weight_V_q0">in, 32, ap_memory, siren_net_input_layer_linear_weight_V, array</column>
</table>
</item>
</section>
</profile>
