<stg><name>forward.1.2</name>


<trans_list>

<trans id="76" from="1" to="2">
<condition id="-1">
<or_exp><and_exp></and_exp></or_exp>
</condition>
</trans>

<trans id="99" from="2" to="3">
<condition id="-1">
<or_exp><and_exp></and_exp></or_exp>
</condition>
</trans>

<trans id="92" from="3" to="4">
<condition id="-1">
<or_exp><and_exp></and_exp></or_exp>
</condition>
</trans>

<trans id="93" from="4" to="5">
<condition id="-1">
<or_exp><and_exp></and_exp></or_exp>
</condition>
</trans>

<trans id="94" from="5" to="6">
<condition id="-1">
<or_exp><and_exp></and_exp></or_exp>
</condition>
</trans>

<trans id="95" from="6" to="7">
<condition id="-1">
<or_exp><and_exp></and_exp></or_exp>
</condition>
</trans>

<trans id="96" from="7" to="8">
<condition id="-1">
<or_exp><and_exp></and_exp></or_exp>
</condition>
</trans>
</trans_list>



<state_list>

<state id="1" st_id="1">

<operation id="10" st_id="1" stage="1" lat="1">
<core>NULL</core>
<MemPortIdVec></MemPortIdVec>
<condition id="-1">
<or_exp><and_exp></and_exp></or_exp>
</condition>

<Node id="6" bw="9" op_0_bw="32">
<![CDATA[
entry:0 %j = alloca i32 1

]]></Node>
<StgValue><ssdm name="j"/></StgValue>
</operation>

<operation id="11" st_id="1" stage="1" lat="1">
<core>NULL</core>
<MemPortIdVec></MemPortIdVec>
<condition id="-1">
<or_exp><and_exp></and_exp></or_exp>
</condition>

<Node id="7" bw="9" op_0_bw="32">
<![CDATA[
entry:1 %i = alloca i32 1

]]></Node>
<StgValue><ssdm name="i"/></StgValue>
</operation>

<operation id="12" st_id="1" stage="1" lat="1">
<core>NULL</core>
<MemPortIdVec></MemPortIdVec>
<condition id="-1">
<or_exp><and_exp></and_exp></or_exp>
</condition>

<Node id="8" bw="17" op_0_bw="32">
<![CDATA[
entry:2 %indvar_flatten = alloca i32 1

]]></Node>
<StgValue><ssdm name="indvar_flatten"/></StgValue>
</operation>

<operation id="13" st_id="1" stage="1" lat="1">
<core>NULL</core>
<MemPortIdVec></MemPortIdVec>
<condition id="-1">
<or_exp><and_exp></and_exp></or_exp>
</condition>

<Node id="9" bw="2" op_0_bw="2" op_1_bw="2">
<![CDATA[
entry:3 %input_offset_read = read i2 @_ssdm_op_Read.ap_auto.i2, i2 %input_offset

]]></Node>
<StgValue><ssdm name="input_offset_read"/></StgValue>
</operation>

<operation id="14" st_id="1" stage="1" lat="1">
<core>NULL</core>
<MemPortIdVec></MemPortIdVec>
<condition id="-1">
<or_exp><and_exp></and_exp></or_exp>
</condition>

<Node id="10" bw="2" op_0_bw="2" op_1_bw="2">
<![CDATA[
entry:4 %this_weight_offset_read = read i2 @_ssdm_op_Read.ap_auto.i2, i2 %this_weight_offset

]]></Node>
<StgValue><ssdm name="this_weight_offset_read"/></StgValue>
</operation>

<operation id="15" st_id="1" stage="1" lat="1">
<core>NULL</core>
<MemPortIdVec></MemPortIdVec>
<condition id="-1">
<or_exp><and_exp></and_exp></or_exp>
</condition>

<Node id="11" bw="10" op_0_bw="10" op_1_bw="2" op_2_bw="8">
<![CDATA[
entry:5 %tmp = bitconcatenate i10 @_ssdm_op_BitConcatenate.i10.i2.i8, i2 %input_offset_read, i8 0

]]></Node>
<StgValue><ssdm name="tmp"/></StgValue>
</operation>

<operation id="16" st_id="1" stage="1" lat="1">
<core>NULL</core>
<MemPortIdVec></MemPortIdVec>
<condition id="-1">
<or_exp><and_exp></and_exp></or_exp>
</condition>

<Node id="12" bw="10" op_0_bw="10" op_1_bw="2" op_2_bw="8">
<![CDATA[
entry:6 %tmp_s = bitconcatenate i10 @_ssdm_op_BitConcatenate.i10.i2.i8, i2 %this_weight_offset_read, i8 0

]]></Node>
<StgValue><ssdm name="tmp_s"/></StgValue>
</operation>

<operation id="17" st_id="1" stage="1" lat="1">
<core>NULL</core>
<MemPortIdVec></MemPortIdVec>
<condition id="-1">
<or_exp><and_exp></and_exp></or_exp>
</condition>

<Node id="13" bw="11" op_0_bw="10">
<![CDATA[
entry:7 %tmp_10_cast = zext i10 %tmp_s

]]></Node>
<StgValue><ssdm name="tmp_10_cast"/></StgValue>
</operation>

<operation id="18" st_id="1" stage="1" lat="1">
<core>NULL</core>
<MemPortIdVec></MemPortIdVec>
<condition id="-1">
<or_exp><and_exp></and_exp></or_exp>
</condition>

<Node id="14" bw="0" op_0_bw="17" op_1_bw="17">
<![CDATA[
entry:8 %store_ln402 = store i17 0, i17 %indvar_flatten

]]></Node>
<StgValue><ssdm name="store_ln402"/></StgValue>
</operation>

<operation id="19" st_id="1" stage="1" lat="1">
<core>NULL</core>
<MemPortIdVec></MemPortIdVec>
<condition id="-1">
<or_exp><and_exp></and_exp></or_exp>
</condition>

<Node id="15" bw="0" op_0_bw="9" op_1_bw="9">
<![CDATA[
entry:9 %store_ln402 = store i9 0, i9 %i

]]></Node>
<StgValue><ssdm name="store_ln402"/></StgValue>
</operation>

<operation id="20" st_id="1" stage="1" lat="1">
<core>NULL</core>
<MemPortIdVec></MemPortIdVec>
<condition id="-1">
<or_exp><and_exp></and_exp></or_exp>
</condition>

<Node id="16" bw="0" op_0_bw="9" op_1_bw="9">
<![CDATA[
entry:10 %store_ln402 = store i9 0, i9 %j

]]></Node>
<StgValue><ssdm name="store_ln402"/></StgValue>
</operation>

<operation id="21" st_id="1" stage="1" lat="1">
<core>NULL</core>
<MemPortIdVec></MemPortIdVec>
<condition id="-1">
<or_exp><and_exp></and_exp></or_exp>
</condition>

<Node id="17" bw="0" op_0_bw="0">
<![CDATA[
entry:11 %br_ln402 = br void %for.body11

]]></Node>
<StgValue><ssdm name="br_ln402"/></StgValue>
</operation>
</state>

<state id="2" st_id="2">

<operation id="22" st_id="2" stage="1" lat="1">
<core>NULL</core>
<MemPortIdVec></MemPortIdVec>
<condition id="-1">
<or_exp><and_exp></and_exp></or_exp>
</condition>

<Node id="19" bw="17" op_0_bw="17" op_1_bw="0">
<![CDATA[
for.body11:0 %indvar_flatten_load = load i17 %indvar_flatten

]]></Node>
<StgValue><ssdm name="indvar_flatten_load"/></StgValue>
</operation>

<operation id="23" st_id="2" stage="1" lat="1">
<core>Cmp</core>
<MemPortIdVec></MemPortIdVec>
<condition id="-1">
<or_exp><and_exp></and_exp></or_exp>
</condition>

<Node id="20" bw="1" op_0_bw="17" op_1_bw="17">
<![CDATA[
for.body11:1 %icmp_ln402 = icmp_eq  i17 %indvar_flatten_load, i17 65536

]]></Node>
<StgValue><ssdm name="icmp_ln402"/></StgValue>
</operation>

<operation id="24" st_id="2" stage="1" lat="1">
<core>Adder</core>
<MemPortIdVec></MemPortIdVec>
<condition id="-1">
<or_exp><and_exp></and_exp></or_exp>
</condition>

<Node id="21" bw="17" op_0_bw="17" op_1_bw="17">
<![CDATA[
for.body11:2 %add_ln402_2 = add i17 %indvar_flatten_load, i17 1

]]></Node>
<StgValue><ssdm name="add_ln402_2"/></StgValue>
</operation>

<operation id="25" st_id="2" stage="1" lat="1">
<core>NULL</core>
<MemPortIdVec></MemPortIdVec>
<condition id="-1">
<or_exp><and_exp></and_exp></or_exp>
</condition>

<Node id="22" bw="0" op_0_bw="1" op_1_bw="0" op_2_bw="0">
<![CDATA[
for.body11:3 %br_ln402 = br i1 %icmp_ln402, void %for.inc62, void %for.end64

]]></Node>
<StgValue><ssdm name="br_ln402"/></StgValue>
</operation>

<operation id="26" st_id="2" stage="1" lat="1">
<core>NULL</core>
<MemPortIdVec></MemPortIdVec>
<condition id="-1">
<or_exp><and_exp><literal name="icmp_ln402" val="0"/>
</and_exp></or_exp>
</condition>

<Node id="24" bw="9" op_0_bw="9" op_1_bw="0">
<![CDATA[
for.inc62:0 %j_load = load i9 %j

]]></Node>
<StgValue><ssdm name="j_load"/></StgValue>
</operation>

<operation id="27" st_id="2" stage="1" lat="1">
<core>NULL</core>
<MemPortIdVec></MemPortIdVec>
<condition id="-1">
<or_exp><and_exp><literal name="icmp_ln402" val="0"/>
</and_exp></or_exp>
</condition>

<Node id="25" bw="9" op_0_bw="9" op_1_bw="0">
<![CDATA[
for.inc62:1 %i_load = load i9 %i

]]></Node>
<StgValue><ssdm name="i_load"/></StgValue>
</operation>

<operation id="28" st_id="2" stage="1" lat="1">
<core>Adder</core>
<MemPortIdVec></MemPortIdVec>
<condition id="-1">
<or_exp><and_exp><literal name="icmp_ln402" val="0"/>
</and_exp></or_exp>
</condition>

<Node id="26" bw="9" op_0_bw="9" op_1_bw="9">
<![CDATA[
for.inc62:2 %add_ln402 = add i9 %i_load, i9 1

]]></Node>
<StgValue><ssdm name="add_ln402"/></StgValue>
</operation>

<operation id="29" st_id="2" stage="1" lat="1">
<core>Cmp</core>
<MemPortIdVec></MemPortIdVec>
<condition id="-1">
<or_exp><and_exp><literal name="icmp_ln402" val="0"/>
</and_exp></or_exp>
</condition>

<Node id="29" bw="1" op_0_bw="9" op_1_bw="9">
<![CDATA[
for.inc62:5 %icmp_ln404 = icmp_eq  i9 %j_load, i9 256

]]></Node>
<StgValue><ssdm name="icmp_ln404"/></StgValue>
</operation>

<operation id="30" st_id="2" stage="1" lat="1">
<core>Sel</core>
<MemPortIdVec></MemPortIdVec>
<condition id="-1">
<or_exp><and_exp><literal name="icmp_ln402" val="0"/>
</and_exp></or_exp>
</condition>

<Node id="30" bw="9" op_0_bw="1" op_1_bw="9" op_2_bw="9">
<![CDATA[
for.inc62:6 %select_ln402 = select i1 %icmp_ln404, i9 0, i9 %j_load

]]></Node>
<StgValue><ssdm name="select_ln402"/></StgValue>
</operation>

<operation id="31" st_id="2" stage="1" lat="1">
<core>Sel</core>
<MemPortIdVec></MemPortIdVec>
<condition id="-1">
<or_exp><and_exp><literal name="icmp_ln402" val="0"/>
</and_exp></or_exp>
</condition>

<Node id="31" bw="9" op_0_bw="1" op_1_bw="9" op_2_bw="9">
<![CDATA[
for.inc62:7 %select_ln402_2 = select i1 %icmp_ln404, i9 %add_ln402, i9 %i_load

]]></Node>
<StgValue><ssdm name="select_ln402_2"/></StgValue>
</operation>

<operation id="32" st_id="2" stage="1" lat="1">
<core>NULL</core>
<MemPortIdVec></MemPortIdVec>
<condition id="-1">
<or_exp><and_exp><literal name="icmp_ln402" val="0"/>
</and_exp></or_exp>
</condition>

<Node id="32" bw="11" op_0_bw="9">
<![CDATA[
for.inc62:8 %zext_ln1271 = zext i9 %select_ln402_2

]]></Node>
<StgValue><ssdm name="zext_ln1271"/></StgValue>
</operation>

<operation id="33" st_id="2" stage="1" lat="1">
<core>Adder</core>
<MemPortIdVec></MemPortIdVec>
<condition id="-1">
<or_exp><and_exp><literal name="icmp_ln402" val="0"/>
</and_exp></or_exp>
</condition>

<Node id="33" bw="11" op_0_bw="11" op_1_bw="11">
<![CDATA[
for.inc62:9 %add_ln1271 = add i11 %tmp_10_cast, i11 %zext_ln1271

]]></Node>
<StgValue><ssdm name="add_ln1271"/></StgValue>
</operation>

<operation id="34" st_id="2" stage="1" lat="1">
<core>NULL</core>
<MemPortIdVec></MemPortIdVec>
<condition id="-1">
<or_exp><and_exp><literal name="icmp_ln402" val="0"/>
</and_exp></or_exp>
</condition>

<Node id="35" bw="10" op_0_bw="11">
<![CDATA[
for.inc62:11 %trunc_ln1271 = trunc i11 %add_ln1271

]]></Node>
<StgValue><ssdm name="trunc_ln1271"/></StgValue>
</operation>

<operation id="35" st_id="2" stage="1" lat="1">
<core>Cmp</core>
<MemPortIdVec></MemPortIdVec>
<condition id="-1">
<or_exp><and_exp><literal name="icmp_ln402" val="0"/>
</and_exp></or_exp>
</condition>

<Node id="56" bw="1" op_0_bw="9" op_1_bw="9">
<![CDATA[
for.inc62:32 %cmp43 = icmp_eq  i9 %select_ln402, i9 0

]]></Node>
<StgValue><ssdm name="cmp43"/></StgValue>
</operation>

<operation id="36" st_id="2" stage="1" lat="1">
<core>NULL</core>
<MemPortIdVec></MemPortIdVec>
<condition id="-1">
<or_exp><and_exp><literal name="icmp_ln402" val="0"/>
</and_exp></or_exp>
</condition>

<Node id="57" bw="0" op_0_bw="1" op_1_bw="0" op_2_bw="0">
<![CDATA[
for.inc62:33 %br_ln425 = br i1 %cmp43, void %if.end, void %if.then

]]></Node>
<StgValue><ssdm name="br_ln425"/></StgValue>
</operation>
</state>

<state id="3" st_id="3">

<operation id="37" st_id="3" stage="1" lat="1">
<core>NULL</core>
<MemPortIdVec></MemPortIdVec>
<condition id="-1">
<or_exp><and_exp><literal name="icmp_ln402" val="0"/>
</and_exp></or_exp>
</condition>

<Node id="34" bw="64" op_0_bw="11">
<![CDATA[
for.inc62:10 %zext_ln1271_4 = zext i11 %add_ln1271

]]></Node>
<StgValue><ssdm name="zext_ln1271_4"/></StgValue>
</operation>

<operation id="38" st_id="3" stage="1" lat="1">
<core>NULL</core>
<MemPortIdVec></MemPortIdVec>
<condition id="-1">
<or_exp><and_exp><literal name="icmp_ln402" val="0"/>
</and_exp></or_exp>
</condition>

<Node id="36" bw="18" op_0_bw="18" op_1_bw="10" op_2_bw="8">
<![CDATA[
for.inc62:12 %tmp_1 = bitconcatenate i18 @_ssdm_op_BitConcatenate.i18.i10.i8, i10 %trunc_ln1271, i8 0

]]></Node>
<StgValue><ssdm name="tmp_1"/></StgValue>
</operation>

<operation id="39" st_id="3" stage="1" lat="1">
<core>NULL</core>
<MemPortIdVec></MemPortIdVec>
<condition id="-1">
<or_exp><and_exp><literal name="icmp_ln402" val="0"/>
</and_exp></or_exp>
</condition>

<Node id="37" bw="10" op_0_bw="32" op_1_bw="64" op_2_bw="64">
<![CDATA[
for.inc62:13 %output_addr = getelementptr i32 %output_r, i64 0, i64 %zext_ln1271_4

]]></Node>
<StgValue><ssdm name="output_addr"/></StgValue>
</operation>

<operation id="40" st_id="3" stage="1" lat="1">
<core>NULL</core>
<MemPortIdVec></MemPortIdVec>
<condition id="-1">
<or_exp><and_exp><literal name="icmp_ln402" val="0"/>
</and_exp></or_exp>
</condition>

<Node id="38" bw="10" op_0_bw="32" op_1_bw="64" op_2_bw="64">
<![CDATA[
for.inc62:14 %this_bias_addr = getelementptr i32 %this_bias, i64 0, i64 %zext_ln1271_4

]]></Node>
<StgValue><ssdm name="this_bias_addr"/></StgValue>
</operation>

<operation id="41" st_id="3" stage="2" lat="2">
<core>RAM</core>
<MemPortIdVec>0 </MemPortIdVec>
<condition id="-1">
<or_exp><and_exp><literal name="icmp_ln402" val="0"/>
</and_exp></or_exp>
</condition>

<Node id="39" bw="32" op_0_bw="10">
<![CDATA[
for.inc62:15 %this_bias_load = load i10 %this_bias_addr

]]></Node>
<StgValue><ssdm name="this_bias_load"/></StgValue>
</operation>

<operation id="42" st_id="3" stage="1" lat="1">
<core>NULL</core>
<MemPortIdVec></MemPortIdVec>
<condition id="-1">
<or_exp><and_exp><literal name="icmp_ln402" val="0"/>
</and_exp></or_exp>
</condition>

<Node id="41" bw="18" op_0_bw="9">
<![CDATA[
for.inc62:17 %zext_ln1271_6 = zext i9 %select_ln402

]]></Node>
<StgValue><ssdm name="zext_ln1271_6"/></StgValue>
</operation>

<operation id="43" st_id="3" stage="1" lat="1">
<core>Adder</core>
<MemPortIdVec></MemPortIdVec>
<condition id="-1">
<or_exp><and_exp><literal name="icmp_ln402" val="0"/>
</and_exp></or_exp>
</condition>

<Node id="42" bw="18" op_0_bw="18" op_1_bw="18">
<![CDATA[
for.inc62:18 %add_ln1271_1 = add i18 %tmp_1, i18 %zext_ln1271_6

]]></Node>
<StgValue><ssdm name="add_ln1271_1"/></StgValue>
</operation>

<operation id="44" st_id="3" stage="1" lat="1">
<core>NULL</core>
<MemPortIdVec></MemPortIdVec>
<condition id="-1">
<or_exp><and_exp><literal name="icmp_ln402" val="0"/>
</and_exp></or_exp>
</condition>

<Node id="43" bw="64" op_0_bw="18">
<![CDATA[
for.inc62:19 %zext_ln1271_7 = zext i18 %add_ln1271_1

]]></Node>
<StgValue><ssdm name="zext_ln1271_7"/></StgValue>
</operation>

<operation id="45" st_id="3" stage="1" lat="1">
<core>NULL</core>
<MemPortIdVec></MemPortIdVec>
<condition id="-1">
<or_exp><and_exp><literal name="icmp_ln402" val="0"/>
</and_exp></or_exp>
</condition>

<Node id="44" bw="18" op_0_bw="32" op_1_bw="64" op_2_bw="64">
<![CDATA[
for.inc62:20 %this_weight_addr = getelementptr i32 %this_weight, i64 0, i64 %zext_ln1271_7

]]></Node>
<StgValue><ssdm name="this_weight_addr"/></StgValue>
</operation>

<operation id="46" st_id="3" stage="2" lat="2">
<core>RAM</core>
<MemPortIdVec>0 </MemPortIdVec>
<condition id="-1">
<or_exp><and_exp><literal name="icmp_ln402" val="0"/>
</and_exp></or_exp>
</condition>

<Node id="50" bw="32" op_0_bw="18">
<![CDATA[
for.inc62:26 %r_V = load i18 %this_weight_addr

]]></Node>
<StgValue><ssdm name="r_V"/></StgValue>
</operation>

<operation id="75" st_id="3" stage="1" lat="1">
<core>NULL</core>
<MemPortIdVec></MemPortIdVec>
<condition id="-1">
<or_exp><and_exp><literal name="icmp_ln402" val="1"/>
</and_exp></or_exp>
</condition>

<Node id="71" bw="0">
<![CDATA[
for.end64:0 %ret_ln432 = ret

]]></Node>
<StgValue><ssdm name="ret_ln432"/></StgValue>
</operation>
</state>

<state id="4" st_id="4">

<operation id="47" st_id="4" stage="1" lat="2">
<core>RAM</core>
<MemPortIdVec>0 </MemPortIdVec>
<condition id="-1">
<or_exp><and_exp><literal name="icmp_ln402" val="0"/>
</and_exp></or_exp>
</condition>

<Node id="39" bw="32" op_0_bw="10">
<![CDATA[
for.inc62:15 %this_bias_load = load i10 %this_bias_addr

]]></Node>
<StgValue><ssdm name="this_bias_load"/></StgValue>
</operation>

<operation id="48" st_id="4" stage="1" lat="1">
<core>NULL</core>
<MemPortIdVec></MemPortIdVec>
<condition id="-1">
<or_exp><and_exp><literal name="icmp_ln402" val="0"/>
</and_exp></or_exp>
</condition>

<Node id="40" bw="10" op_0_bw="9">
<![CDATA[
for.inc62:16 %zext_ln1271_5 = zext i9 %select_ln402

]]></Node>
<StgValue><ssdm name="zext_ln1271_5"/></StgValue>
</operation>

<operation id="49" st_id="4" stage="1" lat="1">
<core>Adder</core>
<MemPortIdVec></MemPortIdVec>
<condition id="-1">
<or_exp><and_exp><literal name="icmp_ln402" val="0"/>
</and_exp></or_exp>
</condition>

<Node id="45" bw="10" op_0_bw="10" op_1_bw="10">
<![CDATA[
for.inc62:21 %add_ln1273 = add i10 %tmp, i10 %zext_ln1271_5

]]></Node>
<StgValue><ssdm name="add_ln1273"/></StgValue>
</operation>

<operation id="50" st_id="4" stage="1" lat="1">
<core>NULL</core>
<MemPortIdVec></MemPortIdVec>
<condition id="-1">
<or_exp><and_exp><literal name="icmp_ln402" val="0"/>
</and_exp></or_exp>
</condition>

<Node id="46" bw="64" op_0_bw="10">
<![CDATA[
for.inc62:22 %zext_ln1273 = zext i10 %add_ln1273

]]></Node>
<StgValue><ssdm name="zext_ln1273"/></StgValue>
</operation>

<operation id="51" st_id="4" stage="1" lat="1">
<core>NULL</core>
<MemPortIdVec></MemPortIdVec>
<condition id="-1">
<or_exp><and_exp><literal name="icmp_ln402" val="0"/>
</and_exp></or_exp>
</condition>

<Node id="47" bw="10" op_0_bw="32" op_1_bw="64" op_2_bw="64">
<![CDATA[
for.inc62:23 %output_addr_1 = getelementptr i32 %output_r, i64 0, i64 %zext_ln1273

]]></Node>
<StgValue><ssdm name="output_addr_1"/></StgValue>
</operation>

<operation id="52" st_id="4" stage="1" lat="2">
<core>RAM</core>
<MemPortIdVec>0 </MemPortIdVec>
<condition id="-1">
<or_exp><and_exp><literal name="icmp_ln402" val="0"/>
</and_exp></or_exp>
</condition>

<Node id="50" bw="32" op_0_bw="18">
<![CDATA[
for.inc62:26 %r_V = load i18 %this_weight_addr

]]></Node>
<StgValue><ssdm name="r_V"/></StgValue>
</operation>

<operation id="53" st_id="4" stage="2" lat="2">
<core>RAM</core>
<MemPortIdVec>0 </MemPortIdVec>
<condition id="-1">
<or_exp><and_exp><literal name="icmp_ln402" val="0"/>
</and_exp></or_exp>
</condition>

<Node id="52" bw="32" op_0_bw="10">
<![CDATA[
for.inc62:28 %output_load_1 = load i10 %output_addr_1

]]></Node>
<StgValue><ssdm name="output_load_1"/></StgValue>
</operation>

<operation id="54" st_id="4" stage="1" lat="1">
<core>NULL</core>
<MemPortIdVec></MemPortIdVec>
<condition id="-1">
<or_exp><and_exp><literal name="icmp_ln402" val="0"/>
</and_exp></or_exp>
</condition>

<Node id="66" bw="0" op_0_bw="17" op_1_bw="17" op_2_bw="0" op_3_bw="0">
<![CDATA[
if.end:4 %store_ln404 = store i17 %add_ln402_2, i17 %indvar_flatten

]]></Node>
<StgValue><ssdm name="store_ln404"/></StgValue>
</operation>

<operation id="55" st_id="4" stage="1" lat="1">
<core>NULL</core>
<MemPortIdVec></MemPortIdVec>
<condition id="-1">
<or_exp><and_exp><literal name="icmp_ln402" val="0"/>
</and_exp></or_exp>
</condition>

<Node id="67" bw="0" op_0_bw="9" op_1_bw="9" op_2_bw="0" op_3_bw="0">
<![CDATA[
if.end:5 %store_ln404 = store i9 %select_ln402_2, i9 %i

]]></Node>
<StgValue><ssdm name="store_ln404"/></StgValue>
</operation>
</state>

<state id="5" st_id="5">

<operation id="56" st_id="5" stage="1" lat="2">
<core>RAM</core>
<MemPortIdVec>0 </MemPortIdVec>
<condition id="-1">
<or_exp><and_exp><literal name="icmp_ln402" val="0"/>
</and_exp></or_exp>
</condition>

<Node id="52" bw="32" op_0_bw="10">
<![CDATA[
for.inc62:28 %output_load_1 = load i10 %output_addr_1

]]></Node>
<StgValue><ssdm name="output_load_1"/></StgValue>
</operation>

<operation id="57" st_id="5" stage="1" lat="1">
<core>RAM</core>
<MemPortIdVec>0 </MemPortIdVec>
<condition id="-1">
<or_exp><and_exp><literal name="icmp_ln402" val="0"/>
<literal name="cmp43" val="1"/>
</and_exp></or_exp>
</condition>

<Node id="59" bw="0" op_0_bw="32" op_1_bw="10" op_2_bw="0">
<![CDATA[
if.then:0 %store_ln426 = store i32 %this_bias_load, i10 %output_addr

]]></Node>
<StgValue><ssdm name="store_ln426"/></StgValue>
</operation>

<operation id="58" st_id="5" stage="1" lat="1">
<core>NULL</core>
<MemPortIdVec></MemPortIdVec>
<condition id="-1">
<or_exp><and_exp><literal name="icmp_ln402" val="0"/>
<literal name="cmp43" val="1"/>
</and_exp></or_exp>
</condition>

<Node id="60" bw="0" op_0_bw="0">
<![CDATA[
if.then:1 %br_ln427 = br void %if.end

]]></Node>
<StgValue><ssdm name="br_ln427"/></StgValue>
</operation>
</state>

<state id="6" st_id="6">

<operation id="59" st_id="6" stage="1" lat="1">
<core>NULL</core>
<MemPortIdVec></MemPortIdVec>
<condition id="-1">
<or_exp><and_exp><literal name="icmp_ln402" val="0"/>
</and_exp></or_exp>
</condition>

<Node id="51" bw="48" op_0_bw="32">
<![CDATA[
for.inc62:27 %sext_ln1270 = sext i32 %r_V

]]></Node>
<StgValue><ssdm name="sext_ln1270"/></StgValue>
</operation>

<operation id="60" st_id="6" stage="1" lat="1">
<core>NULL</core>
<MemPortIdVec></MemPortIdVec>
<condition id="-1">
<or_exp><and_exp><literal name="icmp_ln402" val="0"/>
</and_exp></or_exp>
</condition>

<Node id="53" bw="48" op_0_bw="32">
<![CDATA[
for.inc62:29 %sext_ln1273 = sext i32 %output_load_1

]]></Node>
<StgValue><ssdm name="sext_ln1273"/></StgValue>
</operation>

<operation id="61" st_id="6" stage="2" lat="2">
<core>Multiplier</core>
<MemPortIdVec></MemPortIdVec>
<condition id="-1">
<or_exp><and_exp><literal name="icmp_ln402" val="0"/>
</and_exp></or_exp>
</condition>

<Node id="54" bw="48" op_0_bw="48" op_1_bw="48">
<![CDATA[
for.inc62:30 %r_V_3 = mul i48 %sext_ln1273, i48 %sext_ln1270

]]></Node>
<StgValue><ssdm name="r_V_3"/></StgValue>
</operation>

<operation id="62" st_id="6" stage="2" lat="2">
<core>RAM</core>
<MemPortIdVec>0 </MemPortIdVec>
<condition id="-1">
<or_exp><and_exp><literal name="icmp_ln402" val="0"/>
</and_exp></or_exp>
</condition>

<Node id="62" bw="32" op_0_bw="10" op_1_bw="0">
<![CDATA[
if.end:0 %output_load = load i10 %output_addr

]]></Node>
<StgValue><ssdm name="output_load"/></StgValue>
</operation>

<operation id="63" st_id="6" stage="1" lat="1">
<core>Adder</core>
<MemPortIdVec></MemPortIdVec>
<condition id="-1">
<or_exp><and_exp><literal name="icmp_ln402" val="0"/>
</and_exp></or_exp>
</condition>

<Node id="65" bw="9" op_0_bw="9" op_1_bw="9">
<![CDATA[
if.end:3 %add_ln404 = add i9 %select_ln402, i9 1

]]></Node>
<StgValue><ssdm name="add_ln404"/></StgValue>
</operation>

<operation id="64" st_id="6" stage="1" lat="1">
<core>NULL</core>
<MemPortIdVec></MemPortIdVec>
<condition id="-1">
<or_exp><and_exp><literal name="icmp_ln402" val="0"/>
</and_exp></or_exp>
</condition>

<Node id="68" bw="0" op_0_bw="9" op_1_bw="9" op_2_bw="0" op_3_bw="0">
<![CDATA[
if.end:6 %store_ln404 = store i9 %add_ln404, i9 %j

]]></Node>
<StgValue><ssdm name="store_ln404"/></StgValue>
</operation>
</state>

<state id="7" st_id="7">

<operation id="65" st_id="7" stage="1" lat="1">
<core>NULL</core>
<MemPortIdVec></MemPortIdVec>
<condition id="-1">
<or_exp><and_exp></and_exp></or_exp>
</condition>

<Node id="27" bw="0" op_0_bw="0" op_1_bw="0">
<![CDATA[
for.inc62:3 %specloopname_ln0 = specloopname void @_ssdm_op_SpecLoopName, void @VITIS_LOOP_402_1_VITIS_LOOP_404_2_str

]]></Node>
<StgValue><ssdm name="specloopname_ln0"/></StgValue>
</operation>

<operation id="66" st_id="7" stage="1" lat="1">
<core>NULL</core>
<MemPortIdVec></MemPortIdVec>
<condition id="-1">
<or_exp><and_exp></and_exp></or_exp>
</condition>

<Node id="28" bw="32" op_0_bw="32" op_1_bw="64" op_2_bw="64" op_3_bw="64">
<![CDATA[
for.inc62:4 %empty = speclooptripcount i32 @_ssdm_op_SpecLoopTripCount, i64 65536, i64 65536, i64 65536

]]></Node>
<StgValue><ssdm name="empty"/></StgValue>
</operation>

<operation id="67" st_id="7" stage="1" lat="1">
<core>NULL</core>
<MemPortIdVec></MemPortIdVec>
<condition id="-1">
<or_exp><and_exp></and_exp></or_exp>
</condition>

<Node id="48" bw="0" op_0_bw="0" op_1_bw="32" op_2_bw="32" op_3_bw="32" op_4_bw="32" op_5_bw="0">
<![CDATA[
for.inc62:24 %specpipeline_ln405 = specpipeline void @_ssdm_op_SpecPipeline, i32 4294967295, i32 0, i32 0, i32 0, void @empty_0

]]></Node>
<StgValue><ssdm name="specpipeline_ln405"/></StgValue>
</operation>

<operation id="68" st_id="7" stage="1" lat="1">
<core>NULL</core>
<MemPortIdVec></MemPortIdVec>
<condition id="-1">
<or_exp><and_exp></and_exp></or_exp>
</condition>

<Node id="49" bw="0" op_0_bw="0" op_1_bw="0">
<![CDATA[
for.inc62:25 %specloopname_ln404 = specloopname void @_ssdm_op_SpecLoopName, void @empty_2

]]></Node>
<StgValue><ssdm name="specloopname_ln404"/></StgValue>
</operation>

<operation id="69" st_id="7" stage="1" lat="2">
<core>Multiplier</core>
<MemPortIdVec></MemPortIdVec>
<condition id="-1">
<or_exp><and_exp></and_exp></or_exp>
</condition>

<Node id="54" bw="48" op_0_bw="48" op_1_bw="48">
<![CDATA[
for.inc62:30 %r_V_3 = mul i48 %sext_ln1273, i48 %sext_ln1270

]]></Node>
<StgValue><ssdm name="r_V_3"/></StgValue>
</operation>

<operation id="70" st_id="7" stage="1" lat="1">
<core>NULL</core>
<MemPortIdVec></MemPortIdVec>
<condition id="-1">
<or_exp><and_exp></and_exp></or_exp>
</condition>

<Node id="55" bw="32" op_0_bw="32" op_1_bw="48" op_2_bw="32" op_3_bw="32">
<![CDATA[
for.inc62:31 %trunc_ln = partselect i32 @_ssdm_op_PartSelect.i32.i48.i32.i32, i48 %r_V_3, i32 16, i32 47

]]></Node>
<StgValue><ssdm name="trunc_ln"/></StgValue>
</operation>

<operation id="71" st_id="7" stage="1" lat="2">
<core>RAM</core>
<MemPortIdVec>0 </MemPortIdVec>
<condition id="-1">
<or_exp><and_exp></and_exp></or_exp>
</condition>

<Node id="62" bw="32" op_0_bw="10" op_1_bw="0">
<![CDATA[
if.end:0 %output_load = load i10 %output_addr

]]></Node>
<StgValue><ssdm name="output_load"/></StgValue>
</operation>
</state>

<state id="8" st_id="8">

<operation id="72" st_id="8" stage="1" lat="1">
<core>Adder</core>
<MemPortIdVec></MemPortIdVec>
<condition id="-1">
<or_exp><and_exp></and_exp></or_exp>
</condition>

<Node id="63" bw="32" op_0_bw="32" op_1_bw="32">
<![CDATA[
if.end:1 %add_ln813 = add i32 %output_load, i32 %trunc_ln

]]></Node>
<StgValue><ssdm name="add_ln813"/></StgValue>
</operation>

<operation id="73" st_id="8" stage="1" lat="1">
<core>RAM</core>
<MemPortIdVec>0 </MemPortIdVec>
<condition id="-1">
<or_exp><and_exp></and_exp></or_exp>
</condition>

<Node id="64" bw="0" op_0_bw="32" op_1_bw="10" op_2_bw="0" op_3_bw="0">
<![CDATA[
if.end:2 %store_ln813 = store i32 %add_ln813, i10 %output_addr

]]></Node>
<StgValue><ssdm name="store_ln813"/></StgValue>
</operation>

<operation id="74" st_id="8" stage="1" lat="1">
<core>NULL</core>
<MemPortIdVec></MemPortIdVec>
<condition id="-1">
<or_exp><and_exp></and_exp></or_exp>
</condition>

<Node id="69" bw="0" op_0_bw="0">
<![CDATA[
if.end:7 %br_ln404 = br void %for.body11

]]></Node>
<StgValue><ssdm name="br_ln404"/></StgValue>
</operation>
</state>
</state_list>


<ports>
<port id="101" name="this_weight" dir="0" iftype="1">
<core>RAM</core><StgValue><ssdm name="this_weight"/><MemPortTyVec>1 3 </MemPortTyVec>
</StgValue>
</port>
<port id="102" name="this_weight_offset" dir="0" iftype="0">
<core>NULL</core><StgValue><ssdm name="this_weight_offset"/></StgValue>
</port>
<port id="103" name="this_bias" dir="0" iftype="1">
<core>RAM</core><StgValue><ssdm name="this_bias"/><MemPortTyVec>1 3 </MemPortTyVec>
</StgValue>
</port>
<port id="104" name="output_r" dir="2" iftype="1">
<core>RAM</core><StgValue><ssdm name="output_r"/><MemPortTyVec>2 3 </MemPortTyVec>
</StgValue>
</port>
<port id="105" name="input_offset" dir="0" iftype="0">
<core>NULL</core><StgValue><ssdm name="input_offset"/></StgValue>
</port>
</ports>


<dataflows>
<dataflow id="107" from="StgValue_106" to="j" fromId="106" toId="10">
</dataflow>
<dataflow id="108" from="StgValue_106" to="i" fromId="106" toId="11">
</dataflow>
<dataflow id="109" from="StgValue_106" to="indvar_flatten" fromId="106" toId="12">
</dataflow>
<dataflow id="111" from="_ssdm_op_Read.ap_auto.i2" to="input_offset_read" fromId="110" toId="13">
</dataflow>
<dataflow id="112" from="input_offset" to="input_offset_read" fromId="105" toId="13">
</dataflow>
<dataflow id="113" from="_ssdm_op_Read.ap_auto.i2" to="this_weight_offset_read" fromId="110" toId="14">
</dataflow>
<dataflow id="114" from="this_weight_offset" to="this_weight_offset_read" fromId="102" toId="14">
</dataflow>
<dataflow id="116" from="_ssdm_op_BitConcatenate.i10.i2.i8" to="tmp" fromId="115" toId="15">
</dataflow>
<dataflow id="117" from="input_offset_read" to="tmp" fromId="13" toId="15">
</dataflow>
<dataflow id="119" from="StgValue_118" to="tmp" fromId="118" toId="15">
</dataflow>
<dataflow id="120" from="_ssdm_op_BitConcatenate.i10.i2.i8" to="tmp_s" fromId="115" toId="16">
</dataflow>
<dataflow id="121" from="this_weight_offset_read" to="tmp_s" fromId="14" toId="16">
</dataflow>
<dataflow id="122" from="StgValue_118" to="tmp_s" fromId="118" toId="16">
</dataflow>
<dataflow id="123" from="tmp_s" to="tmp_10_cast" fromId="16" toId="17">
</dataflow>
<dataflow id="125" from="StgValue_124" to="store_ln402" fromId="124" toId="18">
</dataflow>
<dataflow id="126" from="indvar_flatten" to="store_ln402" fromId="12" toId="18">
</dataflow>
<dataflow id="128" from="StgValue_127" to="store_ln402" fromId="127" toId="19">
</dataflow>
<dataflow id="129" from="i" to="store_ln402" fromId="11" toId="19">
</dataflow>
<dataflow id="130" from="StgValue_127" to="store_ln402" fromId="127" toId="20">
</dataflow>
<dataflow id="131" from="j" to="store_ln402" fromId="10" toId="20">
</dataflow>
<dataflow id="132" from="indvar_flatten" to="indvar_flatten_load" fromId="12" toId="22">
</dataflow>
<dataflow id="133" from="indvar_flatten_load" to="icmp_ln402" fromId="22" toId="23">
</dataflow>
<dataflow id="135" from="StgValue_134" to="icmp_ln402" fromId="134" toId="23">
</dataflow>
<dataflow id="136" from="indvar_flatten_load" to="add_ln402_2" fromId="22" toId="24">
</dataflow>
<dataflow id="138" from="StgValue_137" to="add_ln402_2" fromId="137" toId="24">
</dataflow>
<dataflow id="139" from="icmp_ln402" to="br_ln402" fromId="23" toId="25">
</dataflow>
<dataflow id="140" from="j" to="j_load" fromId="10" toId="26">
</dataflow>
<dataflow id="141" from="i" to="i_load" fromId="11" toId="27">
</dataflow>
<dataflow id="142" from="i_load" to="add_ln402" fromId="27" toId="28">
</dataflow>
<dataflow id="144" from="StgValue_143" to="add_ln402" fromId="143" toId="28">
</dataflow>
<dataflow id="145" from="j_load" to="icmp_ln404" fromId="26" toId="29">
</dataflow>
<dataflow id="147" from="StgValue_146" to="icmp_ln404" fromId="146" toId="29">
</dataflow>
<dataflow id="148" from="icmp_ln404" to="select_ln402" fromId="29" toId="30">
</dataflow>
<dataflow id="149" from="StgValue_127" to="select_ln402" fromId="127" toId="30">
</dataflow>
<dataflow id="150" from="j_load" to="select_ln402" fromId="26" toId="30">
</dataflow>
<dataflow id="151" from="icmp_ln404" to="select_ln402_2" fromId="29" toId="31">
</dataflow>
<dataflow id="152" from="add_ln402" to="select_ln402_2" fromId="28" toId="31">
</dataflow>
<dataflow id="153" from="i_load" to="select_ln402_2" fromId="27" toId="31">
</dataflow>
<dataflow id="154" from="select_ln402_2" to="zext_ln1271" fromId="31" toId="32">
</dataflow>
<dataflow id="155" from="tmp_10_cast" to="add_ln1271" fromId="17" toId="33">
</dataflow>
<dataflow id="156" from="zext_ln1271" to="add_ln1271" fromId="32" toId="33">
</dataflow>
<dataflow id="157" from="add_ln1271" to="trunc_ln1271" fromId="33" toId="34">
</dataflow>
<dataflow id="158" from="select_ln402" to="cmp43" fromId="30" toId="35">
</dataflow>
<dataflow id="159" from="StgValue_127" to="cmp43" fromId="127" toId="35">
</dataflow>
<dataflow id="160" from="cmp43" to="br_ln425" fromId="35" toId="36">
</dataflow>
<dataflow id="161" from="add_ln1271" to="zext_ln1271_4" fromId="33" toId="37">
</dataflow>
<dataflow id="163" from="_ssdm_op_BitConcatenate.i18.i10.i8" to="tmp_1" fromId="162" toId="38">
</dataflow>
<dataflow id="164" from="trunc_ln1271" to="tmp_1" fromId="34" toId="38">
</dataflow>
<dataflow id="165" from="StgValue_118" to="tmp_1" fromId="118" toId="38">
</dataflow>
<dataflow id="166" from="output_r" to="output_addr" fromId="104" toId="39">
</dataflow>
<dataflow id="168" from="StgValue_167" to="output_addr" fromId="167" toId="39">
</dataflow>
<dataflow id="169" from="zext_ln1271_4" to="output_addr" fromId="37" toId="39">
</dataflow>
<dataflow id="170" from="this_bias" to="this_bias_addr" fromId="103" toId="40">
</dataflow>
<dataflow id="171" from="StgValue_167" to="this_bias_addr" fromId="167" toId="40">
</dataflow>
<dataflow id="172" from="zext_ln1271_4" to="this_bias_addr" fromId="37" toId="40">
</dataflow>
<dataflow id="173" from="this_bias_addr" to="this_bias_load" fromId="40" toId="41">
</dataflow>
<dataflow id="174" from="select_ln402" to="zext_ln1271_6" fromId="30" toId="42">
</dataflow>
<dataflow id="175" from="tmp_1" to="add_ln1271_1" fromId="38" toId="43">
</dataflow>
<dataflow id="176" from="zext_ln1271_6" to="add_ln1271_1" fromId="42" toId="43">
</dataflow>
<dataflow id="177" from="add_ln1271_1" to="zext_ln1271_7" fromId="43" toId="44">
</dataflow>
<dataflow id="178" from="this_weight" to="this_weight_addr" fromId="101" toId="45">
</dataflow>
<dataflow id="179" from="StgValue_167" to="this_weight_addr" fromId="167" toId="45">
</dataflow>
<dataflow id="180" from="zext_ln1271_7" to="this_weight_addr" fromId="44" toId="45">
</dataflow>
<dataflow id="181" from="this_weight_addr" to="r_V" fromId="45" toId="46">
</dataflow>
<dataflow id="182" from="this_bias_addr" to="this_bias_load" fromId="40" toId="47">
</dataflow>
<dataflow id="183" from="select_ln402" to="zext_ln1271_5" fromId="30" toId="48">
</dataflow>
<dataflow id="184" from="tmp" to="add_ln1273" fromId="15" toId="49">
</dataflow>
<dataflow id="185" from="zext_ln1271_5" to="add_ln1273" fromId="48" toId="49">
</dataflow>
<dataflow id="186" from="add_ln1273" to="zext_ln1273" fromId="49" toId="50">
</dataflow>
<dataflow id="187" from="output_r" to="output_addr_1" fromId="104" toId="51">
</dataflow>
<dataflow id="188" from="StgValue_167" to="output_addr_1" fromId="167" toId="51">
</dataflow>
<dataflow id="189" from="zext_ln1273" to="output_addr_1" fromId="50" toId="51">
</dataflow>
<dataflow id="190" from="this_weight_addr" to="r_V" fromId="45" toId="52">
</dataflow>
<dataflow id="191" from="output_addr_1" to="output_load_1" fromId="51" toId="53">
</dataflow>
<dataflow id="192" from="add_ln402_2" to="store_ln404" fromId="24" toId="54">
</dataflow>
<dataflow id="193" from="indvar_flatten" to="store_ln404" fromId="12" toId="54">
</dataflow>
<dataflow id="194" from="select_ln402_2" to="store_ln404" fromId="31" toId="55">
</dataflow>
<dataflow id="195" from="i" to="store_ln404" fromId="11" toId="55">
</dataflow>
<dataflow id="196" from="output_addr_1" to="output_load_1" fromId="51" toId="56">
</dataflow>
<dataflow id="197" from="this_bias_load" to="store_ln426" fromId="47" toId="57">
</dataflow>
<dataflow id="198" from="output_addr" to="store_ln426" fromId="39" toId="57">
</dataflow>
<dataflow id="199" from="r_V" to="sext_ln1270" fromId="52" toId="59">
</dataflow>
<dataflow id="200" from="output_load_1" to="sext_ln1273" fromId="56" toId="60">
</dataflow>
<dataflow id="201" from="sext_ln1273" to="r_V_3" fromId="60" toId="61">
</dataflow>
<dataflow id="202" from="sext_ln1270" to="r_V_3" fromId="59" toId="61">
</dataflow>
<dataflow id="203" from="output_addr" to="output_load" fromId="39" toId="62">
</dataflow>
<dataflow id="204" from="select_ln402" to="add_ln404" fromId="30" toId="63">
</dataflow>
<dataflow id="205" from="StgValue_143" to="add_ln404" fromId="143" toId="63">
</dataflow>
<dataflow id="206" from="add_ln404" to="store_ln404" fromId="63" toId="64">
</dataflow>
<dataflow id="207" from="j" to="store_ln404" fromId="10" toId="64">
</dataflow>
<dataflow id="209" from="_ssdm_op_SpecLoopName" to="specloopname_ln0" fromId="208" toId="65">
</dataflow>
<dataflow id="211" from="VITIS_LOOP_402_1_VITIS_LOOP_404_2_str" to="specloopname_ln0" fromId="210" toId="65">
</dataflow>
<dataflow id="213" from="_ssdm_op_SpecLoopTripCount" to="empty" fromId="212" toId="66">
</dataflow>
<dataflow id="215" from="StgValue_214" to="empty" fromId="214" toId="66">
</dataflow>
<dataflow id="216" from="StgValue_214" to="empty" fromId="214" toId="66">
</dataflow>
<dataflow id="217" from="StgValue_214" to="empty" fromId="214" toId="66">
</dataflow>
<dataflow id="219" from="_ssdm_op_SpecPipeline" to="specpipeline_ln405" fromId="218" toId="67">
</dataflow>
<dataflow id="221" from="StgValue_220" to="specpipeline_ln405" fromId="220" toId="67">
</dataflow>
<dataflow id="223" from="StgValue_222" to="specpipeline_ln405" fromId="222" toId="67">
</dataflow>
<dataflow id="224" from="StgValue_222" to="specpipeline_ln405" fromId="222" toId="67">
</dataflow>
<dataflow id="225" from="StgValue_222" to="specpipeline_ln405" fromId="222" toId="67">
</dataflow>
<dataflow id="227" from="empty_0" to="specpipeline_ln405" fromId="226" toId="67">
</dataflow>
<dataflow id="228" from="_ssdm_op_SpecLoopName" to="specloopname_ln404" fromId="208" toId="68">
</dataflow>
<dataflow id="230" from="empty_2" to="specloopname_ln404" fromId="229" toId="68">
</dataflow>
<dataflow id="231" from="sext_ln1273" to="r_V_3" fromId="60" toId="69">
</dataflow>
<dataflow id="232" from="sext_ln1270" to="r_V_3" fromId="59" toId="69">
</dataflow>
<dataflow id="234" from="_ssdm_op_PartSelect.i32.i48.i32.i32" to="trunc_ln" fromId="233" toId="70">
</dataflow>
<dataflow id="235" from="r_V_3" to="trunc_ln" fromId="69" toId="70">
</dataflow>
<dataflow id="237" from="StgValue_236" to="trunc_ln" fromId="236" toId="70">
</dataflow>
<dataflow id="239" from="StgValue_238" to="trunc_ln" fromId="238" toId="70">
</dataflow>
<dataflow id="240" from="output_addr" to="output_load" fromId="39" toId="71">
</dataflow>
<dataflow id="241" from="output_load" to="add_ln813" fromId="71" toId="72">
</dataflow>
<dataflow id="242" from="trunc_ln" to="add_ln813" fromId="70" toId="72">
</dataflow>
<dataflow id="243" from="add_ln813" to="store_ln813" fromId="72" toId="73">
</dataflow>
<dataflow id="244" from="output_addr" to="store_ln813" fromId="39" toId="73">
</dataflow>
<dataflow id="245" from="icmp_ln402" to="StgValue_2" fromId="23" toId="2">
</dataflow>
<dataflow id="246" from="icmp_ln402" to="StgValue_3" fromId="23" toId="3">
</dataflow>
<dataflow id="247" from="icmp_ln402" to="StgValue_4" fromId="23" toId="4">
</dataflow>
<dataflow id="248" from="icmp_ln402" to="StgValue_5" fromId="23" toId="5">
</dataflow>
<dataflow id="249" from="cmp43" to="StgValue_5" fromId="35" toId="5">
</dataflow>
<dataflow id="250" from="icmp_ln402" to="StgValue_6" fromId="23" toId="6">
</dataflow>
</dataflows>


</stg>
