<profile>

<section name = "Vitis HLS Report for 'forward'" level="0">
<item name = "Date">Fri Jul  7 13:57:17 2023
</item>
<item name = "Version">2022.2.2 (Build 3779808 on Feb 17 2023)</item>
<item name = "Project">model_top_vitis_hls_project</item>
<item name = "Solution">solution1 (Vitis Kernel Flow Target)</item>
<item name = "Product family">zynquplus</item>
<item name = "Target device">xczu9eg-ffvb1156-2-e</item>
</section>

<section name = "Performance Estimates" level="0">
<item name = "Timing">
<section name = "" level="1">
<item name = "Summary"><table name="" hasTotal="0">
<keys size="4">Clock, Target, Estimated, Uncertainty</keys>
<column name="ap_clk">3.33 ns, 2.431 ns, 0.90 ns</column>
</table>
</item>
</section>
</item>
<item name = "Latency">
<section name = "" level="1">
<item name = "Summary"><table name="" hasTotal="0">
<keys size="8">, min, max, min, max, min, max, Type</keys>
<column name="">335, 335, 1.116 us, 1.116 us, 335, 335, no</column>
</table>
</item>
<item name = "Detail">
<section name = "" level="1">
<item name = "Instance"><table name="" hasTotal="0">
<keys size="9">Instance, Module, min, max, min, max, min, max, Type</keys>
</table>
</item>
<item name = "Loop"><table name="" hasTotal="0">
<keys size="8">Loop Name, min, max, Latency, achieved, target, Count, Pipelined</keys>
<column name="- VITIS_LOOP_490_1">333, 333, 79, 1, 1, 256, yes</column>
</table>
</item>
</section>
</item>
</section>
</item>
</section>

<section name = "Utilization Estimates" level="0">
<item name = "Summary"><table name="" hasTotal="1">
<keys size="6">Name, BRAM_18K, DSP, FF, LUT, URAM</keys>
<column name="DSP">-, -, -, -, -</column>
<column name="Expression">-, -, 0, 37674, -</column>
<column name="FIFO">-, -, -, -, -</column>
<column name="Instance">-, 33, 233, 143, -</column>
<column name="Memory">-, -, -, -, -</column>
<column name="Multiplexer">-, -, -, 54, -</column>
<column name="Register">-, -, 20475, 1888, -</column>
<specialColumn name="Available">1824, 2520, 548160, 274080, 0</specialColumn>
<specialColumn name="Utilization (%)">0, 1, 3, 14, 0</specialColumn>
</table>
</item>
<item name = "Detail">
<section name = "" level="1">
<item name = "Instance"><table name="" hasTotal="1">
<keys size="7">Instance, Module, BRAM_18K, DSP, FF, LUT, URAM</keys>
<column name="mul_32ns_65ns_66_3_1_U69">mul_32ns_65ns_66_3_1, 0, 7, 34, 47, 0</column>
<column name="mul_32s_32s_64_2_1_U67">mul_32s_32s_64_2_1, 0, 3, 165, 49, 0</column>
<column name="mul_64ns_98ns_161_3_1_U68">mul_64ns_98ns_161_3_1, 0, 23, 34, 47, 0</column>
</table>
</item>
<item name = "DSP"><table name="" hasTotal="0">
<keys size="3">Instance, Module, Expression</keys>
</table>
</item>
<item name = "Memory"><table name="" hasTotal="1">
<keys size="10">Memory, Module, BRAM_18K, FF, LUT, URAM, Words, Bits, Banks, W*Bits*Banks</keys>
</table>
</item>
<item name = "FIFO"><table name="" hasTotal="1">
<keys size="8">Name, BRAM_18K, FF, LUT, URAM, Depth, Bits, Size:D*B</keys>
</table>
</item>
<item name = "Expression"><table name="" hasTotal="1">
<keys size="7">Variable Name, Operation, DSP, FF, LUT, Bitwidth P0, Bitwidth P1</keys>
<column name="add_ln1271_fu_802_p2">+, 0, 0, 17, 10, 10</column>
<column name="add_ln490_fu_792_p2">+, 0, 0, 16, 9, 1</column>
<column name="add_ln53_125_fu_1178_p2">+, 0, 0, 66, 66, 62</column>
<column name="add_ln53_127_fu_1279_p2">+, 0, 0, 66, 66, 61</column>
<column name="add_ln53_129_fu_1375_p2">+, 0, 0, 66, 66, 60</column>
<column name="add_ln53_131_fu_1476_p2">+, 0, 0, 66, 66, 59</column>
<column name="add_ln53_133_fu_1537_p2">+, 0, 0, 66, 66, 58</column>
<column name="add_ln53_135_fu_1634_p2">+, 0, 0, 66, 66, 57</column>
<column name="add_ln53_137_fu_1703_p2">+, 0, 0, 66, 66, 56</column>
<column name="add_ln53_139_fu_1798_p2">+, 0, 0, 66, 66, 55</column>
<column name="add_ln53_141_fu_1833_p2">+, 0, 0, 66, 66, 54</column>
<column name="add_ln53_143_fu_1928_p2">+, 0, 0, 66, 66, 53</column>
<column name="add_ln53_145_fu_2022_p2">+, 0, 0, 66, 66, 52</column>
<column name="add_ln53_147_fu_2116_p2">+, 0, 0, 66, 66, 51</column>
<column name="add_ln53_149_fu_2210_p2">+, 0, 0, 66, 66, 50</column>
<column name="add_ln53_151_fu_2304_p2">+, 0, 0, 66, 66, 49</column>
<column name="add_ln53_153_fu_2398_p2">+, 0, 0, 66, 66, 48</column>
<column name="add_ln53_155_fu_2492_p2">+, 0, 0, 66, 66, 47</column>
<column name="add_ln53_157_fu_2586_p2">+, 0, 0, 66, 66, 46</column>
<column name="add_ln53_159_fu_2680_p2">+, 0, 0, 66, 66, 45</column>
<column name="add_ln53_161_fu_2774_p2">+, 0, 0, 66, 66, 44</column>
<column name="add_ln53_163_fu_2868_p2">+, 0, 0, 66, 66, 43</column>
<column name="add_ln53_165_fu_2962_p2">+, 0, 0, 66, 66, 42</column>
<column name="add_ln53_167_fu_3056_p2">+, 0, 0, 66, 66, 41</column>
<column name="add_ln53_169_fu_3091_p2">+, 0, 0, 66, 66, 40</column>
<column name="add_ln53_171_fu_3186_p2">+, 0, 0, 66, 66, 39</column>
<column name="add_ln53_173_fu_3221_p2">+, 0, 0, 66, 66, 38</column>
<column name="add_ln53_175_fu_3316_p2">+, 0, 0, 66, 66, 37</column>
<column name="add_ln53_177_fu_3351_p2">+, 0, 0, 66, 66, 36</column>
<column name="add_ln53_179_fu_3446_p2">+, 0, 0, 66, 66, 35</column>
<column name="add_ln53_181_fu_3481_p2">+, 0, 0, 66, 66, 34</column>
<column name="add_ln53_183_fu_3576_p2">+, 0, 0, 66, 66, 33</column>
<column name="add_ln53_185_fu_3670_p2">+, 0, 0, 66, 66, 32</column>
<column name="add_ln53_187_fu_3764_p2">+, 0, 0, 66, 66, 31</column>
<column name="add_ln53_189_fu_3858_p2">+, 0, 0, 66, 66, 30</column>
<column name="add_ln53_191_fu_3952_p2">+, 0, 0, 66, 66, 29</column>
<column name="add_ln53_193_fu_3987_p2">+, 0, 0, 66, 66, 28</column>
<column name="add_ln53_195_fu_4082_p2">+, 0, 0, 66, 66, 27</column>
<column name="add_ln53_197_fu_4117_p2">+, 0, 0, 66, 66, 26</column>
<column name="add_ln53_199_fu_4212_p2">+, 0, 0, 66, 66, 25</column>
<column name="add_ln53_201_fu_4247_p2">+, 0, 0, 66, 66, 24</column>
<column name="add_ln53_203_fu_4342_p2">+, 0, 0, 66, 66, 23</column>
<column name="add_ln53_205_fu_4377_p2">+, 0, 0, 66, 66, 22</column>
<column name="add_ln53_207_fu_4472_p2">+, 0, 0, 66, 66, 21</column>
<column name="add_ln53_209_fu_4507_p2">+, 0, 0, 66, 66, 20</column>
<column name="add_ln53_211_fu_4602_p2">+, 0, 0, 66, 66, 19</column>
<column name="add_ln53_213_fu_4637_p2">+, 0, 0, 66, 66, 18</column>
<column name="add_ln53_215_fu_4732_p2">+, 0, 0, 66, 66, 17</column>
<column name="add_ln53_217_fu_4767_p2">+, 0, 0, 66, 66, 16</column>
<column name="add_ln53_219_fu_4862_p2">+, 0, 0, 66, 66, 15</column>
<column name="add_ln53_221_fu_4897_p2">+, 0, 0, 66, 66, 14</column>
<column name="add_ln53_223_fu_4992_p2">+, 0, 0, 66, 66, 13</column>
<column name="add_ln53_225_fu_5027_p2">+, 0, 0, 66, 66, 12</column>
<column name="add_ln53_227_fu_5122_p2">+, 0, 0, 66, 66, 11</column>
<column name="add_ln53_229_fu_5157_p2">+, 0, 0, 66, 66, 10</column>
<column name="add_ln53_231_fu_5252_p2">+, 0, 0, 66, 66, 9</column>
<column name="add_ln53_233_fu_5346_p2">+, 0, 0, 66, 66, 8</column>
<column name="add_ln53_235_fu_5440_p2">+, 0, 0, 66, 66, 7</column>
<column name="add_ln53_237_fu_5534_p2">+, 0, 0, 66, 66, 6</column>
<column name="add_ln53_239_fu_5569_p2">+, 0, 0, 66, 66, 5</column>
<column name="add_ln53_241_fu_5664_p2">+, 0, 0, 66, 66, 4</column>
<column name="add_ln53_243_fu_5758_p2">+, 0, 0, 66, 66, 3</column>
<column name="add_ln53_245_fu_5793_p2">+, 0, 0, 66, 66, 2</column>
<column name="add_ln53_fu_1034_p2">+, 0, 0, 66, 66, 63</column>
<column name="add_ln813_127_fu_1121_p2">+, 0, 0, 72, 65, 65</column>
<column name="add_ln813_128_fu_1206_p2">+, 0, 0, 72, 65, 65</column>
<column name="add_ln813_129_fu_1223_p2">+, 0, 0, 72, 65, 65</column>
<column name="add_ln813_130_fu_1304_p2">+, 0, 0, 72, 65, 65</column>
<column name="add_ln813_131_fu_1319_p2">+, 0, 0, 72, 65, 65</column>
<column name="add_ln813_132_fu_1403_p2">+, 0, 0, 72, 65, 65</column>
<column name="add_ln813_133_fu_1419_p2">+, 0, 0, 73, 66, 66</column>
<column name="add_ln813_134_fu_1501_p2">+, 0, 0, 72, 65, 65</column>
<column name="add_ln813_135_fu_1516_p2">+, 0, 0, 73, 66, 66</column>
<column name="add_ln813_136_fu_1607_p2">+, 0, 0, 72, 65, 65</column>
<column name="add_ln813_137_fu_1622_p2">+, 0, 0, 73, 66, 66</column>
<column name="add_ln813_138_fu_1737_p2">+, 0, 0, 72, 65, 65</column>
<column name="add_ln813_139_fu_1752_p2">+, 0, 0, 73, 66, 66</column>
<column name="add_ln813_140_fu_1867_p2">+, 0, 0, 72, 65, 65</column>
<column name="add_ln813_141_fu_1882_p2">+, 0, 0, 73, 66, 66</column>
<column name="add_ln813_142_fu_1961_p2">+, 0, 0, 72, 65, 65</column>
<column name="add_ln813_143_fu_1976_p2">+, 0, 0, 73, 66, 66</column>
<column name="add_ln813_144_fu_2055_p2">+, 0, 0, 72, 65, 65</column>
<column name="add_ln813_145_fu_2070_p2">+, 0, 0, 73, 66, 66</column>
<column name="add_ln813_146_fu_2149_p2">+, 0, 0, 72, 65, 65</column>
<column name="add_ln813_147_fu_2164_p2">+, 0, 0, 73, 66, 66</column>
<column name="add_ln813_148_fu_2243_p2">+, 0, 0, 72, 65, 65</column>
<column name="add_ln813_149_fu_2258_p2">+, 0, 0, 73, 66, 66</column>
<column name="add_ln813_150_fu_2337_p2">+, 0, 0, 72, 65, 65</column>
<column name="add_ln813_151_fu_2352_p2">+, 0, 0, 73, 66, 66</column>
<column name="add_ln813_152_fu_2431_p2">+, 0, 0, 72, 65, 65</column>
<column name="add_ln813_153_fu_2446_p2">+, 0, 0, 73, 66, 66</column>
<column name="add_ln813_154_fu_2525_p2">+, 0, 0, 72, 65, 65</column>
<column name="add_ln813_155_fu_2540_p2">+, 0, 0, 73, 66, 66</column>
<column name="add_ln813_156_fu_2619_p2">+, 0, 0, 72, 65, 65</column>
<column name="add_ln813_157_fu_2634_p2">+, 0, 0, 73, 66, 66</column>
<column name="add_ln813_158_fu_2713_p2">+, 0, 0, 72, 65, 65</column>
<column name="add_ln813_159_fu_2728_p2">+, 0, 0, 73, 66, 66</column>
<column name="add_ln813_160_fu_2807_p2">+, 0, 0, 72, 65, 65</column>
<column name="add_ln813_161_fu_2822_p2">+, 0, 0, 73, 66, 66</column>
<column name="add_ln813_162_fu_2901_p2">+, 0, 0, 72, 65, 65</column>
<column name="add_ln813_163_fu_2916_p2">+, 0, 0, 73, 66, 66</column>
<column name="add_ln813_164_fu_2995_p2">+, 0, 0, 72, 65, 65</column>
<column name="add_ln813_165_fu_3010_p2">+, 0, 0, 73, 66, 66</column>
<column name="add_ln813_166_fu_3125_p2">+, 0, 0, 72, 65, 65</column>
<column name="add_ln813_167_fu_3140_p2">+, 0, 0, 73, 66, 66</column>
<column name="add_ln813_168_fu_3255_p2">+, 0, 0, 72, 65, 65</column>
<column name="add_ln813_169_fu_3270_p2">+, 0, 0, 73, 66, 66</column>
<column name="add_ln813_170_fu_3385_p2">+, 0, 0, 72, 65, 65</column>
<column name="add_ln813_171_fu_3400_p2">+, 0, 0, 73, 66, 66</column>
<column name="add_ln813_172_fu_3515_p2">+, 0, 0, 72, 65, 65</column>
<column name="add_ln813_173_fu_3530_p2">+, 0, 0, 73, 66, 66</column>
<column name="add_ln813_174_fu_3609_p2">+, 0, 0, 72, 65, 65</column>
<column name="add_ln813_175_fu_3624_p2">+, 0, 0, 73, 66, 66</column>
<column name="add_ln813_176_fu_3703_p2">+, 0, 0, 72, 65, 65</column>
<column name="add_ln813_177_fu_3718_p2">+, 0, 0, 73, 66, 66</column>
<column name="add_ln813_178_fu_3797_p2">+, 0, 0, 72, 65, 65</column>
<column name="add_ln813_179_fu_3812_p2">+, 0, 0, 73, 66, 66</column>
<column name="add_ln813_180_fu_3891_p2">+, 0, 0, 72, 65, 65</column>
<column name="add_ln813_181_fu_3906_p2">+, 0, 0, 73, 66, 66</column>
<column name="add_ln813_182_fu_4021_p2">+, 0, 0, 72, 65, 65</column>
<column name="add_ln813_183_fu_4036_p2">+, 0, 0, 73, 66, 66</column>
<column name="add_ln813_184_fu_4151_p2">+, 0, 0, 72, 65, 65</column>
<column name="add_ln813_185_fu_4166_p2">+, 0, 0, 73, 66, 66</column>
<column name="add_ln813_186_fu_4281_p2">+, 0, 0, 72, 65, 65</column>
<column name="add_ln813_187_fu_4296_p2">+, 0, 0, 73, 66, 66</column>
<column name="add_ln813_188_fu_4411_p2">+, 0, 0, 72, 65, 65</column>
<column name="add_ln813_189_fu_4426_p2">+, 0, 0, 73, 66, 66</column>
<column name="add_ln813_190_fu_4541_p2">+, 0, 0, 72, 65, 65</column>
<column name="add_ln813_191_fu_4556_p2">+, 0, 0, 73, 66, 66</column>
<column name="add_ln813_192_fu_4671_p2">+, 0, 0, 72, 65, 65</column>
<column name="add_ln813_193_fu_4686_p2">+, 0, 0, 73, 66, 66</column>
<column name="add_ln813_194_fu_4801_p2">+, 0, 0, 72, 65, 65</column>
<column name="add_ln813_195_fu_4816_p2">+, 0, 0, 73, 66, 66</column>
<column name="add_ln813_196_fu_4931_p2">+, 0, 0, 72, 65, 65</column>
<column name="add_ln813_197_fu_4946_p2">+, 0, 0, 73, 66, 66</column>
<column name="add_ln813_198_fu_5061_p2">+, 0, 0, 72, 65, 65</column>
<column name="add_ln813_199_fu_5076_p2">+, 0, 0, 73, 66, 66</column>
<column name="add_ln813_200_fu_5191_p2">+, 0, 0, 72, 65, 65</column>
<column name="add_ln813_201_fu_5206_p2">+, 0, 0, 73, 66, 66</column>
<column name="add_ln813_202_fu_5285_p2">+, 0, 0, 72, 65, 65</column>
<column name="add_ln813_203_fu_5300_p2">+, 0, 0, 73, 66, 66</column>
<column name="add_ln813_204_fu_5379_p2">+, 0, 0, 72, 65, 65</column>
<column name="add_ln813_205_fu_5394_p2">+, 0, 0, 73, 66, 66</column>
<column name="add_ln813_206_fu_5473_p2">+, 0, 0, 72, 65, 65</column>
<column name="add_ln813_207_fu_5488_p2">+, 0, 0, 73, 66, 66</column>
<column name="add_ln813_208_fu_5603_p2">+, 0, 0, 72, 65, 65</column>
<column name="add_ln813_209_fu_5618_p2">+, 0, 0, 73, 66, 66</column>
<column name="add_ln813_210_fu_5697_p2">+, 0, 0, 72, 65, 65</column>
<column name="add_ln813_211_fu_5712_p2">+, 0, 0, 73, 66, 66</column>
<column name="add_ln813_212_fu_5819_p2">+, 0, 0, 72, 65, 65</column>
<column name="add_ln813_213_fu_5834_p2">+, 0, 0, 73, 66, 66</column>
<column name="add_ln813_214_fu_5879_p2">+, 0, 0, 72, 65, 65</column>
<column name="add_ln813_215_fu_5894_p2">+, 0, 0, 73, 66, 66</column>
<column name="add_ln813_216_fu_5939_p2">+, 0, 0, 72, 65, 65</column>
<column name="add_ln813_217_fu_5954_p2">+, 0, 0, 73, 66, 66</column>
<column name="add_ln813_218_fu_5999_p2">+, 0, 0, 72, 65, 65</column>
<column name="add_ln813_219_fu_6014_p2">+, 0, 0, 73, 66, 66</column>
<column name="add_ln813_220_fu_6059_p2">+, 0, 0, 72, 65, 65</column>
<column name="add_ln813_221_fu_6074_p2">+, 0, 0, 73, 66, 66</column>
<column name="add_ln813_222_fu_6119_p2">+, 0, 0, 72, 65, 65</column>
<column name="add_ln813_223_fu_6134_p2">+, 0, 0, 73, 66, 66</column>
<column name="add_ln813_224_fu_6179_p2">+, 0, 0, 72, 65, 65</column>
<column name="add_ln813_225_fu_6194_p2">+, 0, 0, 73, 66, 66</column>
<column name="add_ln813_226_fu_6239_p2">+, 0, 0, 72, 65, 65</column>
<column name="add_ln813_227_fu_6254_p2">+, 0, 0, 73, 66, 66</column>
<column name="add_ln813_228_fu_6299_p2">+, 0, 0, 72, 65, 65</column>
<column name="add_ln813_229_fu_6314_p2">+, 0, 0, 73, 66, 66</column>
<column name="add_ln813_230_fu_6359_p2">+, 0, 0, 72, 65, 65</column>
<column name="add_ln813_231_fu_6374_p2">+, 0, 0, 73, 66, 66</column>
<column name="add_ln813_232_fu_6419_p2">+, 0, 0, 72, 65, 65</column>
<column name="add_ln813_233_fu_6434_p2">+, 0, 0, 73, 66, 66</column>
<column name="add_ln813_234_fu_6479_p2">+, 0, 0, 72, 65, 65</column>
<column name="add_ln813_235_fu_6494_p2">+, 0, 0, 73, 66, 66</column>
<column name="add_ln813_236_fu_6539_p2">+, 0, 0, 72, 65, 65</column>
<column name="add_ln813_237_fu_6554_p2">+, 0, 0, 73, 66, 66</column>
<column name="add_ln813_238_fu_6599_p2">+, 0, 0, 72, 65, 65</column>
<column name="add_ln813_239_fu_6614_p2">+, 0, 0, 73, 66, 66</column>
<column name="add_ln813_240_fu_6659_p2">+, 0, 0, 72, 65, 65</column>
<column name="add_ln813_241_fu_6674_p2">+, 0, 0, 73, 66, 66</column>
<column name="add_ln813_242_fu_6719_p2">+, 0, 0, 72, 65, 65</column>
<column name="add_ln813_243_fu_6734_p2">+, 0, 0, 73, 66, 66</column>
<column name="add_ln813_244_fu_6779_p2">+, 0, 0, 72, 65, 65</column>
<column name="add_ln813_245_fu_6794_p2">+, 0, 0, 73, 66, 66</column>
<column name="add_ln813_246_fu_6839_p2">+, 0, 0, 72, 65, 65</column>
<column name="add_ln813_247_fu_6854_p2">+, 0, 0, 73, 66, 66</column>
<column name="add_ln813_248_fu_6903_p2">+, 0, 0, 72, 65, 65</column>
<column name="add_ln813_249_fu_6947_p2">+, 0, 0, 72, 65, 65</column>
<column name="add_ln813_251_fu_7013_p2">+, 0, 0, 65, 65, 65</column>
<column name="add_ln813_252_fu_7060_p2">+, 0, 0, 72, 65, 65</column>
<column name="add_ln813_fu_1103_p2">+, 0, 0, 71, 64, 64</column>
<column name="add_ln83_fu_6972_p2">+, 0, 0, 65, 65, 65</column>
<column name="ret_V_fu_908_p2">+, 0, 0, 73, 66, 66</column>
<column name="tz_100_fu_4123_p2">+, 0, 0, 66, 66, 66</column>
<column name="tz_101_fu_4217_p2">+, 0, 0, 66, 66, 66</column>
<column name="tz_102_fu_4253_p2">+, 0, 0, 66, 66, 66</column>
<column name="tz_103_fu_4347_p2">+, 0, 0, 66, 66, 66</column>
<column name="tz_104_fu_4383_p2">+, 0, 0, 66, 66, 66</column>
<column name="tz_105_fu_4477_p2">+, 0, 0, 66, 66, 66</column>
<column name="tz_106_fu_4513_p2">+, 0, 0, 66, 66, 66</column>
<column name="tz_107_fu_4607_p2">+, 0, 0, 66, 66, 66</column>
<column name="tz_108_fu_4643_p2">+, 0, 0, 66, 66, 66</column>
<column name="tz_109_fu_4737_p2">+, 0, 0, 66, 66, 66</column>
<column name="tz_110_fu_4773_p2">+, 0, 0, 66, 66, 66</column>
<column name="tz_111_fu_4867_p2">+, 0, 0, 66, 66, 66</column>
<column name="tz_112_fu_4903_p2">+, 0, 0, 66, 66, 66</column>
<column name="tz_113_fu_4997_p2">+, 0, 0, 66, 66, 66</column>
<column name="tz_114_fu_5033_p2">+, 0, 0, 66, 66, 66</column>
<column name="tz_115_fu_5127_p2">+, 0, 0, 66, 66, 66</column>
<column name="tz_116_fu_5163_p2">+, 0, 0, 66, 66, 66</column>
<column name="tz_117_fu_5257_p2">+, 0, 0, 66, 66, 66</column>
<column name="tz_118_fu_5351_p2">+, 0, 0, 66, 66, 66</column>
<column name="tz_119_fu_5445_p2">+, 0, 0, 66, 66, 66</column>
<column name="tz_120_fu_5539_p2">+, 0, 0, 66, 66, 66</column>
<column name="tz_121_fu_5575_p2">+, 0, 0, 66, 66, 66</column>
<column name="tz_122_fu_5669_p2">+, 0, 0, 66, 66, 66</column>
<column name="tz_123_fu_5763_p2">+, 0, 0, 66, 66, 66</column>
<column name="tz_124_fu_5799_p2">+, 0, 0, 66, 66, 66</column>
<column name="tz_63_fu_1039_p2">+, 0, 0, 66, 66, 66</column>
<column name="tz_64_fu_1183_p2">+, 0, 0, 66, 66, 66</column>
<column name="tz_65_fu_1284_p2">+, 0, 0, 66, 66, 66</column>
<column name="tz_66_fu_1380_p2">+, 0, 0, 66, 66, 66</column>
<column name="tz_67_fu_1481_p2">+, 0, 0, 66, 66, 66</column>
<column name="tz_68_fu_1543_p2">+, 0, 0, 66, 66, 66</column>
<column name="tz_69_fu_1639_p2">+, 0, 0, 66, 66, 66</column>
<column name="tz_70_fu_1709_p2">+, 0, 0, 66, 66, 66</column>
<column name="tz_71_fu_1803_p2">+, 0, 0, 66, 66, 66</column>
<column name="tz_72_fu_1839_p2">+, 0, 0, 66, 66, 66</column>
<column name="tz_73_fu_1933_p2">+, 0, 0, 66, 66, 66</column>
<column name="tz_74_fu_2027_p2">+, 0, 0, 66, 66, 66</column>
<column name="tz_75_fu_2121_p2">+, 0, 0, 66, 66, 66</column>
<column name="tz_76_fu_2215_p2">+, 0, 0, 66, 66, 66</column>
<column name="tz_77_fu_2309_p2">+, 0, 0, 66, 66, 66</column>
<column name="tz_78_fu_2403_p2">+, 0, 0, 66, 66, 66</column>
<column name="tz_79_fu_2497_p2">+, 0, 0, 66, 66, 66</column>
<column name="tz_80_fu_2591_p2">+, 0, 0, 66, 66, 66</column>
<column name="tz_81_fu_2685_p2">+, 0, 0, 66, 66, 66</column>
<column name="tz_82_fu_2779_p2">+, 0, 0, 66, 66, 66</column>
<column name="tz_83_fu_2873_p2">+, 0, 0, 66, 66, 66</column>
<column name="tz_84_fu_2967_p2">+, 0, 0, 66, 66, 66</column>
<column name="tz_85_fu_3061_p2">+, 0, 0, 66, 66, 66</column>
<column name="tz_86_fu_3097_p2">+, 0, 0, 66, 66, 66</column>
<column name="tz_87_fu_3191_p2">+, 0, 0, 66, 66, 66</column>
<column name="tz_88_fu_3227_p2">+, 0, 0, 66, 66, 66</column>
<column name="tz_89_fu_3321_p2">+, 0, 0, 66, 66, 66</column>
<column name="tz_90_fu_3357_p2">+, 0, 0, 66, 66, 66</column>
<column name="tz_91_fu_3451_p2">+, 0, 0, 66, 66, 66</column>
<column name="tz_92_fu_3487_p2">+, 0, 0, 66, 66, 66</column>
<column name="tz_93_fu_3581_p2">+, 0, 0, 66, 66, 66</column>
<column name="tz_94_fu_3675_p2">+, 0, 0, 66, 66, 66</column>
<column name="tz_95_fu_3769_p2">+, 0, 0, 66, 66, 66</column>
<column name="tz_96_fu_3863_p2">+, 0, 0, 66, 66, 66</column>
<column name="tz_97_fu_3957_p2">+, 0, 0, 66, 66, 66</column>
<column name="tz_98_fu_3993_p2">+, 0, 0, 66, 66, 66</column>
<column name="tz_99_fu_4087_p2">+, 0, 0, 66, 66, 66</column>
<column name="tz_fu_977_p2">+, 0, 0, 73, 66, 66</column>
<column name="y_V_fu_6967_p2">+, 0, 0, 73, 66, 66</column>
<column name="outsin_V_8_fu_7131_p2">-, 0, 0, 41, 1, 34</column>
<column name="ret_V_2_fu_941_p2">-, 0, 0, 73, 65, 66</column>
<column name="sub_ln274_fu_7082_p2">-, 0, 0, 72, 1, 65</column>
<column name="sub_ln813_129_fu_1109_p2">-, 0, 0, 72, 65, 65</column>
<column name="sub_ln813_130_fu_1115_p2">-, 0, 0, 71, 64, 64</column>
<column name="sub_ln813_131_fu_1212_p2">-, 0, 0, 72, 65, 65</column>
<column name="sub_ln813_132_fu_1217_p2">-, 0, 0, 72, 65, 65</column>
<column name="sub_ln813_133_fu_1309_p2">-, 0, 0, 72, 65, 65</column>
<column name="sub_ln813_134_fu_1314_p2">-, 0, 0, 72, 65, 65</column>
<column name="sub_ln813_135_fu_1408_p2">-, 0, 0, 73, 66, 66</column>
<column name="sub_ln813_136_fu_1414_p2">-, 0, 0, 72, 65, 65</column>
<column name="sub_ln813_137_fu_1506_p2">-, 0, 0, 73, 66, 66</column>
<column name="sub_ln813_138_fu_1511_p2">-, 0, 0, 72, 65, 65</column>
<column name="sub_ln813_139_fu_1612_p2">-, 0, 0, 73, 66, 66</column>
<column name="sub_ln813_140_fu_1617_p2">-, 0, 0, 72, 65, 65</column>
<column name="sub_ln813_141_fu_1742_p2">-, 0, 0, 73, 66, 66</column>
<column name="sub_ln813_142_fu_1747_p2">-, 0, 0, 72, 65, 65</column>
<column name="sub_ln813_143_fu_1872_p2">-, 0, 0, 73, 66, 66</column>
<column name="sub_ln813_144_fu_1877_p2">-, 0, 0, 72, 65, 65</column>
<column name="sub_ln813_145_fu_1966_p2">-, 0, 0, 73, 66, 66</column>
<column name="sub_ln813_146_fu_1971_p2">-, 0, 0, 72, 65, 65</column>
<column name="sub_ln813_147_fu_2060_p2">-, 0, 0, 73, 66, 66</column>
<column name="sub_ln813_148_fu_2065_p2">-, 0, 0, 72, 65, 65</column>
<column name="sub_ln813_149_fu_2154_p2">-, 0, 0, 73, 66, 66</column>
<column name="sub_ln813_150_fu_2159_p2">-, 0, 0, 72, 65, 65</column>
<column name="sub_ln813_151_fu_2248_p2">-, 0, 0, 73, 66, 66</column>
<column name="sub_ln813_152_fu_2253_p2">-, 0, 0, 72, 65, 65</column>
<column name="sub_ln813_153_fu_2342_p2">-, 0, 0, 73, 66, 66</column>
<column name="sub_ln813_154_fu_2347_p2">-, 0, 0, 72, 65, 65</column>
<column name="sub_ln813_155_fu_2436_p2">-, 0, 0, 73, 66, 66</column>
<column name="sub_ln813_156_fu_2441_p2">-, 0, 0, 72, 65, 65</column>
<column name="sub_ln813_157_fu_2530_p2">-, 0, 0, 73, 66, 66</column>
<column name="sub_ln813_158_fu_2535_p2">-, 0, 0, 72, 65, 65</column>
<column name="sub_ln813_159_fu_2624_p2">-, 0, 0, 73, 66, 66</column>
<column name="sub_ln813_160_fu_2629_p2">-, 0, 0, 72, 65, 65</column>
<column name="sub_ln813_161_fu_2718_p2">-, 0, 0, 73, 66, 66</column>
<column name="sub_ln813_162_fu_2723_p2">-, 0, 0, 72, 65, 65</column>
<column name="sub_ln813_163_fu_2812_p2">-, 0, 0, 73, 66, 66</column>
<column name="sub_ln813_164_fu_2817_p2">-, 0, 0, 72, 65, 65</column>
<column name="sub_ln813_165_fu_2906_p2">-, 0, 0, 73, 66, 66</column>
<column name="sub_ln813_166_fu_2911_p2">-, 0, 0, 72, 65, 65</column>
<column name="sub_ln813_167_fu_3000_p2">-, 0, 0, 73, 66, 66</column>
<column name="sub_ln813_168_fu_3005_p2">-, 0, 0, 72, 65, 65</column>
<column name="sub_ln813_169_fu_3130_p2">-, 0, 0, 73, 66, 66</column>
<column name="sub_ln813_170_fu_3135_p2">-, 0, 0, 72, 65, 65</column>
<column name="sub_ln813_171_fu_3260_p2">-, 0, 0, 73, 66, 66</column>
<column name="sub_ln813_172_fu_3265_p2">-, 0, 0, 72, 65, 65</column>
<column name="sub_ln813_173_fu_3390_p2">-, 0, 0, 73, 66, 66</column>
<column name="sub_ln813_174_fu_3395_p2">-, 0, 0, 72, 65, 65</column>
<column name="sub_ln813_175_fu_3520_p2">-, 0, 0, 73, 66, 66</column>
<column name="sub_ln813_176_fu_3525_p2">-, 0, 0, 72, 65, 65</column>
<column name="sub_ln813_177_fu_3614_p2">-, 0, 0, 73, 66, 66</column>
<column name="sub_ln813_178_fu_3619_p2">-, 0, 0, 72, 65, 65</column>
<column name="sub_ln813_179_fu_3708_p2">-, 0, 0, 73, 66, 66</column>
<column name="sub_ln813_180_fu_3713_p2">-, 0, 0, 72, 65, 65</column>
<column name="sub_ln813_181_fu_3802_p2">-, 0, 0, 73, 66, 66</column>
<column name="sub_ln813_182_fu_3807_p2">-, 0, 0, 72, 65, 65</column>
<column name="sub_ln813_183_fu_3896_p2">-, 0, 0, 73, 66, 66</column>
<column name="sub_ln813_184_fu_3901_p2">-, 0, 0, 72, 65, 65</column>
<column name="sub_ln813_185_fu_4026_p2">-, 0, 0, 73, 66, 66</column>
<column name="sub_ln813_186_fu_4031_p2">-, 0, 0, 72, 65, 65</column>
<column name="sub_ln813_187_fu_4156_p2">-, 0, 0, 73, 66, 66</column>
<column name="sub_ln813_188_fu_4161_p2">-, 0, 0, 72, 65, 65</column>
<column name="sub_ln813_189_fu_4286_p2">-, 0, 0, 73, 66, 66</column>
<column name="sub_ln813_190_fu_4291_p2">-, 0, 0, 72, 65, 65</column>
<column name="sub_ln813_191_fu_4416_p2">-, 0, 0, 73, 66, 66</column>
<column name="sub_ln813_192_fu_4421_p2">-, 0, 0, 72, 65, 65</column>
<column name="sub_ln813_193_fu_4546_p2">-, 0, 0, 73, 66, 66</column>
<column name="sub_ln813_194_fu_4551_p2">-, 0, 0, 72, 65, 65</column>
<column name="sub_ln813_195_fu_4676_p2">-, 0, 0, 73, 66, 66</column>
<column name="sub_ln813_196_fu_4681_p2">-, 0, 0, 72, 65, 65</column>
<column name="sub_ln813_197_fu_4806_p2">-, 0, 0, 73, 66, 66</column>
<column name="sub_ln813_198_fu_4811_p2">-, 0, 0, 72, 65, 65</column>
<column name="sub_ln813_199_fu_4936_p2">-, 0, 0, 73, 66, 66</column>
<column name="sub_ln813_200_fu_4941_p2">-, 0, 0, 72, 65, 65</column>
<column name="sub_ln813_201_fu_5066_p2">-, 0, 0, 73, 66, 66</column>
<column name="sub_ln813_202_fu_5071_p2">-, 0, 0, 72, 65, 65</column>
<column name="sub_ln813_203_fu_5196_p2">-, 0, 0, 73, 66, 66</column>
<column name="sub_ln813_204_fu_5201_p2">-, 0, 0, 72, 65, 65</column>
<column name="sub_ln813_205_fu_5290_p2">-, 0, 0, 73, 66, 66</column>
<column name="sub_ln813_206_fu_5295_p2">-, 0, 0, 72, 65, 65</column>
<column name="sub_ln813_207_fu_5384_p2">-, 0, 0, 73, 66, 66</column>
<column name="sub_ln813_208_fu_5389_p2">-, 0, 0, 72, 65, 65</column>
<column name="sub_ln813_209_fu_5478_p2">-, 0, 0, 73, 66, 66</column>
<column name="sub_ln813_210_fu_5483_p2">-, 0, 0, 72, 65, 65</column>
<column name="sub_ln813_211_fu_5608_p2">-, 0, 0, 73, 66, 66</column>
<column name="sub_ln813_212_fu_5613_p2">-, 0, 0, 72, 65, 65</column>
<column name="sub_ln813_213_fu_5702_p2">-, 0, 0, 73, 66, 66</column>
<column name="sub_ln813_214_fu_5707_p2">-, 0, 0, 72, 65, 65</column>
<column name="sub_ln813_215_fu_5824_p2">-, 0, 0, 73, 66, 66</column>
<column name="sub_ln813_216_fu_5829_p2">-, 0, 0, 72, 65, 65</column>
<column name="sub_ln813_217_fu_5884_p2">-, 0, 0, 73, 66, 66</column>
<column name="sub_ln813_218_fu_5889_p2">-, 0, 0, 72, 65, 65</column>
<column name="sub_ln813_219_fu_5944_p2">-, 0, 0, 73, 66, 66</column>
<column name="sub_ln813_220_fu_5949_p2">-, 0, 0, 72, 65, 65</column>
<column name="sub_ln813_221_fu_6004_p2">-, 0, 0, 73, 66, 66</column>
<column name="sub_ln813_222_fu_6009_p2">-, 0, 0, 72, 65, 65</column>
<column name="sub_ln813_223_fu_6064_p2">-, 0, 0, 73, 66, 66</column>
<column name="sub_ln813_224_fu_6069_p2">-, 0, 0, 72, 65, 65</column>
<column name="sub_ln813_225_fu_6124_p2">-, 0, 0, 73, 66, 66</column>
<column name="sub_ln813_226_fu_6129_p2">-, 0, 0, 72, 65, 65</column>
<column name="sub_ln813_227_fu_6184_p2">-, 0, 0, 73, 66, 66</column>
<column name="sub_ln813_228_fu_6189_p2">-, 0, 0, 72, 65, 65</column>
<column name="sub_ln813_229_fu_6244_p2">-, 0, 0, 73, 66, 66</column>
<column name="sub_ln813_230_fu_6249_p2">-, 0, 0, 72, 65, 65</column>
<column name="sub_ln813_231_fu_6304_p2">-, 0, 0, 73, 66, 66</column>
<column name="sub_ln813_232_fu_6309_p2">-, 0, 0, 72, 65, 65</column>
<column name="sub_ln813_233_fu_6364_p2">-, 0, 0, 73, 66, 66</column>
<column name="sub_ln813_234_fu_6369_p2">-, 0, 0, 72, 65, 65</column>
<column name="sub_ln813_235_fu_6424_p2">-, 0, 0, 73, 66, 66</column>
<column name="sub_ln813_236_fu_6429_p2">-, 0, 0, 72, 65, 65</column>
<column name="sub_ln813_237_fu_6484_p2">-, 0, 0, 73, 66, 66</column>
<column name="sub_ln813_238_fu_6489_p2">-, 0, 0, 72, 65, 65</column>
<column name="sub_ln813_239_fu_6544_p2">-, 0, 0, 73, 66, 66</column>
<column name="sub_ln813_240_fu_6549_p2">-, 0, 0, 72, 65, 65</column>
<column name="sub_ln813_241_fu_6604_p2">-, 0, 0, 73, 66, 66</column>
<column name="sub_ln813_242_fu_6609_p2">-, 0, 0, 72, 65, 65</column>
<column name="sub_ln813_243_fu_6664_p2">-, 0, 0, 73, 66, 66</column>
<column name="sub_ln813_244_fu_6669_p2">-, 0, 0, 72, 65, 65</column>
<column name="sub_ln813_245_fu_6724_p2">-, 0, 0, 73, 66, 66</column>
<column name="sub_ln813_246_fu_6729_p2">-, 0, 0, 72, 65, 65</column>
<column name="sub_ln813_247_fu_6784_p2">-, 0, 0, 73, 66, 66</column>
<column name="sub_ln813_248_fu_6789_p2">-, 0, 0, 72, 65, 65</column>
<column name="sub_ln813_249_fu_6844_p2">-, 0, 0, 73, 66, 66</column>
<column name="sub_ln813_250_fu_6849_p2">-, 0, 0, 72, 65, 65</column>
<column name="sub_ln813_251_fu_6908_p2">-, 0, 0, 73, 66, 66</column>
<column name="sub_ln813_252_fu_6953_p2">-, 0, 0, 72, 65, 65</column>
<column name="sub_ln813_254_fu_7007_p2">-, 0, 0, 72, 65, 65</column>
<column name="sub_ln813_255_fu_7055_p2">-, 0, 0, 72, 65, 65</column>
<column name="sub_ln813_fu_831_p2">-, 0, 0, 71, 1, 64</column>
<column name="x_V_fu_6959_p2">-, 0, 0, 72, 65, 65</column>
<column name="empty_71_fu_885_p2">icmp, 0, 0, 8, 2, 2</column>
<column name="empty_72_fu_890_p2">icmp, 0, 0, 8, 2, 1</column>
<column name="icmp_ln274_2_fu_7109_p2">icmp, 0, 0, 8, 2, 1</column>
<column name="icmp_ln274_fu_7097_p2">icmp, 0, 0, 8, 2, 1</column>
<column name="icmp_ln490_fu_786_p2">icmp, 0, 0, 11, 9, 10</column>
<column name="sign0_fu_826_p2">icmp, 0, 0, 29, 64, 1</column>
<column name="empty_73_fu_895_p2">or, 0, 0, 2, 1, 1</column>
<column name="in_V_fu_836_p3">select, 0, 0, 64, 1, 64</column>
<column name="outsin_V_6_fu_7102_p3">select, 0, 0, 33, 1, 34</column>
<column name="outsin_V_7_fu_7114_p3">select, 0, 0, 33, 1, 34</column>
<column name="r_V_200_fu_7035_p3">select, 0, 0, 2, 1, 1</column>
<column name="select_ln101_fu_969_p3">select, 0, 0, 64, 1, 63</column>
<column name="select_ln1347_fu_999_p3">select, 0, 0, 61, 1, 62</column>
<column name="select_ln1487_3_fu_6985_p3">select, 0, 0, 2, 1, 2</column>
<column name="select_ln1487_4_fu_7042_p3">select, 0, 0, 2, 1, 2</column>
<column name="select_ln1487_fu_6925_p3">select, 0, 0, 2, 1, 2</column>
<column name="select_ln291_fu_7146_p3">select, 0, 0, 17, 1, 18</column>
<column name="select_ln53_188_fu_1171_p3">select, 0, 0, 61, 1, 62</column>
<column name="select_ln53_191_fu_1272_p3">select, 0, 0, 60, 1, 61</column>
<column name="select_ln53_194_fu_1368_p3">select, 0, 0, 59, 1, 60</column>
<column name="select_ln53_197_fu_1469_p3">select, 0, 0, 58, 1, 59</column>
<column name="select_ln53_200_fu_1529_p3">select, 0, 0, 57, 1, 58</column>
<column name="select_ln53_203_fu_1627_p3">select, 0, 0, 56, 1, 57</column>
<column name="select_ln53_206_fu_1695_p3">select, 0, 0, 55, 1, 56</column>
<column name="select_ln53_209_fu_1791_p3">select, 0, 0, 53, 1, 55</column>
<column name="select_ln53_212_fu_1825_p3">select, 0, 0, 52, 1, 54</column>
<column name="select_ln53_215_fu_1921_p3">select, 0, 0, 51, 1, 53</column>
<column name="select_ln53_218_fu_2015_p3">select, 0, 0, 50, 1, 52</column>
<column name="select_ln53_221_fu_2109_p3">select, 0, 0, 48, 1, 51</column>
<column name="select_ln53_224_fu_2203_p3">select, 0, 0, 47, 1, 50</column>
<column name="select_ln53_227_fu_2297_p3">select, 0, 0, 46, 1, 49</column>
<column name="select_ln53_230_fu_2391_p3">select, 0, 0, 45, 1, 48</column>
<column name="select_ln53_233_fu_2485_p3">select, 0, 0, 43, 1, 47</column>
<column name="select_ln53_236_fu_2579_p3">select, 0, 0, 42, 1, 46</column>
<column name="select_ln53_239_fu_2673_p3">select, 0, 0, 41, 1, 45</column>
<column name="select_ln53_242_fu_2767_p3">select, 0, 0, 40, 1, 44</column>
<column name="select_ln53_245_fu_2861_p3">select, 0, 0, 39, 1, 43</column>
<column name="select_ln53_248_fu_2955_p3">select, 0, 0, 38, 1, 42</column>
<column name="select_ln53_251_fu_3049_p3">select, 0, 0, 37, 1, 41</column>
<column name="select_ln53_254_fu_3083_p3">select, 0, 0, 36, 1, 40</column>
<column name="select_ln53_257_fu_3179_p3">select, 0, 0, 35, 1, 39</column>
<column name="select_ln53_260_fu_3213_p3">select, 0, 0, 35, 1, 38</column>
<column name="select_ln53_263_fu_3309_p3">select, 0, 0, 34, 1, 37</column>
<column name="select_ln53_266_fu_3343_p3">select, 0, 0, 34, 1, 36</column>
<column name="select_ln53_269_fu_3439_p3">select, 0, 0, 33, 1, 35</column>
<column name="select_ln53_272_fu_3473_p3">select, 0, 0, 33, 1, 34</column>
<column name="select_ln53_275_fu_3569_p3">select, 0, 0, 32, 1, 33</column>
<column name="select_ln53_278_fu_3663_p3">select, 0, 0, 32, 1, 32</column>
<column name="select_ln53_281_fu_3757_p3">select, 0, 0, 31, 1, 31</column>
<column name="select_ln53_284_fu_3851_p3">select, 0, 0, 30, 1, 30</column>
<column name="select_ln53_287_fu_3945_p3">select, 0, 0, 29, 1, 29</column>
<column name="select_ln53_290_fu_3979_p3">select, 0, 0, 28, 1, 28</column>
<column name="select_ln53_293_fu_4075_p3">select, 0, 0, 27, 1, 27</column>
<column name="select_ln53_296_fu_4109_p3">select, 0, 0, 26, 1, 26</column>
<column name="select_ln53_299_fu_4205_p3">select, 0, 0, 25, 1, 25</column>
<column name="select_ln53_302_fu_4239_p3">select, 0, 0, 24, 1, 24</column>
<column name="select_ln53_305_fu_4335_p3">select, 0, 0, 22, 1, 23</column>
<column name="select_ln53_308_fu_4369_p3">select, 0, 0, 21, 1, 22</column>
<column name="select_ln53_311_fu_4465_p3">select, 0, 0, 20, 1, 21</column>
<column name="select_ln53_314_fu_4499_p3">select, 0, 0, 19, 1, 20</column>
<column name="select_ln53_317_fu_4595_p3">select, 0, 0, 18, 1, 19</column>
<column name="select_ln53_320_fu_4629_p3">select, 0, 0, 17, 1, 18</column>
<column name="select_ln53_323_fu_4725_p3">select, 0, 0, 16, 1, 17</column>
<column name="select_ln53_326_fu_4759_p3">select, 0, 0, 16, 1, 16</column>
<column name="select_ln53_329_fu_4855_p3">select, 0, 0, 15, 1, 15</column>
<column name="select_ln53_332_fu_4889_p3">select, 0, 0, 14, 1, 14</column>
<column name="select_ln53_335_fu_4985_p3">select, 0, 0, 12, 1, 13</column>
<column name="select_ln53_338_fu_5019_p3">select, 0, 0, 11, 1, 12</column>
<column name="select_ln53_341_fu_5115_p3">select, 0, 0, 10, 1, 11</column>
<column name="select_ln53_344_fu_5149_p3">select, 0, 0, 10, 1, 10</column>
<column name="select_ln53_347_fu_5245_p3">select, 0, 0, 9, 1, 9</column>
<column name="select_ln53_350_fu_5339_p3">select, 0, 0, 8, 1, 8</column>
<column name="select_ln53_353_fu_5433_p3">select, 0, 0, 7, 1, 7</column>
<column name="select_ln53_356_fu_5527_p3">select, 0, 0, 6, 1, 6</column>
<column name="select_ln53_359_fu_5561_p3">select, 0, 0, 5, 1, 5</column>
<column name="select_ln53_362_fu_5657_p3">select, 0, 0, 4, 1, 4</column>
<column name="select_ln53_365_fu_5751_p3">select, 0, 0, 3, 1, 3</column>
<column name="select_ln53_368_fu_5785_p3">select, 0, 0, 2, 1, 2</column>
<column name="select_ln53_fu_1027_p3">select, 0, 0, 62, 1, 63</column>
<column name="select_ln813_3_fu_1013_p3">select, 0, 0, 61, 1, 61</column>
<column name="select_ln813_4_fu_1020_p3">select, 0, 0, 62, 1, 63</column>
<column name="select_ln813_fu_1006_p3">select, 0, 0, 64, 1, 64</column>
<column name="tx_100_fu_5312_p3">select, 0, 0, 64, 1, 65</column>
<column name="tx_101_fu_5406_p3">select, 0, 0, 64, 1, 65</column>
<column name="tx_102_fu_5500_p3">select, 0, 0, 64, 1, 65</column>
<column name="tx_103_fu_5630_p3">select, 0, 0, 64, 1, 65</column>
<column name="tx_104_fu_5724_p3">select, 0, 0, 64, 1, 65</column>
<column name="tx_105_fu_5846_p3">select, 0, 0, 64, 1, 65</column>
<column name="tx_106_fu_5906_p3">select, 0, 0, 64, 1, 65</column>
<column name="tx_107_fu_5966_p3">select, 0, 0, 64, 1, 65</column>
<column name="tx_108_fu_6026_p3">select, 0, 0, 64, 1, 65</column>
<column name="tx_109_fu_6086_p3">select, 0, 0, 64, 1, 65</column>
<column name="tx_110_fu_6146_p3">select, 0, 0, 64, 1, 65</column>
<column name="tx_111_fu_6206_p3">select, 0, 0, 64, 1, 65</column>
<column name="tx_112_fu_6266_p3">select, 0, 0, 64, 1, 65</column>
<column name="tx_113_fu_6326_p3">select, 0, 0, 64, 1, 65</column>
<column name="tx_114_fu_6386_p3">select, 0, 0, 64, 1, 65</column>
<column name="tx_115_fu_6446_p3">select, 0, 0, 64, 1, 65</column>
<column name="tx_116_fu_6506_p3">select, 0, 0, 64, 1, 65</column>
<column name="tx_117_fu_6566_p3">select, 0, 0, 64, 1, 65</column>
<column name="tx_118_fu_6626_p3">select, 0, 0, 64, 1, 65</column>
<column name="tx_119_fu_6686_p3">select, 0, 0, 64, 1, 65</column>
<column name="tx_120_fu_6746_p3">select, 0, 0, 64, 1, 65</column>
<column name="tx_121_fu_6806_p3">select, 0, 0, 64, 1, 65</column>
<column name="tx_122_fu_6866_p3">select, 0, 0, 64, 1, 65</column>
<column name="tx_62_fu_1143_p3">select, 0, 0, 64, 1, 64</column>
<column name="tx_63_fu_1244_p3">select, 0, 0, 64, 1, 65</column>
<column name="tx_64_fu_1340_p3">select, 0, 0, 64, 1, 65</column>
<column name="tx_65_fu_1441_p3">select, 0, 0, 64, 1, 65</column>
<column name="tx_66_fu_1557_p3">select, 0, 0, 64, 1, 65</column>
<column name="tx_67_fu_1652_p3">select, 0, 0, 64, 1, 65</column>
<column name="tx_68_fu_1764_p3">select, 0, 0, 64, 1, 65</column>
<column name="tx_69_fu_1894_p3">select, 0, 0, 64, 1, 65</column>
<column name="tx_70_fu_1988_p3">select, 0, 0, 64, 1, 65</column>
<column name="tx_71_fu_2082_p3">select, 0, 0, 64, 1, 65</column>
<column name="tx_72_fu_2176_p3">select, 0, 0, 64, 1, 65</column>
<column name="tx_73_fu_2270_p3">select, 0, 0, 64, 1, 65</column>
<column name="tx_74_fu_2364_p3">select, 0, 0, 64, 1, 65</column>
<column name="tx_75_fu_2458_p3">select, 0, 0, 64, 1, 65</column>
<column name="tx_76_fu_2552_p3">select, 0, 0, 64, 1, 65</column>
<column name="tx_77_fu_2646_p3">select, 0, 0, 64, 1, 65</column>
<column name="tx_78_fu_2740_p3">select, 0, 0, 64, 1, 65</column>
<column name="tx_79_fu_2834_p3">select, 0, 0, 64, 1, 65</column>
<column name="tx_80_fu_2928_p3">select, 0, 0, 64, 1, 65</column>
<column name="tx_81_fu_3022_p3">select, 0, 0, 64, 1, 65</column>
<column name="tx_82_fu_3152_p3">select, 0, 0, 64, 1, 65</column>
<column name="tx_83_fu_3282_p3">select, 0, 0, 64, 1, 65</column>
<column name="tx_84_fu_3412_p3">select, 0, 0, 64, 1, 65</column>
<column name="tx_85_fu_3542_p3">select, 0, 0, 64, 1, 65</column>
<column name="tx_86_fu_3636_p3">select, 0, 0, 64, 1, 65</column>
<column name="tx_87_fu_3730_p3">select, 0, 0, 64, 1, 65</column>
<column name="tx_88_fu_3824_p3">select, 0, 0, 64, 1, 65</column>
<column name="tx_89_fu_3918_p3">select, 0, 0, 64, 1, 65</column>
<column name="tx_90_fu_4048_p3">select, 0, 0, 64, 1, 65</column>
<column name="tx_91_fu_4178_p3">select, 0, 0, 64, 1, 65</column>
<column name="tx_92_fu_4308_p3">select, 0, 0, 64, 1, 65</column>
<column name="tx_93_fu_4438_p3">select, 0, 0, 64, 1, 65</column>
<column name="tx_94_fu_4568_p3">select, 0, 0, 64, 1, 65</column>
<column name="tx_95_fu_4698_p3">select, 0, 0, 64, 1, 65</column>
<column name="tx_96_fu_4828_p3">select, 0, 0, 64, 1, 65</column>
<column name="tx_97_fu_4958_p3">select, 0, 0, 64, 1, 65</column>
<column name="tx_98_fu_5088_p3">select, 0, 0, 64, 1, 65</column>
<column name="tx_99_fu_5218_p3">select, 0, 0, 64, 1, 65</column>
<column name="tx_fu_1056_p3">select, 0, 0, 62, 1, 63</column>
<column name="ty_100_fu_5081_p3">select, 0, 0, 65, 1, 66</column>
<column name="ty_101_fu_5211_p3">select, 0, 0, 65, 1, 66</column>
<column name="ty_102_fu_5305_p3">select, 0, 0, 65, 1, 66</column>
<column name="ty_103_fu_5399_p3">select, 0, 0, 65, 1, 66</column>
<column name="ty_104_fu_5493_p3">select, 0, 0, 65, 1, 66</column>
<column name="ty_105_fu_5623_p3">select, 0, 0, 65, 1, 66</column>
<column name="ty_106_fu_5717_p3">select, 0, 0, 65, 1, 66</column>
<column name="ty_107_fu_5839_p3">select, 0, 0, 65, 1, 66</column>
<column name="ty_108_fu_5899_p3">select, 0, 0, 65, 1, 66</column>
<column name="ty_109_fu_5959_p3">select, 0, 0, 65, 1, 66</column>
<column name="ty_110_fu_6019_p3">select, 0, 0, 65, 1, 66</column>
<column name="ty_111_fu_6079_p3">select, 0, 0, 65, 1, 66</column>
<column name="ty_112_fu_6139_p3">select, 0, 0, 65, 1, 66</column>
<column name="ty_113_fu_6199_p3">select, 0, 0, 65, 1, 66</column>
<column name="ty_114_fu_6259_p3">select, 0, 0, 65, 1, 66</column>
<column name="ty_115_fu_6319_p3">select, 0, 0, 65, 1, 66</column>
<column name="ty_116_fu_6379_p3">select, 0, 0, 65, 1, 66</column>
<column name="ty_117_fu_6439_p3">select, 0, 0, 65, 1, 66</column>
<column name="ty_118_fu_6499_p3">select, 0, 0, 65, 1, 66</column>
<column name="ty_119_fu_6559_p3">select, 0, 0, 65, 1, 66</column>
<column name="ty_120_fu_6619_p3">select, 0, 0, 65, 1, 66</column>
<column name="ty_121_fu_6679_p3">select, 0, 0, 65, 1, 66</column>
<column name="ty_122_fu_6739_p3">select, 0, 0, 65, 1, 66</column>
<column name="ty_123_fu_6799_p3">select, 0, 0, 65, 1, 66</column>
<column name="ty_124_fu_6859_p3">select, 0, 0, 65, 1, 66</column>
<column name="ty_125_fu_7050_p3">select, 0, 0, 64, 1, 65</column>
<column name="ty_126_fu_7065_p3">select, 0, 0, 64, 1, 65</column>
<column name="ty_64_fu_1135_p3">select, 0, 0, 64, 1, 65</column>
<column name="ty_65_fu_1236_p3">select, 0, 0, 64, 1, 65</column>
<column name="ty_66_fu_1332_p3">select, 0, 0, 64, 1, 65</column>
<column name="ty_67_fu_1433_p3">select, 0, 0, 65, 1, 66</column>
<column name="ty_68_fu_1549_p3">select, 0, 0, 65, 1, 66</column>
<column name="ty_69_fu_1645_p3">select, 0, 0, 65, 1, 66</column>
<column name="ty_70_fu_1757_p3">select, 0, 0, 65, 1, 66</column>
<column name="ty_71_fu_1887_p3">select, 0, 0, 65, 1, 66</column>
<column name="ty_72_fu_1981_p3">select, 0, 0, 65, 1, 66</column>
<column name="ty_73_fu_2075_p3">select, 0, 0, 65, 1, 66</column>
<column name="ty_74_fu_2169_p3">select, 0, 0, 65, 1, 66</column>
<column name="ty_75_fu_2263_p3">select, 0, 0, 65, 1, 66</column>
<column name="ty_76_fu_2357_p3">select, 0, 0, 65, 1, 66</column>
<column name="ty_77_fu_2451_p3">select, 0, 0, 65, 1, 66</column>
<column name="ty_78_fu_2545_p3">select, 0, 0, 65, 1, 66</column>
<column name="ty_79_fu_2639_p3">select, 0, 0, 65, 1, 66</column>
<column name="ty_80_fu_2733_p3">select, 0, 0, 65, 1, 66</column>
<column name="ty_81_fu_2827_p3">select, 0, 0, 65, 1, 66</column>
<column name="ty_82_fu_2921_p3">select, 0, 0, 65, 1, 66</column>
<column name="ty_83_fu_3015_p3">select, 0, 0, 65, 1, 66</column>
<column name="ty_84_fu_3145_p3">select, 0, 0, 65, 1, 66</column>
<column name="ty_85_fu_3275_p3">select, 0, 0, 65, 1, 66</column>
<column name="ty_86_fu_3405_p3">select, 0, 0, 65, 1, 66</column>
<column name="ty_87_fu_3535_p3">select, 0, 0, 65, 1, 66</column>
<column name="ty_88_fu_3629_p3">select, 0, 0, 65, 1, 66</column>
<column name="ty_89_fu_3723_p3">select, 0, 0, 65, 1, 66</column>
<column name="ty_90_fu_3817_p3">select, 0, 0, 65, 1, 66</column>
<column name="ty_91_fu_3911_p3">select, 0, 0, 65, 1, 66</column>
<column name="ty_92_fu_4041_p3">select, 0, 0, 65, 1, 66</column>
<column name="ty_93_fu_4171_p3">select, 0, 0, 65, 1, 66</column>
<column name="ty_94_fu_4301_p3">select, 0, 0, 65, 1, 66</column>
<column name="ty_95_fu_4431_p3">select, 0, 0, 65, 1, 66</column>
<column name="ty_96_fu_4561_p3">select, 0, 0, 65, 1, 66</column>
<column name="ty_97_fu_4691_p3">select, 0, 0, 65, 1, 66</column>
<column name="ty_98_fu_4821_p3">select, 0, 0, 65, 1, 66</column>
<column name="ty_99_fu_4951_p3">select, 0, 0, 65, 1, 66</column>
<column name="ty_fu_1045_p3">select, 0, 0, 64, 1, 64</column>
<column name="ap_enable_pp0">xor, 0, 0, 2, 1, 2</column>
</table>
</item>
<item name = "Multiplexer"><table name="" hasTotal="1">
<keys size="5">Name, LUT, Input Size, Bits, Total Bits</keys>
<column name="ap_done_int">9, 2, 1, 2</column>
<column name="ap_enable_reg_pp0_iter1">9, 2, 1, 2</column>
<column name="ap_phi_mux_z_V_130_phi_fu_760_p4">9, 2, 65, 130</column>
<column name="ap_phi_reg_pp0_iter12_z_V_130_reg_757">9, 2, 65, 130</column>
<column name="ap_sig_allocacmp_i_9">9, 2, 9, 18</column>
<column name="i_fu_724">9, 2, 9, 18</column>
</table>
</item>
<item name = "Register"><table name="" hasTotal="1">
<keys size="5">Name, FF, LUT, Bits, Const Bits</keys>
<column name="add_ln813_251_reg_9390">65, 0, 65, 0</column>
<column name="ap_CS_fsm">1, 0, 1, 0</column>
<column name="ap_done_reg">1, 0, 1, 0</column>
<column name="ap_enable_reg_pp0_iter1">1, 0, 1, 0</column>
<column name="ap_enable_reg_pp0_iter10">1, 0, 1, 0</column>
<column name="ap_enable_reg_pp0_iter11">1, 0, 1, 0</column>
<column name="ap_enable_reg_pp0_iter12">1, 0, 1, 0</column>
<column name="ap_enable_reg_pp0_iter13">1, 0, 1, 0</column>
<column name="ap_enable_reg_pp0_iter14">1, 0, 1, 0</column>
<column name="ap_enable_reg_pp0_iter15">1, 0, 1, 0</column>
<column name="ap_enable_reg_pp0_iter16">1, 0, 1, 0</column>
<column name="ap_enable_reg_pp0_iter17">1, 0, 1, 0</column>
<column name="ap_enable_reg_pp0_iter18">1, 0, 1, 0</column>
<column name="ap_enable_reg_pp0_iter19">1, 0, 1, 0</column>
<column name="ap_enable_reg_pp0_iter2">1, 0, 1, 0</column>
<column name="ap_enable_reg_pp0_iter20">1, 0, 1, 0</column>
<column name="ap_enable_reg_pp0_iter21">1, 0, 1, 0</column>
<column name="ap_enable_reg_pp0_iter22">1, 0, 1, 0</column>
<column name="ap_enable_reg_pp0_iter23">1, 0, 1, 0</column>
<column name="ap_enable_reg_pp0_iter24">1, 0, 1, 0</column>
<column name="ap_enable_reg_pp0_iter25">1, 0, 1, 0</column>
<column name="ap_enable_reg_pp0_iter26">1, 0, 1, 0</column>
<column name="ap_enable_reg_pp0_iter27">1, 0, 1, 0</column>
<column name="ap_enable_reg_pp0_iter28">1, 0, 1, 0</column>
<column name="ap_enable_reg_pp0_iter29">1, 0, 1, 0</column>
<column name="ap_enable_reg_pp0_iter3">1, 0, 1, 0</column>
<column name="ap_enable_reg_pp0_iter30">1, 0, 1, 0</column>
<column name="ap_enable_reg_pp0_iter31">1, 0, 1, 0</column>
<column name="ap_enable_reg_pp0_iter32">1, 0, 1, 0</column>
<column name="ap_enable_reg_pp0_iter33">1, 0, 1, 0</column>
<column name="ap_enable_reg_pp0_iter34">1, 0, 1, 0</column>
<column name="ap_enable_reg_pp0_iter35">1, 0, 1, 0</column>
<column name="ap_enable_reg_pp0_iter36">1, 0, 1, 0</column>
<column name="ap_enable_reg_pp0_iter37">1, 0, 1, 0</column>
<column name="ap_enable_reg_pp0_iter38">1, 0, 1, 0</column>
<column name="ap_enable_reg_pp0_iter39">1, 0, 1, 0</column>
<column name="ap_enable_reg_pp0_iter4">1, 0, 1, 0</column>
<column name="ap_enable_reg_pp0_iter40">1, 0, 1, 0</column>
<column name="ap_enable_reg_pp0_iter41">1, 0, 1, 0</column>
<column name="ap_enable_reg_pp0_iter42">1, 0, 1, 0</column>
<column name="ap_enable_reg_pp0_iter43">1, 0, 1, 0</column>
<column name="ap_enable_reg_pp0_iter44">1, 0, 1, 0</column>
<column name="ap_enable_reg_pp0_iter45">1, 0, 1, 0</column>
<column name="ap_enable_reg_pp0_iter46">1, 0, 1, 0</column>
<column name="ap_enable_reg_pp0_iter47">1, 0, 1, 0</column>
<column name="ap_enable_reg_pp0_iter48">1, 0, 1, 0</column>
<column name="ap_enable_reg_pp0_iter49">1, 0, 1, 0</column>
<column name="ap_enable_reg_pp0_iter5">1, 0, 1, 0</column>
<column name="ap_enable_reg_pp0_iter50">1, 0, 1, 0</column>
<column name="ap_enable_reg_pp0_iter51">1, 0, 1, 0</column>
<column name="ap_enable_reg_pp0_iter52">1, 0, 1, 0</column>
<column name="ap_enable_reg_pp0_iter53">1, 0, 1, 0</column>
<column name="ap_enable_reg_pp0_iter54">1, 0, 1, 0</column>
<column name="ap_enable_reg_pp0_iter55">1, 0, 1, 0</column>
<column name="ap_enable_reg_pp0_iter56">1, 0, 1, 0</column>
<column name="ap_enable_reg_pp0_iter57">1, 0, 1, 0</column>
<column name="ap_enable_reg_pp0_iter58">1, 0, 1, 0</column>
<column name="ap_enable_reg_pp0_iter59">1, 0, 1, 0</column>
<column name="ap_enable_reg_pp0_iter6">1, 0, 1, 0</column>
<column name="ap_enable_reg_pp0_iter60">1, 0, 1, 0</column>
<column name="ap_enable_reg_pp0_iter61">1, 0, 1, 0</column>
<column name="ap_enable_reg_pp0_iter62">1, 0, 1, 0</column>
<column name="ap_enable_reg_pp0_iter63">1, 0, 1, 0</column>
<column name="ap_enable_reg_pp0_iter64">1, 0, 1, 0</column>
<column name="ap_enable_reg_pp0_iter65">1, 0, 1, 0</column>
<column name="ap_enable_reg_pp0_iter66">1, 0, 1, 0</column>
<column name="ap_enable_reg_pp0_iter67">1, 0, 1, 0</column>
<column name="ap_enable_reg_pp0_iter68">1, 0, 1, 0</column>
<column name="ap_enable_reg_pp0_iter69">1, 0, 1, 0</column>
<column name="ap_enable_reg_pp0_iter7">1, 0, 1, 0</column>
<column name="ap_enable_reg_pp0_iter70">1, 0, 1, 0</column>
<column name="ap_enable_reg_pp0_iter71">1, 0, 1, 0</column>
<column name="ap_enable_reg_pp0_iter72">1, 0, 1, 0</column>
<column name="ap_enable_reg_pp0_iter73">1, 0, 1, 0</column>
<column name="ap_enable_reg_pp0_iter74">1, 0, 1, 0</column>
<column name="ap_enable_reg_pp0_iter75">1, 0, 1, 0</column>
<column name="ap_enable_reg_pp0_iter76">1, 0, 1, 0</column>
<column name="ap_enable_reg_pp0_iter77">1, 0, 1, 0</column>
<column name="ap_enable_reg_pp0_iter78">1, 0, 1, 0</column>
<column name="ap_enable_reg_pp0_iter8">1, 0, 1, 0</column>
<column name="ap_enable_reg_pp0_iter9">1, 0, 1, 0</column>
<column name="ap_loop_exit_ready_pp0_iter10_reg">1, 0, 1, 0</column>
<column name="ap_loop_exit_ready_pp0_iter11_reg">1, 0, 1, 0</column>
<column name="ap_loop_exit_ready_pp0_iter12_reg">1, 0, 1, 0</column>
<column name="ap_loop_exit_ready_pp0_iter13_reg">1, 0, 1, 0</column>
<column name="ap_loop_exit_ready_pp0_iter14_reg">1, 0, 1, 0</column>
<column name="ap_loop_exit_ready_pp0_iter15_reg">1, 0, 1, 0</column>
<column name="ap_loop_exit_ready_pp0_iter16_reg">1, 0, 1, 0</column>
<column name="ap_loop_exit_ready_pp0_iter17_reg">1, 0, 1, 0</column>
<column name="ap_loop_exit_ready_pp0_iter18_reg">1, 0, 1, 0</column>
<column name="ap_loop_exit_ready_pp0_iter19_reg">1, 0, 1, 0</column>
<column name="ap_loop_exit_ready_pp0_iter1_reg">1, 0, 1, 0</column>
<column name="ap_loop_exit_ready_pp0_iter20_reg">1, 0, 1, 0</column>
<column name="ap_loop_exit_ready_pp0_iter21_reg">1, 0, 1, 0</column>
<column name="ap_loop_exit_ready_pp0_iter22_reg">1, 0, 1, 0</column>
<column name="ap_loop_exit_ready_pp0_iter23_reg">1, 0, 1, 0</column>
<column name="ap_loop_exit_ready_pp0_iter24_reg">1, 0, 1, 0</column>
<column name="ap_loop_exit_ready_pp0_iter25_reg">1, 0, 1, 0</column>
<column name="ap_loop_exit_ready_pp0_iter26_reg">1, 0, 1, 0</column>
<column name="ap_loop_exit_ready_pp0_iter27_reg">1, 0, 1, 0</column>
<column name="ap_loop_exit_ready_pp0_iter28_reg">1, 0, 1, 0</column>
<column name="ap_loop_exit_ready_pp0_iter29_reg">1, 0, 1, 0</column>
<column name="ap_loop_exit_ready_pp0_iter2_reg">1, 0, 1, 0</column>
<column name="ap_loop_exit_ready_pp0_iter30_reg">1, 0, 1, 0</column>
<column name="ap_loop_exit_ready_pp0_iter31_reg">1, 0, 1, 0</column>
<column name="ap_loop_exit_ready_pp0_iter32_reg">1, 0, 1, 0</column>
<column name="ap_loop_exit_ready_pp0_iter33_reg">1, 0, 1, 0</column>
<column name="ap_loop_exit_ready_pp0_iter34_reg">1, 0, 1, 0</column>
<column name="ap_loop_exit_ready_pp0_iter35_reg">1, 0, 1, 0</column>
<column name="ap_loop_exit_ready_pp0_iter36_reg">1, 0, 1, 0</column>
<column name="ap_loop_exit_ready_pp0_iter37_reg">1, 0, 1, 0</column>
<column name="ap_loop_exit_ready_pp0_iter38_reg">1, 0, 1, 0</column>
<column name="ap_loop_exit_ready_pp0_iter39_reg">1, 0, 1, 0</column>
<column name="ap_loop_exit_ready_pp0_iter3_reg">1, 0, 1, 0</column>
<column name="ap_loop_exit_ready_pp0_iter40_reg">1, 0, 1, 0</column>
<column name="ap_loop_exit_ready_pp0_iter41_reg">1, 0, 1, 0</column>
<column name="ap_loop_exit_ready_pp0_iter42_reg">1, 0, 1, 0</column>
<column name="ap_loop_exit_ready_pp0_iter43_reg">1, 0, 1, 0</column>
<column name="ap_loop_exit_ready_pp0_iter44_reg">1, 0, 1, 0</column>
<column name="ap_loop_exit_ready_pp0_iter45_reg">1, 0, 1, 0</column>
<column name="ap_loop_exit_ready_pp0_iter46_reg">1, 0, 1, 0</column>
<column name="ap_loop_exit_ready_pp0_iter47_reg">1, 0, 1, 0</column>
<column name="ap_loop_exit_ready_pp0_iter48_reg">1, 0, 1, 0</column>
<column name="ap_loop_exit_ready_pp0_iter49_reg">1, 0, 1, 0</column>
<column name="ap_loop_exit_ready_pp0_iter4_reg">1, 0, 1, 0</column>
<column name="ap_loop_exit_ready_pp0_iter50_reg">1, 0, 1, 0</column>
<column name="ap_loop_exit_ready_pp0_iter51_reg">1, 0, 1, 0</column>
<column name="ap_loop_exit_ready_pp0_iter52_reg">1, 0, 1, 0</column>
<column name="ap_loop_exit_ready_pp0_iter53_reg">1, 0, 1, 0</column>
<column name="ap_loop_exit_ready_pp0_iter54_reg">1, 0, 1, 0</column>
<column name="ap_loop_exit_ready_pp0_iter55_reg">1, 0, 1, 0</column>
<column name="ap_loop_exit_ready_pp0_iter56_reg">1, 0, 1, 0</column>
<column name="ap_loop_exit_ready_pp0_iter57_reg">1, 0, 1, 0</column>
<column name="ap_loop_exit_ready_pp0_iter58_reg">1, 0, 1, 0</column>
<column name="ap_loop_exit_ready_pp0_iter59_reg">1, 0, 1, 0</column>
<column name="ap_loop_exit_ready_pp0_iter5_reg">1, 0, 1, 0</column>
<column name="ap_loop_exit_ready_pp0_iter60_reg">1, 0, 1, 0</column>
<column name="ap_loop_exit_ready_pp0_iter61_reg">1, 0, 1, 0</column>
<column name="ap_loop_exit_ready_pp0_iter62_reg">1, 0, 1, 0</column>
<column name="ap_loop_exit_ready_pp0_iter63_reg">1, 0, 1, 0</column>
<column name="ap_loop_exit_ready_pp0_iter64_reg">1, 0, 1, 0</column>
<column name="ap_loop_exit_ready_pp0_iter65_reg">1, 0, 1, 0</column>
<column name="ap_loop_exit_ready_pp0_iter66_reg">1, 0, 1, 0</column>
<column name="ap_loop_exit_ready_pp0_iter67_reg">1, 0, 1, 0</column>
<column name="ap_loop_exit_ready_pp0_iter68_reg">1, 0, 1, 0</column>
<column name="ap_loop_exit_ready_pp0_iter69_reg">1, 0, 1, 0</column>
<column name="ap_loop_exit_ready_pp0_iter6_reg">1, 0, 1, 0</column>
<column name="ap_loop_exit_ready_pp0_iter70_reg">1, 0, 1, 0</column>
<column name="ap_loop_exit_ready_pp0_iter71_reg">1, 0, 1, 0</column>
<column name="ap_loop_exit_ready_pp0_iter72_reg">1, 0, 1, 0</column>
<column name="ap_loop_exit_ready_pp0_iter73_reg">1, 0, 1, 0</column>
<column name="ap_loop_exit_ready_pp0_iter74_reg">1, 0, 1, 0</column>
<column name="ap_loop_exit_ready_pp0_iter75_reg">1, 0, 1, 0</column>
<column name="ap_loop_exit_ready_pp0_iter76_reg">1, 0, 1, 0</column>
<column name="ap_loop_exit_ready_pp0_iter77_reg">1, 0, 1, 0</column>
<column name="ap_loop_exit_ready_pp0_iter7_reg">1, 0, 1, 0</column>
<column name="ap_loop_exit_ready_pp0_iter8_reg">1, 0, 1, 0</column>
<column name="ap_loop_exit_ready_pp0_iter9_reg">1, 0, 1, 0</column>
<column name="ap_phi_reg_pp0_iter10_z_V_130_reg_757">65, 0, 65, 0</column>
<column name="ap_phi_reg_pp0_iter11_z_V_130_reg_757">65, 0, 65, 0</column>
<column name="ap_phi_reg_pp0_iter12_z_V_130_reg_757">65, 0, 65, 0</column>
<column name="ap_phi_reg_pp0_iter1_z_V_130_reg_757">65, 0, 65, 0</column>
<column name="ap_phi_reg_pp0_iter2_z_V_130_reg_757">65, 0, 65, 0</column>
<column name="ap_phi_reg_pp0_iter3_z_V_130_reg_757">65, 0, 65, 0</column>
<column name="ap_phi_reg_pp0_iter4_z_V_130_reg_757">65, 0, 65, 0</column>
<column name="ap_phi_reg_pp0_iter5_z_V_130_reg_757">65, 0, 65, 0</column>
<column name="ap_phi_reg_pp0_iter6_z_V_130_reg_757">65, 0, 65, 0</column>
<column name="ap_phi_reg_pp0_iter7_z_V_130_reg_757">65, 0, 65, 0</column>
<column name="ap_phi_reg_pp0_iter8_z_V_130_reg_757">65, 0, 65, 0</column>
<column name="ap_phi_reg_pp0_iter9_z_V_130_reg_757">65, 0, 65, 0</column>
<column name="conv7_i_reg_7163">64, 0, 64, 0</column>
<column name="empty_73_reg_7233">1, 0, 1, 0</column>
<column name="i_fu_724">9, 0, 9, 0</column>
<column name="icmp_ln490_reg_7168">1, 0, 1, 0</column>
<column name="in_V_reg_7200">64, 0, 64, 0</column>
<column name="k_V_reg_7220">2, 0, 2, 0</column>
<column name="lshr_ln_reg_7247">65, 0, 65, 0</column>
<column name="mul_ln1348_reg_7237">66, 0, 66, 0</column>
<column name="outsin_V_7_reg_9412">34, 0, 34, 0</column>
<column name="outsin_V_reg_9406">34, 0, 34, 0</column>
<column name="p_Result_100_reg_8389">1, 0, 1, 0</column>
<column name="p_Result_101_reg_8422">1, 0, 1, 0</column>
<column name="p_Result_102_reg_8433">1, 0, 1, 0</column>
<column name="p_Result_103_reg_8466">1, 0, 1, 0</column>
<column name="p_Result_104_reg_8477">1, 0, 1, 0</column>
<column name="p_Result_105_reg_8510">1, 0, 1, 0</column>
<column name="p_Result_106_reg_8521">1, 0, 1, 0</column>
<column name="p_Result_107_reg_8554">1, 0, 1, 0</column>
<column name="p_Result_108_reg_8565">1, 0, 1, 0</column>
<column name="p_Result_109_reg_8598">1, 0, 1, 0</column>
<column name="p_Result_110_reg_8609">1, 0, 1, 0</column>
<column name="p_Result_111_reg_8642">1, 0, 1, 0</column>
<column name="p_Result_112_reg_8653">1, 0, 1, 0</column>
<column name="p_Result_113_reg_8686">1, 0, 1, 0</column>
<column name="p_Result_114_reg_8697">1, 0, 1, 0</column>
<column name="p_Result_115_reg_8730">1, 0, 1, 0</column>
<column name="p_Result_116_reg_8741">1, 0, 1, 0</column>
<column name="p_Result_117_reg_8779">1, 0, 1, 0</column>
<column name="p_Result_118_reg_8817">1, 0, 1, 0</column>
<column name="p_Result_119_reg_8855">1, 0, 1, 0</column>
<column name="p_Result_120_reg_8888">1, 0, 1, 0</column>
<column name="p_Result_121_reg_8899">1, 0, 1, 0</column>
<column name="p_Result_122_reg_8937">1, 0, 1, 0</column>
<column name="p_Result_123_reg_8970">1, 0, 1, 0</column>
<column name="p_Result_124_reg_8976">1, 0, 1, 0</column>
<column name="p_Result_68_reg_7419">1, 0, 1, 0</column>
<column name="p_Result_69_reg_7452">1, 0, 1, 0</column>
<column name="p_Result_70_reg_7473">1, 0, 1, 0</column>
<column name="p_Result_70_reg_7473_pp0_iter19_reg">1, 0, 1, 0</column>
<column name="p_Result_71_reg_7506">1, 0, 1, 0</column>
<column name="p_Result_71_reg_7506_pp0_iter20_reg">1, 0, 1, 0</column>
<column name="p_Result_72_reg_7517">1, 0, 1, 0</column>
<column name="p_Result_73_reg_7555">1, 0, 1, 0</column>
<column name="p_Result_74_reg_7593">1, 0, 1, 0</column>
<column name="p_Result_75_reg_7631">1, 0, 1, 0</column>
<column name="p_Result_76_reg_7669">1, 0, 1, 0</column>
<column name="p_Result_77_reg_7707">1, 0, 1, 0</column>
<column name="p_Result_78_reg_7745">1, 0, 1, 0</column>
<column name="p_Result_79_reg_7783">1, 0, 1, 0</column>
<column name="p_Result_80_reg_7821">1, 0, 1, 0</column>
<column name="p_Result_81_reg_7859">1, 0, 1, 0</column>
<column name="p_Result_82_reg_7897">1, 0, 1, 0</column>
<column name="p_Result_83_reg_7935">1, 0, 1, 0</column>
<column name="p_Result_84_reg_7973">1, 0, 1, 0</column>
<column name="p_Result_85_reg_8006">1, 0, 1, 0</column>
<column name="p_Result_86_reg_8017">1, 0, 1, 0</column>
<column name="p_Result_87_reg_8050">1, 0, 1, 0</column>
<column name="p_Result_88_reg_8061">1, 0, 1, 0</column>
<column name="p_Result_89_reg_8094">1, 0, 1, 0</column>
<column name="p_Result_90_reg_8105">1, 0, 1, 0</column>
<column name="p_Result_91_reg_8138">1, 0, 1, 0</column>
<column name="p_Result_92_reg_8149">1, 0, 1, 0</column>
<column name="p_Result_93_reg_8187">1, 0, 1, 0</column>
<column name="p_Result_94_reg_8225">1, 0, 1, 0</column>
<column name="p_Result_95_reg_8263">1, 0, 1, 0</column>
<column name="p_Result_96_reg_8301">1, 0, 1, 0</column>
<column name="p_Result_97_reg_8334">1, 0, 1, 0</column>
<column name="p_Result_98_reg_8345">1, 0, 1, 0</column>
<column name="p_Result_99_reg_8378">1, 0, 1, 0</column>
<column name="p_Result_s_reg_7265">1, 0, 1, 0</column>
<column name="r_V_139_reg_7188">64, 0, 64, 0</column>
<column name="r_V_141_reg_7397">60, 0, 60, 0</column>
<column name="r_V_142_reg_7430">59, 0, 59, 0</column>
<column name="r_V_143_reg_7463">58, 0, 58, 0</column>
<column name="r_V_144_reg_7501">57, 0, 57, 0</column>
<column name="r_V_145_reg_7545">56, 0, 56, 0</column>
<column name="r_V_146_reg_7583">55, 0, 55, 0</column>
<column name="r_V_147_reg_7621">54, 0, 54, 0</column>
<column name="r_V_148_reg_7659">53, 0, 53, 0</column>
<column name="r_V_149_reg_7697">52, 0, 52, 0</column>
<column name="r_V_150_reg_7735">51, 0, 51, 0</column>
<column name="r_V_151_reg_7773">50, 0, 50, 0</column>
<column name="r_V_152_reg_7811">49, 0, 49, 0</column>
<column name="r_V_153_reg_7849">48, 0, 48, 0</column>
<column name="r_V_154_reg_7887">47, 0, 47, 0</column>
<column name="r_V_155_reg_7925">46, 0, 46, 0</column>
<column name="r_V_156_reg_7963">45, 0, 45, 0</column>
<column name="r_V_157_reg_8001">44, 0, 44, 0</column>
<column name="r_V_158_reg_8045">43, 0, 43, 0</column>
<column name="r_V_159_reg_8089">42, 0, 42, 0</column>
<column name="r_V_160_reg_8133">41, 0, 41, 0</column>
<column name="r_V_161_reg_8177">40, 0, 40, 0</column>
<column name="r_V_162_reg_8215">39, 0, 39, 0</column>
<column name="r_V_163_reg_8253">38, 0, 38, 0</column>
<column name="r_V_164_reg_8291">37, 0, 37, 0</column>
<column name="r_V_165_reg_8329">36, 0, 36, 0</column>
<column name="r_V_166_reg_8373">35, 0, 35, 0</column>
<column name="r_V_167_reg_8417">34, 0, 34, 0</column>
<column name="r_V_168_reg_8461">33, 0, 33, 0</column>
<column name="r_V_169_reg_8505">32, 0, 32, 0</column>
<column name="r_V_170_reg_8549">31, 0, 31, 0</column>
<column name="r_V_171_reg_8593">30, 0, 30, 0</column>
<column name="r_V_172_reg_8637">29, 0, 29, 0</column>
<column name="r_V_173_reg_8681">28, 0, 28, 0</column>
<column name="r_V_174_reg_8725">27, 0, 27, 0</column>
<column name="r_V_175_reg_8769">26, 0, 26, 0</column>
<column name="r_V_176_reg_8807">25, 0, 25, 0</column>
<column name="r_V_177_reg_8845">24, 0, 24, 0</column>
<column name="r_V_178_reg_8883">23, 0, 23, 0</column>
<column name="r_V_179_reg_8927">22, 0, 22, 0</column>
<column name="r_V_180_reg_8965">21, 0, 21, 0</column>
<column name="r_V_181_reg_9000">20, 0, 20, 0</column>
<column name="r_V_182_reg_9022">19, 0, 19, 0</column>
<column name="r_V_183_reg_9044">18, 0, 18, 0</column>
<column name="r_V_184_reg_9066">17, 0, 17, 0</column>
<column name="r_V_185_reg_9088">16, 0, 16, 0</column>
<column name="r_V_186_reg_9110">15, 0, 15, 0</column>
<column name="r_V_187_reg_9132">14, 0, 14, 0</column>
<column name="r_V_188_reg_9154">13, 0, 13, 0</column>
<column name="r_V_189_reg_9176">12, 0, 12, 0</column>
<column name="r_V_190_reg_9198">11, 0, 11, 0</column>
<column name="r_V_191_reg_9220">10, 0, 10, 0</column>
<column name="r_V_192_reg_9242">9, 0, 9, 0</column>
<column name="r_V_193_reg_9264">8, 0, 8, 0</column>
<column name="r_V_194_reg_9286">7, 0, 7, 0</column>
<column name="r_V_195_reg_9308">6, 0, 6, 0</column>
<column name="r_V_196_reg_9330">5, 0, 5, 0</column>
<column name="r_V_197_reg_9352">4, 0, 4, 0</column>
<column name="r_V_198_reg_9375">3, 0, 3, 0</column>
<column name="r_V_reg_7178">32, 0, 32, 0</column>
<column name="ret_reg_7215">32, 0, 32, 0</column>
<column name="select_ln1487_4_reg_9395">65, 0, 65, 0</column>
<column name="select_ln291_reg_9422">18, 0, 18, 0</column>
<column name="sign0_reg_7195">1, 0, 1, 0</column>
<column name="sub_ln813_252_reg_9385">65, 0, 65, 0</column>
<column name="tmp_193_reg_7252">1, 0, 1, 0</column>
<column name="tmp_195_reg_7271">1, 0, 1, 0</column>
<column name="tmp_197_reg_7281">1, 0, 1, 0</column>
<column name="tmp_199_reg_7297">61, 0, 61, 0</column>
<column name="tmp_200_reg_7312">1, 0, 1, 0</column>
<column name="tmp_202_reg_7329">61, 0, 61, 0</column>
<column name="tmp_203_reg_7344">1, 0, 1, 0</column>
<column name="tmp_205_reg_7360">60, 0, 60, 0</column>
<column name="tmp_206_reg_7375">1, 0, 1, 0</column>
<column name="tmp_208_reg_7392">59, 0, 59, 0</column>
<column name="tmp_211_reg_7425">58, 0, 58, 0</column>
<column name="tmp_212_reg_7435">1, 0, 1, 0</column>
<column name="tmp_214_reg_7458">57, 0, 57, 0</column>
<column name="tmp_217_reg_7496">56, 0, 56, 0</column>
<column name="tmp_218_reg_7479">1, 0, 1, 0</column>
<column name="tmp_220_reg_7540">55, 0, 55, 0</column>
<column name="tmp_223_reg_7578">54, 0, 54, 0</column>
<column name="tmp_224_reg_7523">1, 0, 1, 0</column>
<column name="tmp_226_reg_7616">53, 0, 53, 0</column>
<column name="tmp_227_reg_7561">1, 0, 1, 0</column>
<column name="tmp_229_reg_7654">52, 0, 52, 0</column>
<column name="tmp_230_reg_7599">1, 0, 1, 0</column>
<column name="tmp_232_reg_7692">51, 0, 51, 0</column>
<column name="tmp_233_reg_7637">1, 0, 1, 0</column>
<column name="tmp_235_reg_7730">50, 0, 50, 0</column>
<column name="tmp_236_reg_7675">1, 0, 1, 0</column>
<column name="tmp_238_reg_7768">49, 0, 49, 0</column>
<column name="tmp_239_reg_7713">1, 0, 1, 0</column>
<column name="tmp_241_reg_7806">48, 0, 48, 0</column>
<column name="tmp_242_reg_7751">1, 0, 1, 0</column>
<column name="tmp_244_reg_7844">47, 0, 47, 0</column>
<column name="tmp_245_reg_7789">1, 0, 1, 0</column>
<column name="tmp_247_reg_7882">46, 0, 46, 0</column>
<column name="tmp_248_reg_7827">1, 0, 1, 0</column>
<column name="tmp_250_reg_7920">45, 0, 45, 0</column>
<column name="tmp_251_reg_7865">1, 0, 1, 0</column>
<column name="tmp_253_reg_7958">44, 0, 44, 0</column>
<column name="tmp_254_reg_7903">1, 0, 1, 0</column>
<column name="tmp_256_reg_7996">43, 0, 43, 0</column>
<column name="tmp_257_reg_7941">1, 0, 1, 0</column>
<column name="tmp_259_reg_8040">42, 0, 42, 0</column>
<column name="tmp_260_reg_7979">1, 0, 1, 0</column>
<column name="tmp_262_reg_8084">41, 0, 41, 0</column>
<column name="tmp_265_reg_8128">40, 0, 40, 0</column>
<column name="tmp_266_reg_8023">1, 0, 1, 0</column>
<column name="tmp_268_reg_8172">39, 0, 39, 0</column>
<column name="tmp_271_reg_8210">38, 0, 38, 0</column>
<column name="tmp_272_reg_8067">1, 0, 1, 0</column>
<column name="tmp_274_reg_8248">37, 0, 37, 0</column>
<column name="tmp_277_reg_8286">36, 0, 36, 0</column>
<column name="tmp_278_reg_8111">1, 0, 1, 0</column>
<column name="tmp_280_reg_8324">35, 0, 35, 0</column>
<column name="tmp_283_reg_8368">34, 0, 34, 0</column>
<column name="tmp_284_reg_8155">1, 0, 1, 0</column>
<column name="tmp_286_reg_8412">33, 0, 33, 0</column>
<column name="tmp_287_reg_8193">1, 0, 1, 0</column>
<column name="tmp_289_reg_8456">32, 0, 32, 0</column>
<column name="tmp_290_reg_8231">1, 0, 1, 0</column>
<column name="tmp_292_reg_8500">31, 0, 31, 0</column>
<column name="tmp_293_reg_8269">1, 0, 1, 0</column>
<column name="tmp_295_reg_8544">30, 0, 30, 0</column>
<column name="tmp_296_reg_8307">1, 0, 1, 0</column>
<column name="tmp_298_reg_8588">29, 0, 29, 0</column>
<column name="tmp_301_reg_8632">28, 0, 28, 0</column>
<column name="tmp_302_reg_8351">1, 0, 1, 0</column>
<column name="tmp_304_reg_8676">27, 0, 27, 0</column>
<column name="tmp_307_reg_8720">26, 0, 26, 0</column>
<column name="tmp_308_reg_8395">1, 0, 1, 0</column>
<column name="tmp_310_reg_8764">25, 0, 25, 0</column>
<column name="tmp_313_reg_8802">24, 0, 24, 0</column>
<column name="tmp_314_reg_8439">1, 0, 1, 0</column>
<column name="tmp_316_reg_8840">23, 0, 23, 0</column>
<column name="tmp_319_reg_8878">22, 0, 22, 0</column>
<column name="tmp_320_reg_8483">1, 0, 1, 0</column>
<column name="tmp_322_reg_8922">21, 0, 21, 0</column>
<column name="tmp_325_reg_8960">20, 0, 20, 0</column>
<column name="tmp_326_reg_8527">1, 0, 1, 0</column>
<column name="tmp_328_reg_8995">19, 0, 19, 0</column>
<column name="tmp_331_reg_9017">18, 0, 18, 0</column>
<column name="tmp_332_reg_8571">1, 0, 1, 0</column>
<column name="tmp_334_reg_9039">17, 0, 17, 0</column>
<column name="tmp_337_reg_9061">16, 0, 16, 0</column>
<column name="tmp_338_reg_8615">1, 0, 1, 0</column>
<column name="tmp_340_reg_9083">15, 0, 15, 0</column>
<column name="tmp_343_reg_9105">14, 0, 14, 0</column>
<column name="tmp_344_reg_8659">1, 0, 1, 0</column>
<column name="tmp_346_reg_9127">13, 0, 13, 0</column>
<column name="tmp_349_reg_9149">12, 0, 12, 0</column>
<column name="tmp_350_reg_8703">1, 0, 1, 0</column>
<column name="tmp_352_reg_9171">11, 0, 11, 0</column>
<column name="tmp_355_reg_9193">10, 0, 10, 0</column>
<column name="tmp_356_reg_8747">1, 0, 1, 0</column>
<column name="tmp_358_reg_9215">9, 0, 9, 0</column>
<column name="tmp_359_reg_8785">1, 0, 1, 0</column>
<column name="tmp_361_reg_9237">8, 0, 8, 0</column>
<column name="tmp_362_reg_8823">1, 0, 1, 0</column>
<column name="tmp_364_reg_9259">7, 0, 7, 0</column>
<column name="tmp_365_reg_8861">1, 0, 1, 0</column>
<column name="tmp_367_reg_9281">6, 0, 6, 0</column>
<column name="tmp_370_reg_9303">5, 0, 5, 0</column>
<column name="tmp_371_reg_8905">1, 0, 1, 0</column>
<column name="tmp_373_reg_9325">4, 0, 4, 0</column>
<column name="tmp_374_reg_8943">1, 0, 1, 0</column>
<column name="tmp_376_reg_9347">3, 0, 3, 0</column>
<column name="tmp_379_reg_9369">2, 0, 2, 0</column>
<column name="tmp_s_reg_9417">18, 0, 18, 0</column>
<column name="trunc_ln1488_4_reg_7302">62, 0, 62, 0</column>
<column name="trunc_ln1488_5_reg_7334">61, 0, 61, 0</column>
<column name="trunc_ln1488_6_reg_7365">60, 0, 60, 0</column>
<column name="trunc_ln813_reg_9380">65, 0, 65, 0</column>
<column name="trunc_ln838_reg_7205">33, 0, 33, 0</column>
<column name="tx_100_reg_8796">65, 0, 65, 0</column>
<column name="tx_101_reg_8834">65, 0, 65, 0</column>
<column name="tx_102_reg_8872">65, 0, 65, 0</column>
<column name="tx_103_reg_8916">65, 0, 65, 0</column>
<column name="tx_104_reg_8954">65, 0, 65, 0</column>
<column name="tx_105_reg_8989">65, 0, 65, 0</column>
<column name="tx_106_reg_9011">65, 0, 65, 0</column>
<column name="tx_107_reg_9033">65, 0, 65, 0</column>
<column name="tx_108_reg_9055">65, 0, 65, 0</column>
<column name="tx_109_reg_9077">65, 0, 65, 0</column>
<column name="tx_110_reg_9099">65, 0, 65, 0</column>
<column name="tx_111_reg_9121">65, 0, 65, 0</column>
<column name="tx_112_reg_9143">65, 0, 65, 0</column>
<column name="tx_113_reg_9165">65, 0, 65, 0</column>
<column name="tx_114_reg_9187">65, 0, 65, 0</column>
<column name="tx_115_reg_9209">65, 0, 65, 0</column>
<column name="tx_116_reg_9231">65, 0, 65, 0</column>
<column name="tx_117_reg_9253">65, 0, 65, 0</column>
<column name="tx_118_reg_9275">65, 0, 65, 0</column>
<column name="tx_119_reg_9297">65, 0, 65, 0</column>
<column name="tx_120_reg_9319">65, 0, 65, 0</column>
<column name="tx_121_reg_9341">65, 0, 65, 0</column>
<column name="tx_122_reg_9363">65, 0, 65, 0</column>
<column name="tx_62_reg_7292">64, 0, 64, 0</column>
<column name="tx_63_reg_7323">65, 0, 65, 0</column>
<column name="tx_64_reg_7354">65, 0, 65, 0</column>
<column name="tx_65_reg_7386">65, 0, 65, 0</column>
<column name="tx_66_reg_7413">65, 0, 65, 0</column>
<column name="tx_67_reg_7446">65, 0, 65, 0</column>
<column name="tx_68_reg_7490">65, 0, 65, 0</column>
<column name="tx_69_reg_7534">65, 0, 65, 0</column>
<column name="tx_70_reg_7572">65, 0, 65, 0</column>
<column name="tx_71_reg_7610">65, 0, 65, 0</column>
<column name="tx_72_reg_7648">65, 0, 65, 0</column>
<column name="tx_73_reg_7686">65, 0, 65, 0</column>
<column name="tx_74_reg_7724">65, 0, 65, 0</column>
<column name="tx_75_reg_7762">65, 0, 65, 0</column>
<column name="tx_76_reg_7800">65, 0, 65, 0</column>
<column name="tx_77_reg_7838">65, 0, 65, 0</column>
<column name="tx_78_reg_7876">65, 0, 65, 0</column>
<column name="tx_79_reg_7914">65, 0, 65, 0</column>
<column name="tx_80_reg_7952">65, 0, 65, 0</column>
<column name="tx_81_reg_7990">65, 0, 65, 0</column>
<column name="tx_82_reg_8034">65, 0, 65, 0</column>
<column name="tx_83_reg_8078">65, 0, 65, 0</column>
<column name="tx_84_reg_8122">65, 0, 65, 0</column>
<column name="tx_85_reg_8166">65, 0, 65, 0</column>
<column name="tx_86_reg_8204">65, 0, 65, 0</column>
<column name="tx_87_reg_8242">65, 0, 65, 0</column>
<column name="tx_88_reg_8280">65, 0, 65, 0</column>
<column name="tx_89_reg_8318">65, 0, 65, 0</column>
<column name="tx_90_reg_8362">65, 0, 65, 0</column>
<column name="tx_91_reg_8406">65, 0, 65, 0</column>
<column name="tx_92_reg_8450">65, 0, 65, 0</column>
<column name="tx_93_reg_8494">65, 0, 65, 0</column>
<column name="tx_94_reg_8538">65, 0, 65, 0</column>
<column name="tx_95_reg_8582">65, 0, 65, 0</column>
<column name="tx_96_reg_8626">65, 0, 65, 0</column>
<column name="tx_97_reg_8670">65, 0, 65, 0</column>
<column name="tx_98_reg_8714">65, 0, 65, 0</column>
<column name="tx_99_reg_8758">65, 0, 65, 0</column>
<column name="ty_100_reg_8708">66, 0, 66, 0</column>
<column name="ty_101_reg_8752">66, 0, 66, 0</column>
<column name="ty_102_reg_8790">66, 0, 66, 0</column>
<column name="ty_103_reg_8828">66, 0, 66, 0</column>
<column name="ty_104_reg_8866">66, 0, 66, 0</column>
<column name="ty_105_reg_8910">66, 0, 66, 0</column>
<column name="ty_106_reg_8948">66, 0, 66, 0</column>
<column name="ty_107_reg_8983">66, 0, 66, 0</column>
<column name="ty_108_reg_9005">66, 0, 66, 0</column>
<column name="ty_109_reg_9027">66, 0, 66, 0</column>
<column name="ty_110_reg_9049">66, 0, 66, 0</column>
<column name="ty_111_reg_9071">66, 0, 66, 0</column>
<column name="ty_112_reg_9093">66, 0, 66, 0</column>
<column name="ty_113_reg_9115">66, 0, 66, 0</column>
<column name="ty_114_reg_9137">66, 0, 66, 0</column>
<column name="ty_115_reg_9159">66, 0, 66, 0</column>
<column name="ty_116_reg_9181">66, 0, 66, 0</column>
<column name="ty_117_reg_9203">66, 0, 66, 0</column>
<column name="ty_118_reg_9225">66, 0, 66, 0</column>
<column name="ty_119_reg_9247">66, 0, 66, 0</column>
<column name="ty_120_reg_9269">66, 0, 66, 0</column>
<column name="ty_121_reg_9291">66, 0, 66, 0</column>
<column name="ty_122_reg_9313">66, 0, 66, 0</column>
<column name="ty_123_reg_9335">66, 0, 66, 0</column>
<column name="ty_124_reg_9357">66, 0, 66, 0</column>
<column name="ty_126_reg_9401">65, 0, 65, 0</column>
<column name="ty_64_reg_7286">64, 0, 65, 1</column>
<column name="ty_65_reg_7317">65, 0, 65, 0</column>
<column name="ty_66_reg_7349">65, 0, 65, 0</column>
<column name="ty_67_reg_7380">66, 0, 66, 0</column>
<column name="ty_68_reg_7407">66, 0, 66, 0</column>
<column name="ty_69_reg_7440">66, 0, 66, 0</column>
<column name="ty_70_reg_7484">66, 0, 66, 0</column>
<column name="ty_71_reg_7528">66, 0, 66, 0</column>
<column name="ty_72_reg_7566">66, 0, 66, 0</column>
<column name="ty_73_reg_7604">66, 0, 66, 0</column>
<column name="ty_74_reg_7642">66, 0, 66, 0</column>
<column name="ty_75_reg_7680">66, 0, 66, 0</column>
<column name="ty_76_reg_7718">66, 0, 66, 0</column>
<column name="ty_77_reg_7756">66, 0, 66, 0</column>
<column name="ty_78_reg_7794">66, 0, 66, 0</column>
<column name="ty_79_reg_7832">66, 0, 66, 0</column>
<column name="ty_80_reg_7870">66, 0, 66, 0</column>
<column name="ty_81_reg_7908">66, 0, 66, 0</column>
<column name="ty_82_reg_7946">66, 0, 66, 0</column>
<column name="ty_83_reg_7984">66, 0, 66, 0</column>
<column name="ty_84_reg_8028">66, 0, 66, 0</column>
<column name="ty_85_reg_8072">66, 0, 66, 0</column>
<column name="ty_86_reg_8116">66, 0, 66, 0</column>
<column name="ty_87_reg_8160">66, 0, 66, 0</column>
<column name="ty_88_reg_8198">66, 0, 66, 0</column>
<column name="ty_89_reg_8236">66, 0, 66, 0</column>
<column name="ty_90_reg_8274">66, 0, 66, 0</column>
<column name="ty_91_reg_8312">66, 0, 66, 0</column>
<column name="ty_92_reg_8356">66, 0, 66, 0</column>
<column name="ty_93_reg_8400">66, 0, 66, 0</column>
<column name="ty_94_reg_8444">66, 0, 66, 0</column>
<column name="ty_95_reg_8488">66, 0, 66, 0</column>
<column name="ty_96_reg_8532">66, 0, 66, 0</column>
<column name="ty_97_reg_8576">66, 0, 66, 0</column>
<column name="ty_98_reg_8620">66, 0, 66, 0</column>
<column name="ty_99_reg_8664">66, 0, 66, 0</column>
<column name="tz_100_reg_8384">66, 0, 66, 0</column>
<column name="tz_102_reg_8428">66, 0, 66, 0</column>
<column name="tz_104_reg_8472">66, 0, 66, 0</column>
<column name="tz_106_reg_8516">66, 0, 66, 0</column>
<column name="tz_108_reg_8560">66, 0, 66, 0</column>
<column name="tz_110_reg_8604">66, 0, 66, 0</column>
<column name="tz_112_reg_8648">66, 0, 66, 0</column>
<column name="tz_114_reg_8692">66, 0, 66, 0</column>
<column name="tz_116_reg_8736">66, 0, 66, 0</column>
<column name="tz_117_reg_8774">66, 0, 66, 0</column>
<column name="tz_118_reg_8812">66, 0, 66, 0</column>
<column name="tz_119_reg_8850">66, 0, 66, 0</column>
<column name="tz_121_reg_8894">66, 0, 66, 0</column>
<column name="tz_122_reg_8932">66, 0, 66, 0</column>
<column name="tz_63_reg_7276">66, 0, 66, 0</column>
<column name="tz_64_reg_7307">66, 0, 66, 0</column>
<column name="tz_65_reg_7339">66, 0, 66, 0</column>
<column name="tz_66_reg_7370">66, 0, 66, 0</column>
<column name="tz_68_reg_7402">66, 0, 66, 0</column>
<column name="tz_70_reg_7468">66, 0, 66, 0</column>
<column name="tz_72_reg_7512">66, 0, 66, 0</column>
<column name="tz_73_reg_7550">66, 0, 66, 0</column>
<column name="tz_74_reg_7588">66, 0, 66, 0</column>
<column name="tz_75_reg_7626">66, 0, 66, 0</column>
<column name="tz_76_reg_7664">66, 0, 66, 0</column>
<column name="tz_77_reg_7702">66, 0, 66, 0</column>
<column name="tz_78_reg_7740">66, 0, 66, 0</column>
<column name="tz_79_reg_7778">66, 0, 66, 0</column>
<column name="tz_80_reg_7816">66, 0, 66, 0</column>
<column name="tz_81_reg_7854">66, 0, 66, 0</column>
<column name="tz_82_reg_7892">66, 0, 66, 0</column>
<column name="tz_83_reg_7930">66, 0, 66, 0</column>
<column name="tz_84_reg_7968">66, 0, 66, 0</column>
<column name="tz_86_reg_8012">66, 0, 66, 0</column>
<column name="tz_88_reg_8056">66, 0, 66, 0</column>
<column name="tz_90_reg_8100">66, 0, 66, 0</column>
<column name="tz_92_reg_8144">66, 0, 66, 0</column>
<column name="tz_93_reg_8182">66, 0, 66, 0</column>
<column name="tz_94_reg_8220">66, 0, 66, 0</column>
<column name="tz_95_reg_8258">66, 0, 66, 0</column>
<column name="tz_96_reg_8296">66, 0, 66, 0</column>
<column name="tz_98_reg_8340">66, 0, 66, 0</column>
<column name="tz_reg_7260">66, 0, 66, 0</column>
<column name="x_out_addr_reg_7172">10, 0, 10, 0</column>
<column name="empty_73_reg_7233">64, 32, 1, 0</column>
<column name="icmp_ln490_reg_7168">64, 32, 1, 0</column>
<column name="k_V_reg_7220">64, 32, 2, 0</column>
<column name="p_Result_100_reg_8389">64, 32, 1, 0</column>
<column name="p_Result_101_reg_8422">64, 32, 1, 0</column>
<column name="p_Result_102_reg_8433">64, 32, 1, 0</column>
<column name="p_Result_103_reg_8466">64, 32, 1, 0</column>
<column name="p_Result_104_reg_8477">64, 32, 1, 0</column>
<column name="p_Result_105_reg_8510">64, 32, 1, 0</column>
<column name="p_Result_106_reg_8521">64, 32, 1, 0</column>
<column name="p_Result_107_reg_8554">64, 32, 1, 0</column>
<column name="p_Result_108_reg_8565">64, 32, 1, 0</column>
<column name="p_Result_109_reg_8598">64, 32, 1, 0</column>
<column name="p_Result_110_reg_8609">64, 32, 1, 0</column>
<column name="p_Result_111_reg_8642">64, 32, 1, 0</column>
<column name="p_Result_112_reg_8653">64, 32, 1, 0</column>
<column name="p_Result_113_reg_8686">64, 32, 1, 0</column>
<column name="p_Result_114_reg_8697">64, 32, 1, 0</column>
<column name="p_Result_115_reg_8730">64, 32, 1, 0</column>
<column name="p_Result_116_reg_8741">64, 32, 1, 0</column>
<column name="p_Result_117_reg_8779">64, 32, 1, 0</column>
<column name="p_Result_118_reg_8817">64, 32, 1, 0</column>
<column name="p_Result_119_reg_8855">64, 32, 1, 0</column>
<column name="p_Result_120_reg_8888">64, 32, 1, 0</column>
<column name="p_Result_121_reg_8899">64, 32, 1, 0</column>
<column name="p_Result_122_reg_8937">64, 32, 1, 0</column>
<column name="p_Result_123_reg_8970">64, 32, 1, 0</column>
<column name="p_Result_124_reg_8976">64, 32, 1, 0</column>
<column name="p_Result_72_reg_7517">64, 32, 1, 0</column>
<column name="p_Result_73_reg_7555">64, 32, 1, 0</column>
<column name="p_Result_74_reg_7593">64, 32, 1, 0</column>
<column name="p_Result_75_reg_7631">64, 32, 1, 0</column>
<column name="p_Result_76_reg_7669">64, 32, 1, 0</column>
<column name="p_Result_77_reg_7707">64, 32, 1, 0</column>
<column name="p_Result_78_reg_7745">64, 32, 1, 0</column>
<column name="p_Result_79_reg_7783">64, 32, 1, 0</column>
<column name="p_Result_80_reg_7821">64, 32, 1, 0</column>
<column name="p_Result_81_reg_7859">64, 32, 1, 0</column>
<column name="p_Result_82_reg_7897">64, 32, 1, 0</column>
<column name="p_Result_83_reg_7935">64, 32, 1, 0</column>
<column name="p_Result_84_reg_7973">64, 32, 1, 0</column>
<column name="p_Result_85_reg_8006">64, 32, 1, 0</column>
<column name="p_Result_86_reg_8017">64, 32, 1, 0</column>
<column name="p_Result_87_reg_8050">64, 32, 1, 0</column>
<column name="p_Result_88_reg_8061">64, 32, 1, 0</column>
<column name="p_Result_89_reg_8094">64, 32, 1, 0</column>
<column name="p_Result_90_reg_8105">64, 32, 1, 0</column>
<column name="p_Result_91_reg_8138">64, 32, 1, 0</column>
<column name="p_Result_92_reg_8149">64, 32, 1, 0</column>
<column name="p_Result_93_reg_8187">64, 32, 1, 0</column>
<column name="p_Result_94_reg_8225">64, 32, 1, 0</column>
<column name="p_Result_95_reg_8263">64, 32, 1, 0</column>
<column name="p_Result_96_reg_8301">64, 32, 1, 0</column>
<column name="p_Result_97_reg_8334">64, 32, 1, 0</column>
<column name="p_Result_98_reg_8345">64, 32, 1, 0</column>
<column name="p_Result_99_reg_8378">64, 32, 1, 0</column>
<column name="sign0_reg_7195">64, 32, 1, 0</column>
<column name="trunc_ln838_reg_7205">64, 32, 33, 0</column>
<column name="x_out_addr_reg_7172">64, 32, 10, 0</column>
</table>
</item>
</section>
</item>
</section>

<section name = "Interface" level="0">
<item name = "Summary"><table name="" hasTotal="0">
<keys size="6">RTL Ports, Dir, Bits, Protocol, Source Object, C Type</keys>
<column name="ap_clk">in, 1, ap_ctrl_hs, forward, return value</column>
<column name="ap_rst">in, 1, ap_ctrl_hs, forward, return value</column>
<column name="ap_start">in, 1, ap_ctrl_hs, forward, return value</column>
<column name="ap_done">out, 1, ap_ctrl_hs, forward, return value</column>
<column name="ap_idle">out, 1, ap_ctrl_hs, forward, return value</column>
<column name="ap_ready">out, 1, ap_ctrl_hs, forward, return value</column>
<column name="this_w0_V_read">in, 32, ap_none, this_w0_V_read, scalar</column>
<column name="x_out_address0">out, 10, ap_memory, x_out, array</column>
<column name="x_out_ce0">out, 1, ap_memory, x_out, array</column>
<column name="x_out_we0">out, 1, ap_memory, x_out, array</column>
<column name="x_out_d0">out, 32, ap_memory, x_out, array</column>
<column name="x_out_address1">out, 10, ap_memory, x_out, array</column>
<column name="x_out_ce1">out, 1, ap_memory, x_out, array</column>
<column name="x_out_q1">in, 32, ap_memory, x_out, array</column>
<column name="x_out_offset">in, 2, ap_none, x_out_offset, scalar</column>
</table>
</item>
</section>
</profile>
