<profile>

<section name = "Vitis HLS Report for 'forward_3'" level="0">
<item name = "Date">Fri Jul  7 13:56:52 2023
</item>
<item name = "Version">2022.2.2 (Build 3779808 on Feb 17 2023)</item>
<item name = "Project">model_top_vitis_hls_project</item>
<item name = "Solution">solution1 (Vitis Kernel Flow Target)</item>
<item name = "Product family">zynquplus</item>
<item name = "Target device">xczu9eg-ffvb1156-2-e</item>
</section>

<section name = "Performance Estimates" level="0">
<item name = "Timing">
<section name = "" level="1">
<item name = "Summary"><table name="" hasTotal="0">
<keys size="4">Clock, Target, Estimated, Uncertainty</keys>
<column name="ap_clk">3.33 ns, 2.431 ns, 0.90 ns</column>
</table>
</item>
</section>
</item>
<item name = "Latency">
<section name = "" level="1">
<item name = "Summary"><table name="" hasTotal="0">
<keys size="8">, min, max, min, max, min, max, Type</keys>
<column name="">2887, 2887, 9.614 us, 9.614 us, 2887, 2887, no</column>
</table>
</item>
<item name = "Detail">
<section name = "" level="1">
<item name = "Instance"><table name="" hasTotal="0">
<keys size="9">Instance, Module, min, max, min, max, min, max, Type</keys>
<column name="grp_forward_3_Pipeline_VITIS_LOOP_404_2_fu_108">forward_3_Pipeline_VITIS_LOOP_404_2, 7, 7, 23.310 ns, 23.310 ns, 7, 7, no</column>
</table>
</item>
<item name = "Loop"><table name="" hasTotal="0">
<keys size="8">Loop Name, min, max, Latency, achieved, target, Count, Pipelined</keys>
<column name="- VITIS_LOOP_402_1">2816, 2816, 11, -, -, 256, no</column>
</table>
</item>
</section>
</item>
</section>
</item>
</section>
</profile>
