<stg><name>forward.3_Pipeline_VITIS_LOOP_404_2</name>


<trans_list>

<trans id="75" from="1" to="2">
<condition id="-1">
<or_exp><and_exp></and_exp></or_exp>
</condition>
</trans>

<trans id="70" from="2" to="3">
<condition id="-1">
<or_exp><and_exp></and_exp></or_exp>
</condition>
</trans>

<trans id="71" from="3" to="4">
<condition id="-1">
<or_exp><and_exp></and_exp></or_exp>
</condition>
</trans>

<trans id="72" from="4" to="5">
<condition id="-1">
<or_exp><and_exp></and_exp></or_exp>
</condition>
</trans>
</trans_list>



<state_list>

<state id="1" st_id="2">

<operation id="8" st_id="1" stage="1" lat="1">
<core>NULL</core>
<MemPortIdVec></MemPortIdVec>
<condition id="-1">
<or_exp><and_exp></and_exp></or_exp>
</condition>

<Node id="8" bw="64" op_0_bw="32">
<![CDATA[
newFuncRoot:0 %shiftreg = alloca i32 1

]]></Node>
<StgValue><ssdm name="shiftreg"/></StgValue>
</operation>

<operation id="9" st_id="1" stage="1" lat="1">
<core>NULL</core>
<MemPortIdVec></MemPortIdVec>
<condition id="-1">
<or_exp><and_exp></and_exp></or_exp>
</condition>

<Node id="9" bw="32" op_0_bw="32">
<![CDATA[
newFuncRoot:1 %p_0_0_08 = alloca i32 1

]]></Node>
<StgValue><ssdm name="p_0_0_08"/></StgValue>
</operation>

<operation id="10" st_id="1" stage="1" lat="1">
<core>NULL</core>
<MemPortIdVec></MemPortIdVec>
<condition id="-1">
<or_exp><and_exp></and_exp></or_exp>
</condition>

<Node id="10" bw="2" op_0_bw="32">
<![CDATA[
newFuncRoot:2 %j = alloca i32 1

]]></Node>
<StgValue><ssdm name="j"/></StgValue>
</operation>

<operation id="11" st_id="1" stage="1" lat="1">
<core>NULL</core>
<MemPortIdVec></MemPortIdVec>
<condition id="-1">
<or_exp><and_exp></and_exp></or_exp>
</condition>

<Node id="11" bw="32" op_0_bw="32" op_1_bw="32">
<![CDATA[
newFuncRoot:3 %siren_net_input_layer_linear_bias_V_load_read = read i32 @_ssdm_op_Read.ap_auto.i32, i32 %siren_net_input_layer_linear_bias_V_load

]]></Node>
<StgValue><ssdm name="siren_net_input_layer_linear_bias_V_load_read"/></StgValue>
</operation>

<operation id="12" st_id="1" stage="1" lat="1">
<core>NULL</core>
<MemPortIdVec></MemPortIdVec>
<condition id="-1">
<or_exp><and_exp></and_exp></or_exp>
</condition>

<Node id="12" bw="9" op_0_bw="9" op_1_bw="9">
<![CDATA[
newFuncRoot:4 %zext_ln1271_read = read i9 @_ssdm_op_Read.ap_auto.i9, i9 %zext_ln1271

]]></Node>
<StgValue><ssdm name="zext_ln1271_read"/></StgValue>
</operation>

<operation id="13" st_id="1" stage="1" lat="1">
<core>NULL</core>
<MemPortIdVec></MemPortIdVec>
<condition id="-1">
<or_exp><and_exp></and_exp></or_exp>
</condition>

<Node id="13" bw="8" op_0_bw="8" op_1_bw="8">
<![CDATA[
newFuncRoot:5 %zext_ln402_read = read i8 @_ssdm_op_Read.ap_auto.i8, i8 %zext_ln402

]]></Node>
<StgValue><ssdm name="zext_ln402_read"/></StgValue>
</operation>

<operation id="14" st_id="1" stage="1" lat="1">
<core>NULL</core>
<MemPortIdVec></MemPortIdVec>
<condition id="-1">
<or_exp><and_exp></and_exp></or_exp>
</condition>

<Node id="14" bw="64" op_0_bw="64" op_1_bw="64">
<![CDATA[
newFuncRoot:6 %inout1_load_read = read i64 @_ssdm_op_Read.ap_auto.i64, i64 %inout1_load

]]></Node>
<StgValue><ssdm name="inout1_load_read"/></StgValue>
</operation>

<operation id="15" st_id="1" stage="1" lat="1">
<core>NULL</core>
<MemPortIdVec></MemPortIdVec>
<condition id="-1">
<or_exp><and_exp></and_exp></or_exp>
</condition>

<Node id="15" bw="32" op_0_bw="32" op_1_bw="32">
<![CDATA[
newFuncRoot:7 %output_load_read = read i32 @_ssdm_op_Read.ap_auto.i32, i32 %output_load

]]></Node>
<StgValue><ssdm name="output_load_read"/></StgValue>
</operation>

<operation id="16" st_id="1" stage="1" lat="1">
<core>NULL</core>
<MemPortIdVec></MemPortIdVec>
<condition id="-1">
<or_exp><and_exp></and_exp></or_exp>
</condition>

<Node id="16" bw="64" op_0_bw="8">
<![CDATA[
newFuncRoot:8 %zext_ln402_cast = zext i8 %zext_ln402_read

]]></Node>
<StgValue><ssdm name="zext_ln402_cast"/></StgValue>
</operation>

<operation id="17" st_id="1" stage="1" lat="1">
<core>NULL</core>
<MemPortIdVec></MemPortIdVec>
<condition id="-1">
<or_exp><and_exp></and_exp></or_exp>
</condition>

<Node id="17" bw="0" op_0_bw="2" op_1_bw="2">
<![CDATA[
newFuncRoot:9 %store_ln0 = store i2 0, i2 %j

]]></Node>
<StgValue><ssdm name="store_ln0"/></StgValue>
</operation>

<operation id="18" st_id="1" stage="1" lat="1">
<core>NULL</core>
<MemPortIdVec></MemPortIdVec>
<condition id="-1">
<or_exp><and_exp></and_exp></or_exp>
</condition>

<Node id="18" bw="0" op_0_bw="32" op_1_bw="32">
<![CDATA[
newFuncRoot:10 %store_ln0 = store i32 %output_load_read, i32 %p_0_0_08

]]></Node>
<StgValue><ssdm name="store_ln0"/></StgValue>
</operation>

<operation id="19" st_id="1" stage="1" lat="1">
<core>NULL</core>
<MemPortIdVec></MemPortIdVec>
<condition id="-1">
<or_exp><and_exp></and_exp></or_exp>
</condition>

<Node id="19" bw="0" op_0_bw="64" op_1_bw="64">
<![CDATA[
newFuncRoot:11 %store_ln0 = store i64 %inout1_load_read, i64 %shiftreg

]]></Node>
<StgValue><ssdm name="store_ln0"/></StgValue>
</operation>

<operation id="20" st_id="1" stage="1" lat="1">
<core>NULL</core>
<MemPortIdVec></MemPortIdVec>
<condition id="-1">
<or_exp><and_exp></and_exp></or_exp>
</condition>

<Node id="20" bw="0" op_0_bw="0">
<![CDATA[
newFuncRoot:12 %br_ln0 = br void %for.body11

]]></Node>
<StgValue><ssdm name="br_ln0"/></StgValue>
</operation>

<operation id="21" st_id="1" stage="1" lat="1">
<core>NULL</core>
<MemPortIdVec></MemPortIdVec>
<condition id="-1">
<or_exp><and_exp></and_exp></or_exp>
</condition>

<Node id="22" bw="2" op_0_bw="2" op_1_bw="0">
<![CDATA[
for.body11:0 %j_2 = load i2 %j

]]></Node>
<StgValue><ssdm name="j_2"/></StgValue>
</operation>

<operation id="22" st_id="1" stage="1" lat="1">
<core>NULL</core>
<MemPortIdVec></MemPortIdVec>
<condition id="-1">
<or_exp><and_exp></and_exp></or_exp>
</condition>

<Node id="23" bw="8" op_0_bw="32" op_1_bw="64" op_2_bw="64">
<![CDATA[
for.body11:1 %output_addr = getelementptr i32 %output_r, i64 0, i64 %zext_ln402_cast

]]></Node>
<StgValue><ssdm name="output_addr"/></StgValue>
</operation>

<operation id="23" st_id="1" stage="1" lat="1">
<core>Cmp</core>
<MemPortIdVec></MemPortIdVec>
<condition id="-1">
<or_exp><and_exp></and_exp></or_exp>
</condition>

<Node id="24" bw="1" op_0_bw="2" op_1_bw="2">
<![CDATA[
for.body11:2 %icmp_ln404 = icmp_eq  i2 %j_2, i2 2

]]></Node>
<StgValue><ssdm name="icmp_ln404"/></StgValue>
</operation>

<operation id="24" st_id="1" stage="1" lat="1">
<core>NULL</core>
<MemPortIdVec></MemPortIdVec>
<condition id="-1">
<or_exp><and_exp></and_exp></or_exp>
</condition>

<Node id="25" bw="32" op_0_bw="32" op_1_bw="64" op_2_bw="64" op_3_bw="64">
<![CDATA[
for.body11:3 %empty = speclooptripcount i32 @_ssdm_op_SpecLoopTripCount, i64 2, i64 2, i64 2

]]></Node>
<StgValue><ssdm name="empty"/></StgValue>
</operation>

<operation id="25" st_id="1" stage="1" lat="1">
<core>Adder</core>
<MemPortIdVec></MemPortIdVec>
<condition id="-1">
<or_exp><and_exp></and_exp></or_exp>
</condition>

<Node id="26" bw="2" op_0_bw="2" op_1_bw="2">
<![CDATA[
for.body11:4 %add_ln404 = add i2 %j_2, i2 1

]]></Node>
<StgValue><ssdm name="add_ln404"/></StgValue>
</operation>

<operation id="26" st_id="1" stage="1" lat="1">
<core>NULL</core>
<MemPortIdVec></MemPortIdVec>
<condition id="-1">
<or_exp><and_exp></and_exp></or_exp>
</condition>

<Node id="27" bw="0" op_0_bw="1" op_1_bw="0" op_2_bw="0">
<![CDATA[
for.body11:5 %br_ln404 = br i1 %icmp_ln404, void %for.body11.split, void %for.inc62.exitStub

]]></Node>
<StgValue><ssdm name="br_ln404"/></StgValue>
</operation>

<operation id="27" st_id="1" stage="1" lat="1">
<core>NULL</core>
<MemPortIdVec></MemPortIdVec>
<condition id="-1">
<or_exp><and_exp><literal name="icmp_ln404" val="0"/>
</and_exp></or_exp>
</condition>

<Node id="31" bw="9" op_0_bw="2">
<![CDATA[
for.body11.split:2 %zext_ln1271_1 = zext i2 %j_2

]]></Node>
<StgValue><ssdm name="zext_ln1271_1"/></StgValue>
</operation>

<operation id="28" st_id="1" stage="1" lat="1">
<core>Adder</core>
<MemPortIdVec></MemPortIdVec>
<condition id="-1">
<or_exp><and_exp><literal name="icmp_ln404" val="0"/>
</and_exp></or_exp>
</condition>

<Node id="32" bw="9" op_0_bw="9" op_1_bw="9">
<![CDATA[
for.body11.split:3 %add_ln1271 = add i9 %zext_ln1271_read, i9 %zext_ln1271_1

]]></Node>
<StgValue><ssdm name="add_ln1271"/></StgValue>
</operation>

<operation id="29" st_id="1" stage="1" lat="1">
<core>NULL</core>
<MemPortIdVec></MemPortIdVec>
<condition id="-1">
<or_exp><and_exp><literal name="icmp_ln404" val="0"/>
</and_exp></or_exp>
</condition>

<Node id="33" bw="64" op_0_bw="9">
<![CDATA[
for.body11.split:4 %zext_ln1271_2 = zext i9 %add_ln1271

]]></Node>
<StgValue><ssdm name="zext_ln1271_2"/></StgValue>
</operation>

<operation id="30" st_id="1" stage="1" lat="1">
<core>NULL</core>
<MemPortIdVec></MemPortIdVec>
<condition id="-1">
<or_exp><and_exp><literal name="icmp_ln404" val="0"/>
</and_exp></or_exp>
</condition>

<Node id="34" bw="9" op_0_bw="32" op_1_bw="64" op_2_bw="64">
<![CDATA[
for.body11.split:5 %siren_net_input_layer_linear_weight_V_addr = getelementptr i32 %siren_net_input_layer_linear_weight_V, i64 0, i64 %zext_ln1271_2

]]></Node>
<StgValue><ssdm name="siren_net_input_layer_linear_weight_V_addr"/></StgValue>
</operation>

<operation id="31" st_id="1" stage="2" lat="2">
<core>RAM</core>
<MemPortIdVec>0 </MemPortIdVec>
<condition id="-1">
<or_exp><and_exp><literal name="icmp_ln404" val="0"/>
</and_exp></or_exp>
</condition>

<Node id="37" bw="32" op_0_bw="9">
<![CDATA[
for.body11.split:8 %r_V = load i9 %siren_net_input_layer_linear_weight_V_addr

]]></Node>
<StgValue><ssdm name="r_V"/></StgValue>
</operation>

<operation id="32" st_id="1" stage="1" lat="1">
<core>Cmp</core>
<MemPortIdVec></MemPortIdVec>
<condition id="-1">
<or_exp><and_exp><literal name="icmp_ln404" val="0"/>
</and_exp></or_exp>
</condition>

<Node id="45" bw="1" op_0_bw="2" op_1_bw="2">
<![CDATA[
for.body11.split:16 %cmp43 = icmp_eq  i2 %j_2, i2 0

]]></Node>
<StgValue><ssdm name="cmp43"/></StgValue>
</operation>

<operation id="33" st_id="1" stage="1" lat="1">
<core>Cmp</core>
<MemPortIdVec></MemPortIdVec>
<condition id="-1">
<or_exp><and_exp><literal name="icmp_ln404" val="0"/>
</and_exp></or_exp>
</condition>

<Node id="48" bw="1" op_0_bw="2" op_1_bw="2">
<![CDATA[
for.body11.split:19 %icmp_ln404_1 = icmp_eq  i2 %add_ln404, i2 2

]]></Node>
<StgValue><ssdm name="icmp_ln404_1"/></StgValue>
</operation>

<operation id="34" st_id="1" stage="1" lat="1">
<core>NULL</core>
<MemPortIdVec></MemPortIdVec>
<condition id="-1">
<or_exp><and_exp><literal name="icmp_ln404" val="0"/>
</and_exp></or_exp>
</condition>

<Node id="49" bw="0" op_0_bw="1" op_1_bw="0" op_2_bw="0">
<![CDATA[
for.body11.split:20 %br_ln404 = br i1 %icmp_ln404_1, void %ifFalse, void %ifTrue

]]></Node>
<StgValue><ssdm name="br_ln404"/></StgValue>
</operation>

<operation id="35" st_id="1" stage="1" lat="1">
<core>NULL</core>
<MemPortIdVec></MemPortIdVec>
<condition id="-1">
<or_exp><and_exp><literal name="icmp_ln404" val="0"/>
</and_exp></or_exp>
</condition>

<Node id="54" bw="0" op_0_bw="2" op_1_bw="2" op_2_bw="0" op_3_bw="0">
<![CDATA[
ifFalse:0 %store_ln404 = store i2 %add_ln404, i2 %j

]]></Node>
<StgValue><ssdm name="store_ln404"/></StgValue>
</operation>
</state>

<state id="2" st_id="3">

<operation id="36" st_id="2" stage="1" lat="2">
<core>RAM</core>
<MemPortIdVec>0 </MemPortIdVec>
<condition id="-1">
<or_exp><and_exp></and_exp></or_exp>
</condition>

<Node id="37" bw="32" op_0_bw="9">
<![CDATA[
for.body11.split:8 %r_V = load i9 %siren_net_input_layer_linear_weight_V_addr

]]></Node>
<StgValue><ssdm name="r_V"/></StgValue>
</operation>
</state>

<state id="3" st_id="4">

<operation id="37" st_id="3" stage="1" lat="1">
<core>NULL</core>
<MemPortIdVec></MemPortIdVec>
<condition id="-1">
<or_exp><and_exp></and_exp></or_exp>
</condition>

<Node id="29" bw="64" op_0_bw="64" op_1_bw="0">
<![CDATA[
for.body11.split:0 %shiftreg_load = load i64 %shiftreg

]]></Node>
<StgValue><ssdm name="shiftreg_load"/></StgValue>
</operation>

<operation id="38" st_id="3" stage="1" lat="1">
<core>NULL</core>
<MemPortIdVec></MemPortIdVec>
<condition id="-1">
<or_exp><and_exp></and_exp></or_exp>
</condition>

<Node id="38" bw="48" op_0_bw="32">
<![CDATA[
for.body11.split:9 %sext_ln1270 = sext i32 %r_V

]]></Node>
<StgValue><ssdm name="sext_ln1270"/></StgValue>
</operation>

<operation id="39" st_id="3" stage="1" lat="1">
<core>NULL</core>
<MemPortIdVec></MemPortIdVec>
<condition id="-1">
<or_exp><and_exp></and_exp></or_exp>
</condition>

<Node id="39" bw="32" op_0_bw="64">
<![CDATA[
for.body11.split:10 %trunc_ln1273 = trunc i64 %shiftreg_load

]]></Node>
<StgValue><ssdm name="trunc_ln1273"/></StgValue>
</operation>

<operation id="40" st_id="3" stage="1" lat="1">
<core>NULL</core>
<MemPortIdVec></MemPortIdVec>
<condition id="-1">
<or_exp><and_exp></and_exp></or_exp>
</condition>

<Node id="40" bw="32" op_0_bw="32" op_1_bw="64" op_2_bw="32" op_3_bw="32">
<![CDATA[
for.body11.split:11 %lshr_ln = partselect i32 @_ssdm_op_PartSelect.i32.i64.i32.i32, i64 %shiftreg_load, i32 32, i32 63

]]></Node>
<StgValue><ssdm name="lshr_ln"/></StgValue>
</operation>

<operation id="41" st_id="3" stage="1" lat="1">
<core>NULL</core>
<MemPortIdVec></MemPortIdVec>
<condition id="-1">
<or_exp><and_exp></and_exp></or_exp>
</condition>

<Node id="41" bw="64" op_0_bw="32">
<![CDATA[
for.body11.split:12 %zext_ln1273 = zext i32 %lshr_ln

]]></Node>
<StgValue><ssdm name="zext_ln1273"/></StgValue>
</operation>

<operation id="42" st_id="3" stage="1" lat="1">
<core>NULL</core>
<MemPortIdVec></MemPortIdVec>
<condition id="-1">
<or_exp><and_exp></and_exp></or_exp>
</condition>

<Node id="42" bw="48" op_0_bw="32">
<![CDATA[
for.body11.split:13 %sext_ln1273 = sext i32 %trunc_ln1273

]]></Node>
<StgValue><ssdm name="sext_ln1273"/></StgValue>
</operation>

<operation id="43" st_id="3" stage="2" lat="2">
<core>Multiplier</core>
<MemPortIdVec></MemPortIdVec>
<condition id="-1">
<or_exp><and_exp></and_exp></or_exp>
</condition>

<Node id="43" bw="48" op_0_bw="48" op_1_bw="48">
<![CDATA[
for.body11.split:14 %r_V_1 = mul i48 %sext_ln1270, i48 %sext_ln1273

]]></Node>
<StgValue><ssdm name="r_V_1"/></StgValue>
</operation>

<operation id="44" st_id="3" stage="1" lat="1">
<core>NULL</core>
<MemPortIdVec></MemPortIdVec>
<condition id="-1">
<or_exp><and_exp></and_exp></or_exp>
</condition>

<Node id="56" bw="0" op_0_bw="64" op_1_bw="64" op_2_bw="0" op_3_bw="0">
<![CDATA[
ifFalse:2 %store_ln1273 = store i64 %zext_ln1273, i64 %shiftreg

]]></Node>
<StgValue><ssdm name="store_ln1273"/></StgValue>
</operation>
</state>

<state id="4" st_id="5">

<operation id="45" st_id="4" stage="1" lat="2">
<core>Multiplier</core>
<MemPortIdVec></MemPortIdVec>
<condition id="-1">
<or_exp><and_exp></and_exp></or_exp>
</condition>

<Node id="43" bw="48" op_0_bw="48" op_1_bw="48">
<![CDATA[
for.body11.split:14 %r_V_1 = mul i48 %sext_ln1270, i48 %sext_ln1273

]]></Node>
<StgValue><ssdm name="r_V_1"/></StgValue>
</operation>

<operation id="56" st_id="4" stage="1" lat="1">
<core>NULL</core>
<MemPortIdVec></MemPortIdVec>
<condition id="-1">
<or_exp><and_exp><literal name="icmp_ln404" val="1"/>
</and_exp></or_exp>
</condition>

<Node id="59" bw="0">
<![CDATA[
for.inc62.exitStub:0 %ret_ln0 = ret

]]></Node>
<StgValue><ssdm name="ret_ln0"/></StgValue>
</operation>
</state>

<state id="5" st_id="6">

<operation id="46" st_id="5" stage="1" lat="1">
<core>NULL</core>
<MemPortIdVec></MemPortIdVec>
<condition id="-1">
<or_exp><and_exp><literal name="cmp43" val="0"/>
</and_exp></or_exp>
</condition>

<Node id="30" bw="32" op_0_bw="32" op_1_bw="0">
<![CDATA[
for.body11.split:1 %p_0_0_08_load = load i32 %p_0_0_08

]]></Node>
<StgValue><ssdm name="p_0_0_08_load"/></StgValue>
</operation>

<operation id="47" st_id="5" stage="1" lat="1">
<core>NULL</core>
<MemPortIdVec></MemPortIdVec>
<condition id="-1">
<or_exp><and_exp></and_exp></or_exp>
</condition>

<Node id="35" bw="0" op_0_bw="0" op_1_bw="32" op_2_bw="32" op_3_bw="32" op_4_bw="32" op_5_bw="0">
<![CDATA[
for.body11.split:6 %specpipeline_ln405 = specpipeline void @_ssdm_op_SpecPipeline, i32 4294967295, i32 0, i32 0, i32 0, void @empty_0

]]></Node>
<StgValue><ssdm name="specpipeline_ln405"/></StgValue>
</operation>

<operation id="48" st_id="5" stage="1" lat="1">
<core>NULL</core>
<MemPortIdVec></MemPortIdVec>
<condition id="-1">
<or_exp><and_exp></and_exp></or_exp>
</condition>

<Node id="36" bw="0" op_0_bw="0" op_1_bw="0">
<![CDATA[
for.body11.split:7 %specloopname_ln404 = specloopname void @_ssdm_op_SpecLoopName, void @empty_2

]]></Node>
<StgValue><ssdm name="specloopname_ln404"/></StgValue>
</operation>

<operation id="49" st_id="5" stage="1" lat="1">
<core>NULL</core>
<MemPortIdVec></MemPortIdVec>
<condition id="-1">
<or_exp><and_exp></and_exp></or_exp>
</condition>

<Node id="44" bw="32" op_0_bw="32" op_1_bw="48" op_2_bw="32" op_3_bw="32">
<![CDATA[
for.body11.split:15 %trunc_ln6 = partselect i32 @_ssdm_op_PartSelect.i32.i48.i32.i32, i48 %r_V_1, i32 16, i32 47

]]></Node>
<StgValue><ssdm name="trunc_ln6"/></StgValue>
</operation>

<operation id="50" st_id="5" stage="1" lat="1">
<core>Sel</core>
<MemPortIdVec></MemPortIdVec>
<condition id="-1">
<or_exp><and_exp></and_exp></or_exp>
</condition>

<Node id="46" bw="32" op_0_bw="1" op_1_bw="32" op_2_bw="32">
<![CDATA[
for.body11.split:17 %select_ln425 = select i1 %cmp43, i32 %siren_net_input_layer_linear_bias_V_load_read, i32 %p_0_0_08_load

]]></Node>
<StgValue><ssdm name="select_ln425"/></StgValue>
</operation>

<operation id="51" st_id="5" stage="1" lat="1">
<core>Adder</core>
<MemPortIdVec></MemPortIdVec>
<condition id="-1">
<or_exp><and_exp></and_exp></or_exp>
</condition>

<Node id="47" bw="32" op_0_bw="32" op_1_bw="32">
<![CDATA[
for.body11.split:18 %add_ln813 = add i32 %select_ln425, i32 %trunc_ln6

]]></Node>
<StgValue><ssdm name="add_ln813"/></StgValue>
</operation>

<operation id="52" st_id="5" stage="1" lat="1">
<core>RAM</core>
<MemPortIdVec>0 </MemPortIdVec>
<condition id="-1">
<or_exp><and_exp><literal name="icmp_ln404_1" val="1"/>
</and_exp></or_exp>
</condition>

<Node id="51" bw="0" op_0_bw="32" op_1_bw="8">
<![CDATA[
ifTrue:0 %store_ln426 = store i32 %add_ln813, i8 %output_addr

]]></Node>
<StgValue><ssdm name="store_ln426"/></StgValue>
</operation>

<operation id="53" st_id="5" stage="1" lat="1">
<core>NULL</core>
<MemPortIdVec></MemPortIdVec>
<condition id="-1">
<or_exp><and_exp><literal name="icmp_ln404_1" val="1"/>
</and_exp></or_exp>
</condition>

<Node id="52" bw="0" op_0_bw="0">
<![CDATA[
ifTrue:1 %br_ln0 = br void %ifFalse

]]></Node>
<StgValue><ssdm name="br_ln0"/></StgValue>
</operation>

<operation id="54" st_id="5" stage="1" lat="1">
<core>NULL</core>
<MemPortIdVec></MemPortIdVec>
<condition id="-1">
<or_exp><and_exp></and_exp></or_exp>
</condition>

<Node id="55" bw="0" op_0_bw="32" op_1_bw="32" op_2_bw="0" op_3_bw="0">
<![CDATA[
ifFalse:1 %store_ln813 = store i32 %add_ln813, i32 %p_0_0_08

]]></Node>
<StgValue><ssdm name="store_ln813"/></StgValue>
</operation>

<operation id="55" st_id="5" stage="1" lat="1">
<core>NULL</core>
<MemPortIdVec></MemPortIdVec>
<condition id="-1">
<or_exp><and_exp></and_exp></or_exp>
</condition>

<Node id="57" bw="0" op_0_bw="0">
<![CDATA[
ifFalse:3 %br_ln0 = br void %for.body11

]]></Node>
<StgValue><ssdm name="br_ln0"/></StgValue>
</operation>
</state>
</state_list>


<ports>
<port id="76" name="output_load" dir="0" iftype="0">
<core>NULL</core><StgValue><ssdm name="output_load"/></StgValue>
</port>
<port id="77" name="inout1_load" dir="0" iftype="0">
<core>NULL</core><StgValue><ssdm name="inout1_load"/></StgValue>
</port>
<port id="78" name="output_r" dir="1" iftype="1">
<core>RAM</core><StgValue><ssdm name="output_r"/><MemPortTyVec>0 3 </MemPortTyVec>
</StgValue>
</port>
<port id="79" name="zext_ln402" dir="0" iftype="0">
<core>NULL</core><StgValue><ssdm name="zext_ln402"/></StgValue>
</port>
<port id="80" name="zext_ln1271" dir="0" iftype="0">
<core>NULL</core><StgValue><ssdm name="zext_ln1271"/></StgValue>
</port>
<port id="81" name="siren_net_input_layer_linear_bias_V_load" dir="0" iftype="0">
<core>NULL</core><StgValue><ssdm name="siren_net_input_layer_linear_bias_V_load"/></StgValue>
</port>
<port id="82" name="siren_net_input_layer_linear_weight_V" dir="0" iftype="1">
<core>RAM</core><StgValue><ssdm name="siren_net_input_layer_linear_weight_V"/><MemPortTyVec>1 3 </MemPortTyVec>
</StgValue>
</port>
</ports>


<dataflows>
<dataflow id="84" from="StgValue_83" to="shiftreg" fromId="83" toId="8">
</dataflow>
<dataflow id="85" from="StgValue_83" to="p_0_0_08" fromId="83" toId="9">
</dataflow>
<dataflow id="86" from="StgValue_83" to="j" fromId="83" toId="10">
</dataflow>
<dataflow id="88" from="_ssdm_op_Read.ap_auto.i32" to="siren_net_input_layer_linear_bias_V_load_read" fromId="87" toId="11">
</dataflow>
<dataflow id="89" from="siren_net_input_layer_linear_bias_V_load" to="siren_net_input_layer_linear_bias_V_load_read" fromId="81" toId="11">
</dataflow>
<dataflow id="91" from="_ssdm_op_Read.ap_auto.i9" to="zext_ln1271_read" fromId="90" toId="12">
</dataflow>
<dataflow id="92" from="zext_ln1271" to="zext_ln1271_read" fromId="80" toId="12">
</dataflow>
<dataflow id="94" from="_ssdm_op_Read.ap_auto.i8" to="zext_ln402_read" fromId="93" toId="13">
</dataflow>
<dataflow id="95" from="zext_ln402" to="zext_ln402_read" fromId="79" toId="13">
</dataflow>
<dataflow id="97" from="_ssdm_op_Read.ap_auto.i64" to="inout1_load_read" fromId="96" toId="14">
</dataflow>
<dataflow id="98" from="inout1_load" to="inout1_load_read" fromId="77" toId="14">
</dataflow>
<dataflow id="99" from="_ssdm_op_Read.ap_auto.i32" to="output_load_read" fromId="87" toId="15">
</dataflow>
<dataflow id="100" from="output_load" to="output_load_read" fromId="76" toId="15">
</dataflow>
<dataflow id="101" from="zext_ln402_read" to="zext_ln402_cast" fromId="13" toId="16">
</dataflow>
<dataflow id="103" from="StgValue_102" to="store_ln0" fromId="102" toId="17">
</dataflow>
<dataflow id="104" from="j" to="store_ln0" fromId="10" toId="17">
</dataflow>
<dataflow id="105" from="output_load_read" to="store_ln0" fromId="15" toId="18">
</dataflow>
<dataflow id="106" from="p_0_0_08" to="store_ln0" fromId="9" toId="18">
</dataflow>
<dataflow id="107" from="inout1_load_read" to="store_ln0" fromId="14" toId="19">
</dataflow>
<dataflow id="108" from="shiftreg" to="store_ln0" fromId="8" toId="19">
</dataflow>
<dataflow id="109" from="j" to="j_2" fromId="10" toId="21">
</dataflow>
<dataflow id="110" from="output_r" to="output_addr" fromId="78" toId="22">
</dataflow>
<dataflow id="112" from="StgValue_111" to="output_addr" fromId="111" toId="22">
</dataflow>
<dataflow id="113" from="zext_ln402_cast" to="output_addr" fromId="16" toId="22">
</dataflow>
<dataflow id="114" from="j_2" to="icmp_ln404" fromId="21" toId="23">
</dataflow>
<dataflow id="116" from="StgValue_115" to="icmp_ln404" fromId="115" toId="23">
</dataflow>
<dataflow id="118" from="_ssdm_op_SpecLoopTripCount" to="empty" fromId="117" toId="24">
</dataflow>
<dataflow id="120" from="StgValue_119" to="empty" fromId="119" toId="24">
</dataflow>
<dataflow id="121" from="StgValue_119" to="empty" fromId="119" toId="24">
</dataflow>
<dataflow id="122" from="StgValue_119" to="empty" fromId="119" toId="24">
</dataflow>
<dataflow id="123" from="j_2" to="add_ln404" fromId="21" toId="25">
</dataflow>
<dataflow id="125" from="StgValue_124" to="add_ln404" fromId="124" toId="25">
</dataflow>
<dataflow id="126" from="icmp_ln404" to="br_ln404" fromId="23" toId="26">
</dataflow>
<dataflow id="127" from="j_2" to="zext_ln1271_1" fromId="21" toId="27">
</dataflow>
<dataflow id="128" from="zext_ln1271_read" to="add_ln1271" fromId="12" toId="28">
</dataflow>
<dataflow id="129" from="zext_ln1271_1" to="add_ln1271" fromId="27" toId="28">
</dataflow>
<dataflow id="130" from="add_ln1271" to="zext_ln1271_2" fromId="28" toId="29">
</dataflow>
<dataflow id="131" from="siren_net_input_layer_linear_weight_V" to="siren_net_input_layer_linear_weight_V_addr" fromId="82" toId="30">
</dataflow>
<dataflow id="132" from="StgValue_111" to="siren_net_input_layer_linear_weight_V_addr" fromId="111" toId="30">
</dataflow>
<dataflow id="133" from="zext_ln1271_2" to="siren_net_input_layer_linear_weight_V_addr" fromId="29" toId="30">
</dataflow>
<dataflow id="134" from="siren_net_input_layer_linear_weight_V_addr" to="r_V" fromId="30" toId="31">
</dataflow>
<dataflow id="135" from="j_2" to="cmp43" fromId="21" toId="32">
</dataflow>
<dataflow id="136" from="StgValue_102" to="cmp43" fromId="102" toId="32">
</dataflow>
<dataflow id="137" from="add_ln404" to="icmp_ln404_1" fromId="25" toId="33">
</dataflow>
<dataflow id="138" from="StgValue_115" to="icmp_ln404_1" fromId="115" toId="33">
</dataflow>
<dataflow id="139" from="icmp_ln404_1" to="br_ln404" fromId="33" toId="34">
</dataflow>
<dataflow id="140" from="add_ln404" to="store_ln404" fromId="25" toId="35">
</dataflow>
<dataflow id="141" from="j" to="store_ln404" fromId="10" toId="35">
</dataflow>
<dataflow id="142" from="siren_net_input_layer_linear_weight_V_addr" to="r_V" fromId="30" toId="36">
</dataflow>
<dataflow id="143" from="shiftreg" to="shiftreg_load" fromId="8" toId="37">
</dataflow>
<dataflow id="144" from="r_V" to="sext_ln1270" fromId="36" toId="38">
</dataflow>
<dataflow id="145" from="shiftreg_load" to="trunc_ln1273" fromId="37" toId="39">
</dataflow>
<dataflow id="147" from="_ssdm_op_PartSelect.i32.i64.i32.i32" to="lshr_ln" fromId="146" toId="40">
</dataflow>
<dataflow id="148" from="shiftreg_load" to="lshr_ln" fromId="37" toId="40">
</dataflow>
<dataflow id="150" from="StgValue_149" to="lshr_ln" fromId="149" toId="40">
</dataflow>
<dataflow id="152" from="StgValue_151" to="lshr_ln" fromId="151" toId="40">
</dataflow>
<dataflow id="153" from="lshr_ln" to="zext_ln1273" fromId="40" toId="41">
</dataflow>
<dataflow id="154" from="trunc_ln1273" to="sext_ln1273" fromId="39" toId="42">
</dataflow>
<dataflow id="155" from="sext_ln1270" to="r_V_1" fromId="38" toId="43">
</dataflow>
<dataflow id="156" from="sext_ln1273" to="r_V_1" fromId="42" toId="43">
</dataflow>
<dataflow id="157" from="zext_ln1273" to="store_ln1273" fromId="41" toId="44">
</dataflow>
<dataflow id="158" from="shiftreg" to="store_ln1273" fromId="8" toId="44">
</dataflow>
<dataflow id="159" from="sext_ln1270" to="r_V_1" fromId="38" toId="45">
</dataflow>
<dataflow id="160" from="sext_ln1273" to="r_V_1" fromId="42" toId="45">
</dataflow>
<dataflow id="161" from="p_0_0_08" to="p_0_0_08_load" fromId="9" toId="46">
</dataflow>
<dataflow id="163" from="_ssdm_op_SpecPipeline" to="specpipeline_ln405" fromId="162" toId="47">
</dataflow>
<dataflow id="165" from="StgValue_164" to="specpipeline_ln405" fromId="164" toId="47">
</dataflow>
<dataflow id="167" from="StgValue_166" to="specpipeline_ln405" fromId="166" toId="47">
</dataflow>
<dataflow id="168" from="StgValue_166" to="specpipeline_ln405" fromId="166" toId="47">
</dataflow>
<dataflow id="169" from="StgValue_166" to="specpipeline_ln405" fromId="166" toId="47">
</dataflow>
<dataflow id="171" from="empty_0" to="specpipeline_ln405" fromId="170" toId="47">
</dataflow>
<dataflow id="173" from="_ssdm_op_SpecLoopName" to="specloopname_ln404" fromId="172" toId="48">
</dataflow>
<dataflow id="175" from="empty_2" to="specloopname_ln404" fromId="174" toId="48">
</dataflow>
<dataflow id="177" from="_ssdm_op_PartSelect.i32.i48.i32.i32" to="trunc_ln6" fromId="176" toId="49">
</dataflow>
<dataflow id="178" from="r_V_1" to="trunc_ln6" fromId="45" toId="49">
</dataflow>
<dataflow id="180" from="StgValue_179" to="trunc_ln6" fromId="179" toId="49">
</dataflow>
<dataflow id="182" from="StgValue_181" to="trunc_ln6" fromId="181" toId="49">
</dataflow>
<dataflow id="183" from="cmp43" to="select_ln425" fromId="32" toId="50">
</dataflow>
<dataflow id="184" from="siren_net_input_layer_linear_bias_V_load_read" to="select_ln425" fromId="11" toId="50">
</dataflow>
<dataflow id="185" from="p_0_0_08_load" to="select_ln425" fromId="46" toId="50">
</dataflow>
<dataflow id="186" from="select_ln425" to="add_ln813" fromId="50" toId="51">
</dataflow>
<dataflow id="187" from="trunc_ln6" to="add_ln813" fromId="49" toId="51">
</dataflow>
<dataflow id="188" from="add_ln813" to="store_ln426" fromId="51" toId="52">
</dataflow>
<dataflow id="189" from="output_addr" to="store_ln426" fromId="22" toId="52">
</dataflow>
<dataflow id="190" from="add_ln813" to="store_ln813" fromId="51" toId="54">
</dataflow>
<dataflow id="191" from="p_0_0_08" to="store_ln813" fromId="9" toId="54">
</dataflow>
<dataflow id="192" from="icmp_ln404" to="StgValue_2" fromId="23" toId="2">
</dataflow>
<dataflow id="193" from="cmp43" to="StgValue_6" fromId="32" toId="6">
</dataflow>
<dataflow id="194" from="icmp_ln404_1" to="StgValue_6" fromId="33" toId="6">
</dataflow>
<dataflow id="195" from="icmp_ln404" to="StgValue_5" fromId="23" toId="5">
</dataflow>
</dataflows>


</stg>
