<profile>

<section name = "Vitis HLS Report for 'forward_3'" level="0">
<item name = "Date">Fri Jul  7 13:57:09 2023
</item>
<item name = "Version">2022.2.2 (Build 3779808 on Feb 17 2023)</item>
<item name = "Project">model_top_vitis_hls_project</item>
<item name = "Solution">solution1 (Vitis Kernel Flow Target)</item>
<item name = "Product family">zynquplus</item>
<item name = "Target device">xczu9eg-ffvb1156-2-e</item>
</section>

<section name = "Performance Estimates" level="0">
<item name = "Timing">
<section name = "" level="1">
<item name = "Summary"><table name="" hasTotal="0">
<keys size="4">Clock, Target, Estimated, Uncertainty</keys>
<column name="ap_clk">3.33 ns, 2.431 ns, 0.90 ns</column>
</table>
</item>
</section>
</item>
<item name = "Latency">
<section name = "" level="1">
<item name = "Summary"><table name="" hasTotal="0">
<keys size="8">, min, max, min, max, min, max, Type</keys>
<column name="">2887, 2887, 9.614 us, 9.614 us, 2887, 2887, no</column>
</table>
</item>
<item name = "Detail">
<section name = "" level="1">
<item name = "Instance"><table name="" hasTotal="0">
<keys size="9">Instance, Module, min, max, min, max, min, max, Type</keys>
<column name="grp_forward_3_Pipeline_VITIS_LOOP_404_2_fu_108">forward_3_Pipeline_VITIS_LOOP_404_2, 7, 7, 23.310 ns, 23.310 ns, 7, 7, no</column>
</table>
</item>
<item name = "Loop"><table name="" hasTotal="0">
<keys size="8">Loop Name, min, max, Latency, achieved, target, Count, Pipelined</keys>
<column name="- VITIS_LOOP_402_1">2816, 2816, 11, -, -, 256, no</column>
</table>
</item>
</section>
</item>
</section>
</item>
</section>

<section name = "Utilization Estimates" level="0">
<item name = "Summary"><table name="" hasTotal="1">
<keys size="6">Name, BRAM_18K, DSP, FF, LUT, URAM</keys>
<column name="DSP">-, -, -, -, -</column>
<column name="Expression">-, -, 0, 27, -</column>
<column name="FIFO">-, -, -, -, -</column>
<column name="Instance">-, -, 389, 272, -</column>
<column name="Memory">-, -, -, -, -</column>
<column name="Multiplexer">-, -, -, 478, -</column>
<column name="Register">-, -, 238, -, -</column>
<specialColumn name="Available">1824, 2520, 548160, 274080, 0</specialColumn>
<specialColumn name="Utilization (%)">0, 0, ~0, ~0, 0</specialColumn>
</table>
</item>
<item name = "Detail">
<section name = "" level="1">
<item name = "Instance"><table name="" hasTotal="1">
<keys size="7">Instance, Module, BRAM_18K, DSP, FF, LUT, URAM</keys>
<column name="grp_forward_3_Pipeline_VITIS_LOOP_404_2_fu_108">forward_3_Pipeline_VITIS_LOOP_404_2, 0, 0, 389, 272, 0</column>
</table>
</item>
<item name = "DSP"><table name="" hasTotal="0">
<keys size="3">Instance, Module, Expression</keys>
</table>
</item>
<item name = "Memory"><table name="" hasTotal="1">
<keys size="10">Memory, Module, BRAM_18K, FF, LUT, URAM, Words, Bits, Banks, W*Bits*Banks</keys>
</table>
</item>
<item name = "FIFO"><table name="" hasTotal="1">
<keys size="8">Name, BRAM_18K, FF, LUT, URAM, Depth, Bits, Size:D*B</keys>
</table>
</item>
<item name = "Expression"><table name="" hasTotal="1">
<keys size="7">Variable Name, Operation, DSP, FF, LUT, Bitwidth P0, Bitwidth P1</keys>
<column name="add_ln402_fu_160_p2">+, 0, 0, 16, 9, 1</column>
<column name="icmp_ln402_fu_154_p2">icmp, 0, 0, 11, 9, 10</column>
</table>
</item>
<item name = "Multiplexer"><table name="" hasTotal="1">
<keys size="5">Name, LUT, Input Size, Bits, Total Bits</keys>
<column name="ap_NS_fsm">405, 76, 1, 76</column>
<column name="grp_fu_239_ce">9, 2, 1, 2</column>
<column name="i_fu_60">9, 2, 9, 18</column>
<column name="inout1_blk_n_AR">9, 2, 1, 2</column>
<column name="inout1_blk_n_R">9, 2, 1, 2</column>
<column name="output_r_address0">14, 3, 8, 24</column>
<column name="output_r_ce0">14, 3, 1, 3</column>
<column name="output_r_we0">9, 2, 1, 2</column>
</table>
</item>
<item name = "Register"><table name="" hasTotal="1">
<keys size="5">Name, FF, LUT, Bits, Const Bits</keys>
<column name="ap_CS_fsm">75, 0, 75, 0</column>
<column name="grp_forward_3_Pipeline_VITIS_LOOP_404_2_fu_108_ap_start_reg">1, 0, 1, 0</column>
<column name="i_6_reg_201">9, 0, 9, 0</column>
<column name="i_fu_60">9, 0, 9, 0</column>
<column name="inout1_addr_read_reg_196">64, 0, 64, 0</column>
<column name="output_load_reg_224">32, 0, 32, 0</column>
<column name="shl_ln1271_reg_234">8, 0, 9, 1</column>
<column name="siren_net_input_layer_linear_bias_V_load_reg_229">32, 0, 32, 0</column>
<column name="trunc_ln402_reg_206">8, 0, 8, 0</column>
</table>
</item>
</section>
</item>
</section>

<section name = "Interface" level="0">
<item name = "Summary"><table name="" hasTotal="0">
<keys size="6">RTL Ports, Dir, Bits, Protocol, Source Object, C Type</keys>
<column name="ap_clk">in, 1, ap_ctrl_hs, forward.3, return value</column>
<column name="ap_rst">in, 1, ap_ctrl_hs, forward.3, return value</column>
<column name="ap_start">in, 1, ap_ctrl_hs, forward.3, return value</column>
<column name="ap_done">out, 1, ap_ctrl_hs, forward.3, return value</column>
<column name="ap_idle">out, 1, ap_ctrl_hs, forward.3, return value</column>
<column name="ap_ready">out, 1, ap_ctrl_hs, forward.3, return value</column>
<column name="grp_fu_592_p_din0">out, 32, ap_ctrl_hs, forward.3, return value</column>
<column name="grp_fu_592_p_din1">out, 32, ap_ctrl_hs, forward.3, return value</column>
<column name="grp_fu_592_p_dout0">in, 48, ap_ctrl_hs, forward.3, return value</column>
<column name="grp_fu_592_p_ce">out, 1, ap_ctrl_hs, forward.3, return value</column>
<column name="m_axi_inout1_AWVALID">out, 1, m_axi, inout1, pointer</column>
<column name="m_axi_inout1_AWREADY">in, 1, m_axi, inout1, pointer</column>
<column name="m_axi_inout1_AWADDR">out, 64, m_axi, inout1, pointer</column>
<column name="m_axi_inout1_AWID">out, 1, m_axi, inout1, pointer</column>
<column name="m_axi_inout1_AWLEN">out, 32, m_axi, inout1, pointer</column>
<column name="m_axi_inout1_AWSIZE">out, 3, m_axi, inout1, pointer</column>
<column name="m_axi_inout1_AWBURST">out, 2, m_axi, inout1, pointer</column>
<column name="m_axi_inout1_AWLOCK">out, 2, m_axi, inout1, pointer</column>
<column name="m_axi_inout1_AWCACHE">out, 4, m_axi, inout1, pointer</column>
<column name="m_axi_inout1_AWPROT">out, 3, m_axi, inout1, pointer</column>
<column name="m_axi_inout1_AWQOS">out, 4, m_axi, inout1, pointer</column>
<column name="m_axi_inout1_AWREGION">out, 4, m_axi, inout1, pointer</column>
<column name="m_axi_inout1_AWUSER">out, 1, m_axi, inout1, pointer</column>
<column name="m_axi_inout1_WVALID">out, 1, m_axi, inout1, pointer</column>
<column name="m_axi_inout1_WREADY">in, 1, m_axi, inout1, pointer</column>
<column name="m_axi_inout1_WDATA">out, 64, m_axi, inout1, pointer</column>
<column name="m_axi_inout1_WSTRB">out, 8, m_axi, inout1, pointer</column>
<column name="m_axi_inout1_WLAST">out, 1, m_axi, inout1, pointer</column>
<column name="m_axi_inout1_WID">out, 1, m_axi, inout1, pointer</column>
<column name="m_axi_inout1_WUSER">out, 1, m_axi, inout1, pointer</column>
<column name="m_axi_inout1_ARVALID">out, 1, m_axi, inout1, pointer</column>
<column name="m_axi_inout1_ARREADY">in, 1, m_axi, inout1, pointer</column>
<column name="m_axi_inout1_ARADDR">out, 64, m_axi, inout1, pointer</column>
<column name="m_axi_inout1_ARID">out, 1, m_axi, inout1, pointer</column>
<column name="m_axi_inout1_ARLEN">out, 32, m_axi, inout1, pointer</column>
<column name="m_axi_inout1_ARSIZE">out, 3, m_axi, inout1, pointer</column>
<column name="m_axi_inout1_ARBURST">out, 2, m_axi, inout1, pointer</column>
<column name="m_axi_inout1_ARLOCK">out, 2, m_axi, inout1, pointer</column>
<column name="m_axi_inout1_ARCACHE">out, 4, m_axi, inout1, pointer</column>
<column name="m_axi_inout1_ARPROT">out, 3, m_axi, inout1, pointer</column>
<column name="m_axi_inout1_ARQOS">out, 4, m_axi, inout1, pointer</column>
<column name="m_axi_inout1_ARREGION">out, 4, m_axi, inout1, pointer</column>
<column name="m_axi_inout1_ARUSER">out, 1, m_axi, inout1, pointer</column>
<column name="m_axi_inout1_RVALID">in, 1, m_axi, inout1, pointer</column>
<column name="m_axi_inout1_RREADY">out, 1, m_axi, inout1, pointer</column>
<column name="m_axi_inout1_RDATA">in, 64, m_axi, inout1, pointer</column>
<column name="m_axi_inout1_RLAST">in, 1, m_axi, inout1, pointer</column>
<column name="m_axi_inout1_RID">in, 1, m_axi, inout1, pointer</column>
<column name="m_axi_inout1_RFIFONUM">in, 9, m_axi, inout1, pointer</column>
<column name="m_axi_inout1_RUSER">in, 1, m_axi, inout1, pointer</column>
<column name="m_axi_inout1_RRESP">in, 2, m_axi, inout1, pointer</column>
<column name="m_axi_inout1_BVALID">in, 1, m_axi, inout1, pointer</column>
<column name="m_axi_inout1_BREADY">out, 1, m_axi, inout1, pointer</column>
<column name="m_axi_inout1_BRESP">in, 2, m_axi, inout1, pointer</column>
<column name="m_axi_inout1_BID">in, 1, m_axi, inout1, pointer</column>
<column name="m_axi_inout1_BUSER">in, 1, m_axi, inout1, pointer</column>
<column name="input_r">in, 64, ap_none, input_r, scalar</column>
<column name="output_r_address0">out, 8, ap_memory, output_r, array</column>
<column name="output_r_ce0">out, 1, ap_memory, output_r, array</column>
<column name="output_r_we0">out, 1, ap_memory, output_r, array</column>
<column name="output_r_d0">out, 32, ap_memory, output_r, array</column>
<column name="output_r_q0">in, 32, ap_memory, output_r, array</column>
<column name="siren_net_input_layer_linear_bias_V_address0">out, 8, ap_memory, siren_net_input_layer_linear_bias_V, array</column>
<column name="siren_net_input_layer_linear_bias_V_ce0">out, 1, ap_memory, siren_net_input_layer_linear_bias_V, array</column>
<column name="siren_net_input_layer_linear_bias_V_q0">in, 32, ap_memory, siren_net_input_layer_linear_bias_V, array</column>
<column name="siren_net_input_layer_linear_weight_V_address0">out, 9, ap_memory, siren_net_input_layer_linear_weight_V, array</column>
<column name="siren_net_input_layer_linear_weight_V_ce0">out, 1, ap_memory, siren_net_input_layer_linear_weight_V, array</column>
<column name="siren_net_input_layer_linear_weight_V_q0">in, 32, ap_memory, siren_net_input_layer_linear_weight_V, array</column>
</table>
</item>
</section>
</profile>
