<stg><name>forward.1.1</name>


<trans_list>

<trans id="29" from="1" to="2">
<condition id="-1">
<or_exp><and_exp></and_exp></or_exp>
</condition>
</trans>

<trans id="30" from="2" to="3">
<condition id="-1">
<or_exp><and_exp><literal name="icmp_ln402" val="0"/>
</and_exp></or_exp>
</condition>
</trans>

<trans id="32" from="3" to="4">
<condition id="-1">
<or_exp><and_exp></and_exp></or_exp>
</condition>
</trans>

<trans id="33" from="4" to="5">
<condition id="-1">
<or_exp><and_exp></and_exp></or_exp>
</condition>
</trans>

<trans id="34" from="5" to="2">
<condition id="-1">
<or_exp><and_exp></and_exp></or_exp>
</condition>
</trans>
</trans_list>



<state_list>

<state id="1" st_id="1">

<operation id="6" st_id="1" stage="1" lat="1">
<core>NULL</core>
<MemPortIdVec></MemPortIdVec>
<condition id="-1">
<or_exp><and_exp></and_exp></or_exp>
</condition>

<Node id="7" bw="2" op_0_bw="32">
<![CDATA[
entry:0 %i = alloca i32 1

]]></Node>
<StgValue><ssdm name="i"/></StgValue>
</operation>

<operation id="7" st_id="1" stage="1" lat="1">
<core>NULL</core>
<MemPortIdVec></MemPortIdVec>
<condition id="-1">
<or_exp><and_exp></and_exp></or_exp>
</condition>

<Node id="8" bw="32" op_0_bw="32">
<![CDATA[
entry:1 %siren_net_output_layer_bias_V_0_load = load i32 %siren_net_output_layer_bias_V_0

]]></Node>
<StgValue><ssdm name="siren_net_output_layer_bias_V_0_load"/></StgValue>
</operation>

<operation id="8" st_id="1" stage="1" lat="1">
<core>NULL</core>
<MemPortIdVec></MemPortIdVec>
<condition id="-1">
<or_exp><and_exp></and_exp></or_exp>
</condition>

<Node id="9" bw="32" op_0_bw="32">
<![CDATA[
entry:2 %siren_net_output_layer_bias_V_1_load = load i32 %siren_net_output_layer_bias_V_1

]]></Node>
<StgValue><ssdm name="siren_net_output_layer_bias_V_1_load"/></StgValue>
</operation>

<operation id="9" st_id="1" stage="1" lat="1">
<core>NULL</core>
<MemPortIdVec></MemPortIdVec>
<condition id="-1">
<or_exp><and_exp></and_exp></or_exp>
</condition>

<Node id="10" bw="32" op_0_bw="32">
<![CDATA[
entry:3 %siren_net_output_layer_bias_V_2_load = load i32 %siren_net_output_layer_bias_V_2

]]></Node>
<StgValue><ssdm name="siren_net_output_layer_bias_V_2_load"/></StgValue>
</operation>

<operation id="10" st_id="1" stage="1" lat="1">
<core>NULL</core>
<MemPortIdVec></MemPortIdVec>
<condition id="-1">
<or_exp><and_exp></and_exp></or_exp>
</condition>

<Node id="11" bw="0" op_0_bw="2" op_1_bw="2">
<![CDATA[
entry:4 %store_ln402 = store i2 0, i2 %i

]]></Node>
<StgValue><ssdm name="store_ln402"/></StgValue>
</operation>

<operation id="11" st_id="1" stage="1" lat="1">
<core>NULL</core>
<MemPortIdVec></MemPortIdVec>
<condition id="-1">
<or_exp><and_exp></and_exp></or_exp>
</condition>

<Node id="12" bw="0" op_0_bw="0">
<![CDATA[
entry:5 %br_ln402 = br void %VITIS_LOOP_404_2

]]></Node>
<StgValue><ssdm name="br_ln402"/></StgValue>
</operation>
</state>

<state id="2" st_id="2">

<operation id="12" st_id="2" stage="1" lat="1">
<core>NULL</core>
<MemPortIdVec></MemPortIdVec>
<condition id="-1">
<or_exp><and_exp></and_exp></or_exp>
</condition>

<Node id="14" bw="2" op_0_bw="2" op_1_bw="0">
<![CDATA[
VITIS_LOOP_404_2:0 %i_7 = load i2 %i

]]></Node>
<StgValue><ssdm name="i_7"/></StgValue>
</operation>

<operation id="13" st_id="2" stage="1" lat="1">
<core>Cmp</core>
<MemPortIdVec></MemPortIdVec>
<condition id="-1">
<or_exp><and_exp></and_exp></or_exp>
</condition>

<Node id="15" bw="1" op_0_bw="2" op_1_bw="2">
<![CDATA[
VITIS_LOOP_404_2:1 %icmp_ln402 = icmp_eq  i2 %i_7, i2 3

]]></Node>
<StgValue><ssdm name="icmp_ln402"/></StgValue>
</operation>

<operation id="14" st_id="2" stage="1" lat="1">
<core>NULL</core>
<MemPortIdVec></MemPortIdVec>
<condition id="-1">
<or_exp><and_exp></and_exp></or_exp>
</condition>

<Node id="16" bw="32" op_0_bw="32" op_1_bw="64" op_2_bw="64" op_3_bw="64">
<![CDATA[
VITIS_LOOP_404_2:2 %empty = speclooptripcount i32 @_ssdm_op_SpecLoopTripCount, i64 3, i64 3, i64 3

]]></Node>
<StgValue><ssdm name="empty"/></StgValue>
</operation>

<operation id="15" st_id="2" stage="1" lat="1">
<core>Adder</core>
<MemPortIdVec></MemPortIdVec>
<condition id="-1">
<or_exp><and_exp></and_exp></or_exp>
</condition>

<Node id="17" bw="2" op_0_bw="2" op_1_bw="2">
<![CDATA[
VITIS_LOOP_404_2:3 %add_ln402 = add i2 %i_7, i2 1

]]></Node>
<StgValue><ssdm name="add_ln402"/></StgValue>
</operation>

<operation id="16" st_id="2" stage="1" lat="1">
<core>NULL</core>
<MemPortIdVec></MemPortIdVec>
<condition id="-1">
<or_exp><and_exp></and_exp></or_exp>
</condition>

<Node id="18" bw="0" op_0_bw="1" op_1_bw="0" op_2_bw="0">
<![CDATA[
VITIS_LOOP_404_2:4 %br_ln402 = br i1 %icmp_ln402, void %VITIS_LOOP_404_2.split, void %for.end64

]]></Node>
<StgValue><ssdm name="br_ln402"/></StgValue>
</operation>

<operation id="17" st_id="2" stage="1" lat="1">
<core>NULL</core>
<MemPortIdVec></MemPortIdVec>
<condition id="-1">
<or_exp><and_exp><literal name="icmp_ln402" val="0"/>
</and_exp></or_exp>
</condition>

<Node id="20" bw="64" op_0_bw="2">
<![CDATA[
VITIS_LOOP_404_2.split:0 %zext_ln402 = zext i2 %i_7

]]></Node>
<StgValue><ssdm name="zext_ln402"/></StgValue>
</operation>

<operation id="18" st_id="2" stage="1" lat="1">
<core>NULL</core>
<MemPortIdVec></MemPortIdVec>
<condition id="-1">
<or_exp><and_exp><literal name="icmp_ln402" val="0"/>
</and_exp></or_exp>
</condition>

<Node id="23" bw="2" op_0_bw="32" op_1_bw="64" op_2_bw="64">
<![CDATA[
VITIS_LOOP_404_2.split:3 %output_addr = getelementptr i32 %output_r, i64 0, i64 %zext_ln402

]]></Node>
<StgValue><ssdm name="output_addr"/></StgValue>
</operation>

<operation id="19" st_id="2" stage="2" lat="2">
<core>RAM</core>
<MemPortIdVec>0 </MemPortIdVec>
<condition id="-1">
<or_exp><and_exp><literal name="icmp_ln402" val="0"/>
</and_exp></or_exp>
</condition>

<Node id="24" bw="32" op_0_bw="2">
<![CDATA[
VITIS_LOOP_404_2.split:4 %output_load = load i2 %output_addr

]]></Node>
<StgValue><ssdm name="output_load"/></StgValue>
</operation>

<operation id="20" st_id="2" stage="1" lat="1">
<core>Multiplexer</core>
<MemPortIdVec></MemPortIdVec>
<condition id="-1">
<or_exp><and_exp><literal name="icmp_ln402" val="0"/>
</and_exp></or_exp>
</condition>

<Node id="25" bw="32" op_0_bw="32" op_1_bw="32" op_2_bw="32" op_3_bw="32" op_4_bw="2">
<![CDATA[
VITIS_LOOP_404_2.split:5 %tmp = mux i32 @_ssdm_op_Mux.ap_auto.3i32.i2, i32 %siren_net_output_layer_bias_V_0_load, i32 %siren_net_output_layer_bias_V_1_load, i32 %siren_net_output_layer_bias_V_2_load, i2 %i_7

]]></Node>
<StgValue><ssdm name="tmp"/></StgValue>
</operation>

<operation id="21" st_id="2" stage="1" lat="1">
<core>NULL</core>
<MemPortIdVec></MemPortIdVec>
<condition id="-1">
<or_exp><and_exp><literal name="icmp_ln402" val="0"/>
</and_exp></or_exp>
</condition>

<Node id="27" bw="0" op_0_bw="2" op_1_bw="2" op_2_bw="0" op_3_bw="0">
<![CDATA[
VITIS_LOOP_404_2.split:7 %store_ln402 = store i2 %add_ln402, i2 %i

]]></Node>
<StgValue><ssdm name="store_ln402"/></StgValue>
</operation>

<operation id="22" st_id="2" stage="1" lat="1">
<core>NULL</core>
<MemPortIdVec></MemPortIdVec>
<condition id="-1">
<or_exp><and_exp><literal name="icmp_ln402" val="1"/>
</and_exp></or_exp>
</condition>

<Node id="30" bw="0">
<![CDATA[
for.end64:0 %ret_ln432 = ret

]]></Node>
<StgValue><ssdm name="ret_ln432"/></StgValue>
</operation>
</state>

<state id="3" st_id="3">

<operation id="23" st_id="3" stage="1" lat="2">
<core>RAM</core>
<MemPortIdVec>0 </MemPortIdVec>
<condition id="-1">
<or_exp><and_exp></and_exp></or_exp>
</condition>

<Node id="24" bw="32" op_0_bw="2">
<![CDATA[
VITIS_LOOP_404_2.split:4 %output_load = load i2 %output_addr

]]></Node>
<StgValue><ssdm name="output_load"/></StgValue>
</operation>
</state>

<state id="4" st_id="4">

<operation id="24" st_id="4" stage="1" lat="1">
<core>NULL</core>
<MemPortIdVec></MemPortIdVec>
<condition id="-1">
<or_exp><and_exp></and_exp></or_exp>
</condition>

<Node id="21" bw="10" op_0_bw="10" op_1_bw="2" op_2_bw="8">
<![CDATA[
VITIS_LOOP_404_2.split:1 %tmp_s = bitconcatenate i10 @_ssdm_op_BitConcatenate.i10.i2.i8, i2 %i_7, i8 0

]]></Node>
<StgValue><ssdm name="tmp_s"/></StgValue>
</operation>

<operation id="25" st_id="4" stage="2" lat="2">
<core></core>
<MemPortIdVec></MemPortIdVec>
<condition id="-1">
<or_exp><and_exp></and_exp></or_exp>
</condition>

<Node id="26" bw="0" op_0_bw="0" op_1_bw="32" op_2_bw="32" op_3_bw="2" op_4_bw="10" op_5_bw="32" op_6_bw="32" op_7_bw="32" op_8_bw="0">
<![CDATA[
VITIS_LOOP_404_2.split:6 %call_ln426 = call void @forward.1.1_Pipeline_VITIS_LOOP_404_2, i32 %output_load, i32 %output_r, i2 %i_7, i10 %tmp_s, i32 %input_r, i32 %tmp, i32 %siren_net_output_layer_weight_V

]]></Node>
<StgValue><ssdm name="call_ln426"/></StgValue>
</operation>
</state>

<state id="5" st_id="5">

<operation id="26" st_id="5" stage="1" lat="1">
<core>NULL</core>
<MemPortIdVec></MemPortIdVec>
<condition id="-1">
<or_exp><and_exp></and_exp></or_exp>
</condition>

<Node id="22" bw="0" op_0_bw="0" op_1_bw="0">
<![CDATA[
VITIS_LOOP_404_2.split:2 %specloopname_ln402 = specloopname void @_ssdm_op_SpecLoopName, void @empty_3

]]></Node>
<StgValue><ssdm name="specloopname_ln402"/></StgValue>
</operation>

<operation id="27" st_id="5" stage="1" lat="2">
<core></core>
<MemPortIdVec></MemPortIdVec>
<condition id="-1">
<or_exp><and_exp></and_exp></or_exp>
</condition>

<Node id="26" bw="0" op_0_bw="0" op_1_bw="32" op_2_bw="32" op_3_bw="2" op_4_bw="10" op_5_bw="32" op_6_bw="32" op_7_bw="32" op_8_bw="0">
<![CDATA[
VITIS_LOOP_404_2.split:6 %call_ln426 = call void @forward.1.1_Pipeline_VITIS_LOOP_404_2, i32 %output_load, i32 %output_r, i2 %i_7, i10 %tmp_s, i32 %input_r, i32 %tmp, i32 %siren_net_output_layer_weight_V

]]></Node>
<StgValue><ssdm name="call_ln426"/></StgValue>
</operation>

<operation id="28" st_id="5" stage="1" lat="1">
<core>NULL</core>
<MemPortIdVec></MemPortIdVec>
<condition id="-1">
<or_exp><and_exp></and_exp></or_exp>
</condition>

<Node id="28" bw="0" op_0_bw="0">
<![CDATA[
VITIS_LOOP_404_2.split:8 %br_ln402 = br void %VITIS_LOOP_404_2

]]></Node>
<StgValue><ssdm name="br_ln402"/></StgValue>
</operation>
</state>
</state_list>


<ports>
<port id="35" name="input_r" dir="0" iftype="1">
<core>RAM</core><StgValue><ssdm name="input_r"/><MemPortTyVec>1 3 </MemPortTyVec>
</StgValue>
</port>
<port id="36" name="output_r" dir="2" iftype="1">
<core>RAM</core><StgValue><ssdm name="output_r"/><MemPortTyVec>2 3 </MemPortTyVec>
</StgValue>
</port>
<port id="37" name="siren_net_output_layer_bias_V_0" dir="0" iftype="0">
<core>NULL</core><StgValue><ssdm name="siren_net_output_layer_bias_V_0"/></StgValue>
</port>
<port id="38" name="siren_net_output_layer_bias_V_1" dir="0" iftype="0">
<core>NULL</core><StgValue><ssdm name="siren_net_output_layer_bias_V_1"/></StgValue>
</port>
<port id="39" name="siren_net_output_layer_bias_V_2" dir="0" iftype="0">
<core>NULL</core><StgValue><ssdm name="siren_net_output_layer_bias_V_2"/></StgValue>
</port>
<port id="40" name="siren_net_output_layer_weight_V" dir="0" iftype="1">
<core>RAM</core><StgValue><ssdm name="siren_net_output_layer_weight_V"/><MemPortTyVec>1 3 </MemPortTyVec>
</StgValue>
</port>
</ports>


<dataflows>
<dataflow id="42" from="StgValue_41" to="i" fromId="41" toId="6">
</dataflow>
<dataflow id="43" from="siren_net_output_layer_bias_V_0" to="siren_net_output_layer_bias_V_0_load" fromId="37" toId="7">
</dataflow>
<dataflow id="44" from="siren_net_output_layer_bias_V_1" to="siren_net_output_layer_bias_V_1_load" fromId="38" toId="8">
</dataflow>
<dataflow id="45" from="siren_net_output_layer_bias_V_2" to="siren_net_output_layer_bias_V_2_load" fromId="39" toId="9">
</dataflow>
<dataflow id="47" from="StgValue_46" to="store_ln402" fromId="46" toId="10">
</dataflow>
<dataflow id="48" from="i" to="store_ln402" fromId="6" toId="10">
</dataflow>
<dataflow id="49" from="i" to="i_7" fromId="6" toId="12">
</dataflow>
<dataflow id="50" from="i_7" to="icmp_ln402" fromId="12" toId="13">
</dataflow>
<dataflow id="52" from="StgValue_51" to="icmp_ln402" fromId="51" toId="13">
</dataflow>
<dataflow id="54" from="_ssdm_op_SpecLoopTripCount" to="empty" fromId="53" toId="14">
</dataflow>
<dataflow id="56" from="StgValue_55" to="empty" fromId="55" toId="14">
</dataflow>
<dataflow id="57" from="StgValue_55" to="empty" fromId="55" toId="14">
</dataflow>
<dataflow id="58" from="StgValue_55" to="empty" fromId="55" toId="14">
</dataflow>
<dataflow id="59" from="i_7" to="add_ln402" fromId="12" toId="15">
</dataflow>
<dataflow id="61" from="StgValue_60" to="add_ln402" fromId="60" toId="15">
</dataflow>
<dataflow id="62" from="icmp_ln402" to="br_ln402" fromId="13" toId="16">
</dataflow>
<dataflow id="63" from="i_7" to="zext_ln402" fromId="12" toId="17">
</dataflow>
<dataflow id="64" from="output_r" to="output_addr" fromId="36" toId="18">
</dataflow>
<dataflow id="66" from="StgValue_65" to="output_addr" fromId="65" toId="18">
</dataflow>
<dataflow id="67" from="zext_ln402" to="output_addr" fromId="17" toId="18">
</dataflow>
<dataflow id="68" from="output_addr" to="output_load" fromId="18" toId="19">
</dataflow>
<dataflow id="70" from="_ssdm_op_Mux.ap_auto.3i32.i2" to="tmp" fromId="69" toId="20">
</dataflow>
<dataflow id="71" from="siren_net_output_layer_bias_V_0_load" to="tmp" fromId="7" toId="20">
</dataflow>
<dataflow id="72" from="siren_net_output_layer_bias_V_1_load" to="tmp" fromId="8" toId="20">
</dataflow>
<dataflow id="73" from="siren_net_output_layer_bias_V_2_load" to="tmp" fromId="9" toId="20">
</dataflow>
<dataflow id="74" from="i_7" to="tmp" fromId="12" toId="20">
</dataflow>
<dataflow id="75" from="add_ln402" to="store_ln402" fromId="15" toId="21">
</dataflow>
<dataflow id="76" from="i" to="store_ln402" fromId="6" toId="21">
</dataflow>
<dataflow id="77" from="output_addr" to="output_load" fromId="18" toId="23">
</dataflow>
<dataflow id="79" from="_ssdm_op_BitConcatenate.i10.i2.i8" to="tmp_s" fromId="78" toId="24">
</dataflow>
<dataflow id="80" from="i_7" to="tmp_s" fromId="12" toId="24">
</dataflow>
<dataflow id="82" from="StgValue_81" to="tmp_s" fromId="81" toId="24">
</dataflow>
<dataflow id="84" from="forward.1.1_Pipeline_VITIS_LOOP_404_2" to="call_ln426" fromId="83" toId="25">
</dataflow>
<dataflow id="85" from="output_load" to="call_ln426" fromId="23" toId="25">
</dataflow>
<dataflow id="86" from="output_r" to="call_ln426" fromId="36" toId="25">
</dataflow>
<dataflow id="87" from="i_7" to="call_ln426" fromId="12" toId="25">
</dataflow>
<dataflow id="88" from="tmp_s" to="call_ln426" fromId="24" toId="25">
</dataflow>
<dataflow id="89" from="input_r" to="call_ln426" fromId="35" toId="25">
</dataflow>
<dataflow id="90" from="tmp" to="call_ln426" fromId="20" toId="25">
</dataflow>
<dataflow id="91" from="siren_net_output_layer_weight_V" to="call_ln426" fromId="40" toId="25">
</dataflow>
<dataflow id="93" from="_ssdm_op_SpecLoopName" to="specloopname_ln402" fromId="92" toId="26">
</dataflow>
<dataflow id="95" from="empty_3" to="specloopname_ln402" fromId="94" toId="26">
</dataflow>
<dataflow id="96" from="forward.1.1_Pipeline_VITIS_LOOP_404_2" to="call_ln426" fromId="83" toId="27">
</dataflow>
<dataflow id="97" from="output_load" to="call_ln426" fromId="23" toId="27">
</dataflow>
<dataflow id="98" from="output_r" to="call_ln426" fromId="36" toId="27">
</dataflow>
<dataflow id="99" from="i_7" to="call_ln426" fromId="12" toId="27">
</dataflow>
<dataflow id="100" from="tmp_s" to="call_ln426" fromId="24" toId="27">
</dataflow>
<dataflow id="101" from="input_r" to="call_ln426" fromId="35" toId="27">
</dataflow>
<dataflow id="102" from="tmp" to="call_ln426" fromId="20" toId="27">
</dataflow>
<dataflow id="103" from="siren_net_output_layer_weight_V" to="call_ln426" fromId="40" toId="27">
</dataflow>
<dataflow id="104" from="icmp_ln402" to="StgValue_2" fromId="13" toId="2">
</dataflow>
</dataflows>


</stg>
