<profile>

<section name = "Vitis HLS Report for 'forward_1_2'" level="0">
<item name = "Date">Fri Jul  7 13:57:15 2023
</item>
<item name = "Version">2022.2.2 (Build 3779808 on Feb 17 2023)</item>
<item name = "Project">model_top_vitis_hls_project</item>
<item name = "Solution">solution1 (Vitis Kernel Flow Target)</item>
<item name = "Product family">zynquplus</item>
<item name = "Target device">xczu9eg-ffvb1156-2-e</item>
</section>

<section name = "Performance Estimates" level="0">
<item name = "Timing">
<section name = "" level="1">
<item name = "Summary"><table name="" hasTotal="0">
<keys size="4">Clock, Target, Estimated, Uncertainty</keys>
<column name="ap_clk">3.33 ns, 2.365 ns, 0.90 ns</column>
</table>
</item>
</section>
</item>
<item name = "Latency">
<section name = "" level="1">
<item name = "Summary"><table name="" hasTotal="0">
<keys size="8">, min, max, min, max, min, max, Type</keys>
<column name="">327683, 327683, 1.091 ms, 1.091 ms, 327683, 327683, no</column>
</table>
</item>
<item name = "Detail">
<section name = "" level="1">
<item name = "Instance"><table name="" hasTotal="0">
<keys size="9">Instance, Module, min, max, min, max, min, max, Type</keys>
</table>
</item>
<item name = "Loop"><table name="" hasTotal="0">
<keys size="8">Loop Name, min, max, Latency, achieved, target, Count, Pipelined</keys>
<column name="- VITIS_LOOP_402_1_VITIS_LOOP_404_2">327681, 327681, 7, 5, 1, 65536, yes</column>
</table>
</item>
</section>
</item>
</section>
</item>
</section>

<section name = "Utilization Estimates" level="0">
<item name = "Summary"><table name="" hasTotal="1">
<keys size="6">Name, BRAM_18K, DSP, FF, LUT, URAM</keys>
<column name="DSP">-, -, -, -, -</column>
<column name="Expression">-, -, 0, 210, -</column>
<column name="FIFO">-, -, -, -, -</column>
<column name="Instance">-, 3, 165, 49, -</column>
<column name="Memory">-, -, -, -, -</column>
<column name="Multiplexer">-, -, -, 122, -</column>
<column name="Register">-, -, 243, -, -</column>
<specialColumn name="Available">1824, 2520, 548160, 274080, 0</specialColumn>
<specialColumn name="Utilization (%)">0, ~0, ~0, ~0, 0</specialColumn>
</table>
</item>
<item name = "Detail">
<section name = "" level="1">
<item name = "Instance"><table name="" hasTotal="1">
<keys size="7">Instance, Module, BRAM_18K, DSP, FF, LUT, URAM</keys>
<column name="mul_32s_32s_48_2_1_U61">mul_32s_32s_48_2_1, 0, 3, 165, 49, 0</column>
</table>
</item>
<item name = "DSP"><table name="" hasTotal="0">
<keys size="3">Instance, Module, Expression</keys>
</table>
</item>
<item name = "Memory"><table name="" hasTotal="1">
<keys size="10">Memory, Module, BRAM_18K, FF, LUT, URAM, Words, Bits, Banks, W*Bits*Banks</keys>
</table>
</item>
<item name = "FIFO"><table name="" hasTotal="1">
<keys size="8">Name, BRAM_18K, FF, LUT, URAM, Depth, Bits, Size:D*B</keys>
</table>
</item>
<item name = "Expression"><table name="" hasTotal="1">
<keys size="7">Variable Name, Operation, DSP, FF, LUT, Bitwidth P0, Bitwidth P1</keys>
<column name="add_ln1271_1_fu_250_p2">+, 0, 0, 25, 18, 18</column>
<column name="add_ln1271_fu_220_p2">+, 0, 0, 18, 11, 11</column>
<column name="add_ln1273_fu_264_p2">+, 0, 0, 17, 10, 10</column>
<column name="add_ln402_2_fu_176_p2">+, 0, 0, 24, 17, 1</column>
<column name="add_ln402_fu_188_p2">+, 0, 0, 16, 9, 1</column>
<column name="add_ln404_fu_295_p2">+, 0, 0, 16, 9, 1</column>
<column name="add_ln813_fu_315_p2">+, 0, 0, 39, 32, 32</column>
<column name="cmp43_fu_229_p2">icmp, 0, 0, 11, 9, 1</column>
<column name="icmp_ln402_fu_170_p2">icmp, 0, 0, 13, 17, 18</column>
<column name="icmp_ln404_fu_194_p2">icmp, 0, 0, 11, 9, 10</column>
<column name="select_ln402_2_fu_208_p3">select, 0, 0, 9, 1, 9</column>
<column name="select_ln402_fu_200_p3">select, 0, 0, 9, 1, 1</column>
<column name="ap_enable_pp0">xor, 0, 0, 2, 1, 2</column>
</table>
</item>
<item name = "Multiplexer"><table name="" hasTotal="1">
<keys size="5">Name, LUT, Input Size, Bits, Total Bits</keys>
<column name="ap_NS_fsm">31, 6, 1, 6</column>
<column name="ap_done_int">9, 2, 1, 2</column>
<column name="ap_enable_reg_pp0_iter0">9, 2, 1, 2</column>
<column name="ap_enable_reg_pp0_iter0_reg">9, 2, 1, 2</column>
<column name="ap_enable_reg_pp0_iter1">9, 2, 1, 2</column>
<column name="i_fu_62">9, 2, 9, 18</column>
<column name="indvar_flatten_fu_66">9, 2, 17, 34</column>
<column name="j_fu_58">9, 2, 9, 18</column>
<column name="output_r_address0">14, 3, 10, 30</column>
<column name="output_r_d0">14, 3, 32, 96</column>
</table>
</item>
<item name = "Register"><table name="" hasTotal="1">
<keys size="5">Name, FF, LUT, Bits, Const Bits</keys>
<column name="add_ln1271_reg_373">11, 0, 11, 0</column>
<column name="add_ln402_2_reg_356">17, 0, 17, 0</column>
<column name="ap_CS_fsm">5, 0, 5, 0</column>
<column name="ap_done_reg">1, 0, 1, 0</column>
<column name="ap_enable_reg_pp0_iter0_reg">1, 0, 1, 0</column>
<column name="ap_enable_reg_pp0_iter1">1, 0, 1, 0</column>
<column name="cmp43_reg_383">1, 0, 1, 0</column>
<column name="i_fu_62">9, 0, 9, 0</column>
<column name="icmp_ln402_reg_352">1, 0, 1, 0</column>
<column name="indvar_flatten_fu_66">17, 0, 17, 0</column>
<column name="j_fu_58">9, 0, 9, 0</column>
<column name="output_addr_reg_387">10, 0, 10, 0</column>
<column name="r_V_reg_412">32, 0, 32, 0</column>
<column name="reg_128">32, 0, 32, 0</column>
<column name="select_ln402_2_reg_368">9, 0, 9, 0</column>
<column name="select_ln402_reg_361">9, 0, 9, 0</column>
<column name="this_bias_load_reg_402">32, 0, 32, 0</column>
<column name="tmp_10_cast_reg_347">2, 0, 11, 9</column>
<column name="tmp_reg_342">2, 0, 10, 8</column>
<column name="trunc_ln1271_reg_378">10, 0, 10, 0</column>
<column name="trunc_ln_reg_427">32, 0, 32, 0</column>
</table>
</item>
</section>
</item>
</section>

<section name = "Interface" level="0">
<item name = "Summary"><table name="" hasTotal="0">
<keys size="6">RTL Ports, Dir, Bits, Protocol, Source Object, C Type</keys>
<column name="ap_clk">in, 1, ap_ctrl_hs, forward.1.2, return value</column>
<column name="ap_rst">in, 1, ap_ctrl_hs, forward.1.2, return value</column>
<column name="ap_start">in, 1, ap_ctrl_hs, forward.1.2, return value</column>
<column name="ap_done">out, 1, ap_ctrl_hs, forward.1.2, return value</column>
<column name="ap_idle">out, 1, ap_ctrl_hs, forward.1.2, return value</column>
<column name="ap_ready">out, 1, ap_ctrl_hs, forward.1.2, return value</column>
<column name="this_weight_address0">out, 18, ap_memory, this_weight, array</column>
<column name="this_weight_ce0">out, 1, ap_memory, this_weight, array</column>
<column name="this_weight_q0">in, 32, ap_memory, this_weight, array</column>
<column name="this_weight_offset">in, 2, ap_none, this_weight_offset, scalar</column>
<column name="this_bias_address0">out, 10, ap_memory, this_bias, array</column>
<column name="this_bias_ce0">out, 1, ap_memory, this_bias, array</column>
<column name="this_bias_q0">in, 32, ap_memory, this_bias, array</column>
<column name="output_r_address0">out, 10, ap_memory, output_r, array</column>
<column name="output_r_ce0">out, 1, ap_memory, output_r, array</column>
<column name="output_r_we0">out, 1, ap_memory, output_r, array</column>
<column name="output_r_d0">out, 32, ap_memory, output_r, array</column>
<column name="output_r_q0">in, 32, ap_memory, output_r, array</column>
<column name="input_offset">in, 2, ap_none, input_offset, scalar</column>
</table>
</item>
</section>
</profile>
