<root versionMajor = "1" versionMinor = "5">
  <kernel name="siren_test_model" language="c" vlnv="xilinx.com:hls:siren_test_model:1.0" attributes="" hash="" preferredWorkGroupSizeMultiple="0" workGroupSize="1" debug="false" compileOptions="" profileType="none" hwControlProtocol="ap_ctrl_chain">
    <ports>
      <port name="M_AXI_INOUT1" portType="addressable" mode="master" base="0x0" range="0xFFFFFFFF" dataWidth="64"/>
      <port name="M_AXI_WEIGHTS" portType="addressable" mode="master" base="0x0" range="0xFFFFFFFF" dataWidth="256"/>
      <port name="S_AXI_CONTROL" portType="addressable" mode="slave" base="0x0" range="0x90" dataWidth="32"/>
    </ports>
    <args>
      <arg id="0" name="x_in" addressQualifier="1" port="M_AXI_INOUT1" hostOffset="0x0" hostSize="0x8" offset="0x10" size="0x8" type="void*"/>
      <arg id="1" name="x_out" addressQualifier="1" port="M_AXI_INOUT1" hostOffset="0x0" hostSize="0x8" offset="0x1C" size="0x8" type="void*"/>
      <arg id="2" name="load_parameters_flag" addressQualifier="0" port="S_AXI_CONTROL" hostOffset="0x0" hostSize="0x4" offset="0x28" size="0x4" type="unsigned int"/>
      <arg id="3" name="input_layer_weight_in" addressQualifier="1" port="M_AXI_WEIGHTS" hostOffset="0x0" hostSize="0x8" offset="0x30" size="0x8" type="void*"/>
      <arg id="4" name="input_layer_bias_in" addressQualifier="1" port="M_AXI_WEIGHTS" hostOffset="0x0" hostSize="0x8" offset="0x3C" size="0x8" type="void*"/>
      <arg id="5" name="input_layer_w0_in" addressQualifier="1" port="M_AXI_WEIGHTS" hostOffset="0x0" hostSize="0x8" offset="0x48" size="0x8" type="void*"/>
      <arg id="6" name="hidden_layers_weight_in" addressQualifier="1" port="M_AXI_WEIGHTS" hostOffset="0x0" hostSize="0x8" offset="0x54" size="0x8" type="void*"/>
      <arg id="7" name="hidden_layers_bias_in" addressQualifier="1" port="M_AXI_WEIGHTS" hostOffset="0x0" hostSize="0x8" offset="0x60" size="0x8" type="void*"/>
      <arg id="8" name="hidden_layers_w0_in" addressQualifier="1" port="M_AXI_WEIGHTS" hostOffset="0x0" hostSize="0x8" offset="0x6C" size="0x8" type="void*"/>
      <arg id="9" name="output_layer_weight_in" addressQualifier="1" port="M_AXI_WEIGHTS" hostOffset="0x0" hostSize="0x8" offset="0x78" size="0x8" type="void*"/>
      <arg id="10" name="output_layer_bias_in" addressQualifier="1" port="M_AXI_WEIGHTS" hostOffset="0x0" hostSize="0x8" offset="0x84" size="0x8" type="void*"/>
    </args>
    <compileWorkGroupSize x="1" y="1" z="1"/>
    <maxWorkGroupSize x="1" y="1" z="1"/>
  </kernel>
</root>
