<profile>

<section name = "Vitis HLS Report for 'load_params'" level="0">
<item name = "Date">Fri Jul  7 13:57:09 2023
</item>
<item name = "Version">2022.2.2 (Build 3779808 on Feb 17 2023)</item>
<item name = "Project">model_top_vitis_hls_project</item>
<item name = "Solution">solution1 (Vitis Kernel Flow Target)</item>
<item name = "Product family">zynquplus</item>
<item name = "Target device">xczu9eg-ffvb1156-2-e</item>
</section>

<section name = "Performance Estimates" level="0">
<item name = "Timing">
<section name = "" level="1">
<item name = "Summary"><table name="" hasTotal="0">
<keys size="4">Clock, Target, Estimated, Uncertainty</keys>
<column name="ap_clk">3.33 ns, 2.431 ns, 0.90 ns</column>
</table>
</item>
</section>
</item>
<item name = "Latency">
<section name = "" level="1">
<item name = "Summary"><table name="" hasTotal="0">
<keys size="8">, min, max, min, max, min, max, Type</keys>
<column name="">342869, 415573, 1.142 ms, 1.384 ms, 342869, 415573, no</column>
</table>
</item>
<item name = "Detail">
<section name = "" level="1">
<item name = "Instance"><table name="" hasTotal="0">
<keys size="9">Instance, Module, min, max, min, max, min, max, Type</keys>
<column name="grp_load_params_Pipeline_VITIS_LOOP_384_1_fu_293">load_params_Pipeline_VITIS_LOOP_384_1, 585, 585, 1.948 us, 1.948 us, 585, 585, no</column>
<column name="grp_load_params_Pipeline_VITIS_LOOP_385_2_fu_305">load_params_Pipeline_VITIS_LOOP_385_2, 329, 329, 1.096 us, 1.096 us, 329, 329, no</column>
<column name="grp_load_params_Pipeline_VITIS_LOOP_385_25_fu_317">load_params_Pipeline_VITIS_LOOP_385_25, 329, 329, 1.096 us, 1.096 us, 329, 329, no</column>
</table>
</item>
<item name = "Loop"><table name="" hasTotal="0">
<keys size="8">Loop Name, min, max, Latency, achieved, target, Count, Pipelined</keys>
<column name="- VITIS_LOOP_566_1">341000, 413704, 85250 ~ 103426, -, -, 4, no</column>
<column name=" + VITIS_LOOP_384_1">85248, 103424, 333 ~ 404, -, -, 256, no</column>
<column name="- VITIS_LOOP_384_1">1209, 1209, 403, -, -, 3, no</column>
</table>
</item>
</section>
</item>
</section>
</item>
</section>

<section name = "Utilization Estimates" level="0">
<item name = "Summary"><table name="" hasTotal="1">
<keys size="6">Name, BRAM_18K, DSP, FF, LUT, URAM</keys>
<column name="DSP">-, -, -, -, -</column>
<column name="Expression">-, -, 0, 1207, -</column>
<column name="FIFO">-, -, -, -, -</column>
<column name="Instance">-, -, 21695, 1141, -</column>
<column name="Memory">-, -, -, -, -</column>
<column name="Multiplexer">-, -, -, 1571, -</column>
<column name="Register">-, -, 1985, -, -</column>
<specialColumn name="Available">1824, 2520, 548160, 274080, 0</specialColumn>
<specialColumn name="Utilization (%)">0, 0, 4, 1, 0</specialColumn>
</table>
</item>
<item name = "Detail">
<section name = "" level="1">
<item name = "Instance"><table name="" hasTotal="1">
<keys size="7">Instance, Module, BRAM_18K, DSP, FF, LUT, URAM</keys>
<column name="grp_load_params_Pipeline_VITIS_LOOP_384_1_fu_293">load_params_Pipeline_VITIS_LOOP_384_1, 0, 0, 19900, 483, 0</column>
<column name="grp_load_params_Pipeline_VITIS_LOOP_385_2_fu_305">load_params_Pipeline_VITIS_LOOP_385_2, 0, 0, 897, 337, 0</column>
<column name="grp_load_params_Pipeline_VITIS_LOOP_385_25_fu_317">load_params_Pipeline_VITIS_LOOP_385_25, 0, 0, 898, 321, 0</column>
</table>
</item>
<item name = "DSP"><table name="" hasTotal="0">
<keys size="3">Instance, Module, Expression</keys>
</table>
</item>
<item name = "Memory"><table name="" hasTotal="1">
<keys size="10">Memory, Module, BRAM_18K, FF, LUT, URAM, Words, Bits, Banks, W*Bits*Banks</keys>
</table>
</item>
<item name = "FIFO"><table name="" hasTotal="1">
<keys size="8">Name, BRAM_18K, FF, LUT, URAM, Depth, Bits, Size:D*B</keys>
</table>
</item>
<item name = "Expression"><table name="" hasTotal="1">
<keys size="7">Variable Name, Operation, DSP, FF, LUT, Bitwidth P0, Bitwidth P1</keys>
<column name="add_ln384_1_fu_476_p2">+, 0, 0, 16, 9, 1</column>
<column name="add_ln384_fu_650_p2">+, 0, 0, 9, 2, 1</column>
<column name="add_ln385_fu_504_p2">+, 0, 0, 17, 10, 10</column>
<column name="add_ln388_1_fu_697_p2">+, 0, 0, 12, 5, 5</column>
<column name="add_ln388_2_fu_611_p2">+, 0, 0, 67, 60, 60</column>
<column name="add_ln388_3_fu_486_p2">+, 0, 0, 19, 12, 12</column>
<column name="add_ln388_fu_682_p2">+, 0, 0, 71, 64, 64</column>
<column name="add_ln566_fu_423_p2">+, 0, 0, 10, 3, 1</column>
<column name="icmp_ln384_1_fu_470_p2">icmp, 0, 0, 11, 9, 10</column>
<column name="icmp_ln384_fu_644_p2">icmp, 0, 0, 8, 2, 2</column>
<column name="icmp_ln388_fu_598_p2">icmp, 0, 0, 8, 3, 1</column>
<column name="icmp_ln566_fu_417_p2">icmp, 0, 0, 9, 3, 4</column>
<column name="lshr_ln388_fu_723_p2">lshr, 0, 0, 950, 256, 256</column>
</table>
</item>
<item name = "Multiplexer"><table name="" hasTotal="1">
<keys size="5">Name, LUT, Input Size, Bits, Total Bits</keys>
<column name="ap_NS_fsm">1195, 225, 1, 225</column>
<column name="ap_phi_mux_empty_64_phi_fu_287_p4">9, 2, 256, 512</column>
<column name="empty_64_reg_284">9, 2, 256, 512</column>
<column name="i_1_fu_156">9, 2, 3, 6</column>
<column name="i_2_fu_160">9, 2, 2, 4</column>
<column name="i_3_reg_260">9, 2, 9, 18</column>
<column name="m_axi_weights_ARADDR">37, 7, 64, 448</column>
<column name="m_axi_weights_ARBURST">20, 4, 2, 8</column>
<column name="m_axi_weights_ARCACHE">20, 4, 4, 16</column>
<column name="m_axi_weights_ARID">20, 4, 1, 4</column>
<column name="m_axi_weights_ARLEN">26, 5, 32, 160</column>
<column name="m_axi_weights_ARLOCK">20, 4, 2, 8</column>
<column name="m_axi_weights_ARPROT">20, 4, 3, 12</column>
<column name="m_axi_weights_ARQOS">20, 4, 4, 16</column>
<column name="m_axi_weights_ARREGION">20, 4, 4, 16</column>
<column name="m_axi_weights_ARSIZE">20, 4, 3, 12</column>
<column name="m_axi_weights_ARUSER">20, 4, 1, 4</column>
<column name="m_axi_weights_ARVALID">26, 5, 1, 5</column>
<column name="m_axi_weights_RREADY">26, 5, 1, 5</column>
<column name="shiftreg10_fu_152">9, 2, 128, 256</column>
<column name="shiftreg6_reg_272">9, 2, 224, 448</column>
<column name="weights_blk_n_AR">9, 2, 1, 2</column>
<column name="weights_blk_n_R">9, 2, 1, 2</column>
</table>
</item>
<item name = "Register"><table name="" hasTotal="1">
<keys size="5">Name, FF, LUT, Bits, Const Bits</keys>
<column name="add_ln384_1_reg_853">9, 0, 9, 0</column>
<column name="add_ln384_reg_920">2, 0, 2, 0</column>
<column name="add_ln388_1_reg_936">5, 0, 5, 0</column>
<column name="add_ln388_2_reg_892">60, 0, 60, 0</column>
<column name="add_ln566_reg_813">3, 0, 3, 0</column>
<column name="ap_CS_fsm">224, 0, 224, 0</column>
<column name="empty_64_reg_284">256, 0, 256, 0</column>
<column name="grp_load_params_Pipeline_VITIS_LOOP_384_1_fu_293_ap_start_reg">1, 0, 1, 0</column>
<column name="grp_load_params_Pipeline_VITIS_LOOP_385_25_fu_317_ap_start_reg">1, 0, 1, 0</column>
<column name="grp_load_params_Pipeline_VITIS_LOOP_385_2_fu_305_ap_start_reg">1, 0, 1, 0</column>
<column name="i_1_fu_156">3, 0, 3, 0</column>
<column name="i_2_fu_160">2, 0, 2, 0</column>
<column name="i_3_reg_260">9, 0, 9, 0</column>
<column name="i_4_reg_913">2, 0, 2, 0</column>
<column name="icmp_ln388_reg_883">1, 0, 1, 0</column>
<column name="lshr_ln388_3_reg_868">7, 0, 7, 0</column>
<column name="sext_ln566_reg_805">60, 0, 60, 0</column>
<column name="shiftreg10_fu_152">128, 0, 128, 0</column>
<column name="shiftreg6_reg_272">224, 0, 224, 0</column>
<column name="shl_ln385_1_reg_878">8, 0, 16, 8</column>
<column name="shl_ln_reg_828">2, 0, 10, 8</column>
<column name="siren_net_hidden_layers_linear_bias_V_addr_reg_858">10, 0, 10, 0</column>
<column name="tmp_6_reg_925">2, 0, 10, 8</column>
<column name="tmp_8_reg_873">10, 0, 18, 8</column>
<column name="trunc_ln384_1_reg_773">59, 0, 59, 0</column>
<column name="trunc_ln384_2_reg_840">59, 0, 59, 0</column>
<column name="trunc_ln386_reg_863">10, 0, 10, 0</column>
<column name="trunc_ln388_6_reg_931">59, 0, 59, 0</column>
<column name="trunc_ln388_reg_845">5, 0, 5, 0</column>
<column name="trunc_ln566_1_reg_800">59, 0, 59, 0</column>
<column name="trunc_ln566_reg_784">128, 0, 128, 0</column>
<column name="trunc_ln567_reg_823">2, 0, 2, 0</column>
<column name="trunc_ln_reg_768">59, 0, 59, 0</column>
<column name="weights_addr_2_read_reg_947">256, 0, 256, 0</column>
<column name="weights_addr_3_read_reg_903">256, 0, 256, 0</column>
<column name="zext_ln566_reg_818">3, 0, 12, 9</column>
</table>
</item>
</section>
</item>
</section>

<section name = "Interface" level="0">
<item name = "Summary"><table name="" hasTotal="0">
<keys size="6">RTL Ports, Dir, Bits, Protocol, Source Object, C Type</keys>
<column name="ap_clk">in, 1, ap_ctrl_hs, load_params, return value</column>
<column name="ap_rst">in, 1, ap_ctrl_hs, load_params, return value</column>
<column name="ap_start">in, 1, ap_ctrl_hs, load_params, return value</column>
<column name="ap_done">out, 1, ap_ctrl_hs, load_params, return value</column>
<column name="ap_idle">out, 1, ap_ctrl_hs, load_params, return value</column>
<column name="ap_ready">out, 1, ap_ctrl_hs, load_params, return value</column>
<column name="m_axi_weights_AWVALID">out, 1, m_axi, weights, pointer</column>
<column name="m_axi_weights_AWREADY">in, 1, m_axi, weights, pointer</column>
<column name="m_axi_weights_AWADDR">out, 64, m_axi, weights, pointer</column>
<column name="m_axi_weights_AWID">out, 1, m_axi, weights, pointer</column>
<column name="m_axi_weights_AWLEN">out, 32, m_axi, weights, pointer</column>
<column name="m_axi_weights_AWSIZE">out, 3, m_axi, weights, pointer</column>
<column name="m_axi_weights_AWBURST">out, 2, m_axi, weights, pointer</column>
<column name="m_axi_weights_AWLOCK">out, 2, m_axi, weights, pointer</column>
<column name="m_axi_weights_AWCACHE">out, 4, m_axi, weights, pointer</column>
<column name="m_axi_weights_AWPROT">out, 3, m_axi, weights, pointer</column>
<column name="m_axi_weights_AWQOS">out, 4, m_axi, weights, pointer</column>
<column name="m_axi_weights_AWREGION">out, 4, m_axi, weights, pointer</column>
<column name="m_axi_weights_AWUSER">out, 1, m_axi, weights, pointer</column>
<column name="m_axi_weights_WVALID">out, 1, m_axi, weights, pointer</column>
<column name="m_axi_weights_WREADY">in, 1, m_axi, weights, pointer</column>
<column name="m_axi_weights_WDATA">out, 256, m_axi, weights, pointer</column>
<column name="m_axi_weights_WSTRB">out, 32, m_axi, weights, pointer</column>
<column name="m_axi_weights_WLAST">out, 1, m_axi, weights, pointer</column>
<column name="m_axi_weights_WID">out, 1, m_axi, weights, pointer</column>
<column name="m_axi_weights_WUSER">out, 1, m_axi, weights, pointer</column>
<column name="m_axi_weights_ARVALID">out, 1, m_axi, weights, pointer</column>
<column name="m_axi_weights_ARREADY">in, 1, m_axi, weights, pointer</column>
<column name="m_axi_weights_ARADDR">out, 64, m_axi, weights, pointer</column>
<column name="m_axi_weights_ARID">out, 1, m_axi, weights, pointer</column>
<column name="m_axi_weights_ARLEN">out, 32, m_axi, weights, pointer</column>
<column name="m_axi_weights_ARSIZE">out, 3, m_axi, weights, pointer</column>
<column name="m_axi_weights_ARBURST">out, 2, m_axi, weights, pointer</column>
<column name="m_axi_weights_ARLOCK">out, 2, m_axi, weights, pointer</column>
<column name="m_axi_weights_ARCACHE">out, 4, m_axi, weights, pointer</column>
<column name="m_axi_weights_ARPROT">out, 3, m_axi, weights, pointer</column>
<column name="m_axi_weights_ARQOS">out, 4, m_axi, weights, pointer</column>
<column name="m_axi_weights_ARREGION">out, 4, m_axi, weights, pointer</column>
<column name="m_axi_weights_ARUSER">out, 1, m_axi, weights, pointer</column>
<column name="m_axi_weights_RVALID">in, 1, m_axi, weights, pointer</column>
<column name="m_axi_weights_RREADY">out, 1, m_axi, weights, pointer</column>
<column name="m_axi_weights_RDATA">in, 256, m_axi, weights, pointer</column>
<column name="m_axi_weights_RLAST">in, 1, m_axi, weights, pointer</column>
<column name="m_axi_weights_RID">in, 1, m_axi, weights, pointer</column>
<column name="m_axi_weights_RFIFONUM">in, 9, m_axi, weights, pointer</column>
<column name="m_axi_weights_RUSER">in, 1, m_axi, weights, pointer</column>
<column name="m_axi_weights_RRESP">in, 2, m_axi, weights, pointer</column>
<column name="m_axi_weights_BVALID">in, 1, m_axi, weights, pointer</column>
<column name="m_axi_weights_BREADY">out, 1, m_axi, weights, pointer</column>
<column name="m_axi_weights_BRESP">in, 2, m_axi, weights, pointer</column>
<column name="m_axi_weights_BID">in, 1, m_axi, weights, pointer</column>
<column name="m_axi_weights_BUSER">in, 1, m_axi, weights, pointer</column>
<column name="input_layer_weight">in, 64, ap_none, input_layer_weight, scalar</column>
<column name="input_layer_bias">in, 64, ap_none, input_layer_bias, scalar</column>
<column name="input_layer_w0">in, 32, ap_none, input_layer_w0, scalar</column>
<column name="hidden_layers_weight">in, 64, ap_none, hidden_layers_weight, scalar</column>
<column name="hidden_layers_bias">in, 64, ap_none, hidden_layers_bias, scalar</column>
<column name="hidden_layers_w0">in, 64, ap_none, hidden_layers_w0, scalar</column>
<column name="output_layer_weight">in, 64, ap_none, output_layer_weight, scalar</column>
<column name="output_layer_bias">in, 64, ap_none, output_layer_bias, scalar</column>
<column name="siren_net_input_layer_linear_bias_V_address0">out, 8, ap_memory, siren_net_input_layer_linear_bias_V, array</column>
<column name="siren_net_input_layer_linear_bias_V_ce0">out, 1, ap_memory, siren_net_input_layer_linear_bias_V, array</column>
<column name="siren_net_input_layer_linear_bias_V_we0">out, 1, ap_memory, siren_net_input_layer_linear_bias_V, array</column>
<column name="siren_net_input_layer_linear_bias_V_d0">out, 32, ap_memory, siren_net_input_layer_linear_bias_V, array</column>
<column name="siren_net_input_layer_linear_weight_V_address0">out, 9, ap_memory, siren_net_input_layer_linear_weight_V, array</column>
<column name="siren_net_input_layer_linear_weight_V_ce0">out, 1, ap_memory, siren_net_input_layer_linear_weight_V, array</column>
<column name="siren_net_input_layer_linear_weight_V_we0">out, 1, ap_memory, siren_net_input_layer_linear_weight_V, array</column>
<column name="siren_net_input_layer_linear_weight_V_d0">out, 32, ap_memory, siren_net_input_layer_linear_weight_V, array</column>
<column name="siren_net_input_layer_linear_weight_V_address1">out, 9, ap_memory, siren_net_input_layer_linear_weight_V, array</column>
<column name="siren_net_input_layer_linear_weight_V_ce1">out, 1, ap_memory, siren_net_input_layer_linear_weight_V, array</column>
<column name="siren_net_input_layer_linear_weight_V_we1">out, 1, ap_memory, siren_net_input_layer_linear_weight_V, array</column>
<column name="siren_net_input_layer_linear_weight_V_d1">out, 32, ap_memory, siren_net_input_layer_linear_weight_V, array</column>
<column name="siren_net_input_layer_sine_w0_V">out, 32, ap_vld, siren_net_input_layer_sine_w0_V, pointer</column>
<column name="siren_net_input_layer_sine_w0_V_ap_vld">out, 1, ap_vld, siren_net_input_layer_sine_w0_V, pointer</column>
<column name="siren_net_hidden_layers_linear_weight_V_address0">out, 18, ap_memory, siren_net_hidden_layers_linear_weight_V, array</column>
<column name="siren_net_hidden_layers_linear_weight_V_ce0">out, 1, ap_memory, siren_net_hidden_layers_linear_weight_V, array</column>
<column name="siren_net_hidden_layers_linear_weight_V_we0">out, 1, ap_memory, siren_net_hidden_layers_linear_weight_V, array</column>
<column name="siren_net_hidden_layers_linear_weight_V_d0">out, 32, ap_memory, siren_net_hidden_layers_linear_weight_V, array</column>
<column name="siren_net_hidden_layers_linear_bias_V_address0">out, 10, ap_memory, siren_net_hidden_layers_linear_bias_V, array</column>
<column name="siren_net_hidden_layers_linear_bias_V_ce0">out, 1, ap_memory, siren_net_hidden_layers_linear_bias_V, array</column>
<column name="siren_net_hidden_layers_linear_bias_V_we0">out, 1, ap_memory, siren_net_hidden_layers_linear_bias_V, array</column>
<column name="siren_net_hidden_layers_linear_bias_V_d0">out, 32, ap_memory, siren_net_hidden_layers_linear_bias_V, array</column>
<column name="siren_net_output_layer_weight_V_address0">out, 10, ap_memory, siren_net_output_layer_weight_V, array</column>
<column name="siren_net_output_layer_weight_V_ce0">out, 1, ap_memory, siren_net_output_layer_weight_V, array</column>
<column name="siren_net_output_layer_weight_V_we0">out, 1, ap_memory, siren_net_output_layer_weight_V, array</column>
<column name="siren_net_output_layer_weight_V_d0">out, 32, ap_memory, siren_net_output_layer_weight_V, array</column>
<column name="siren_net_output_layer_bias_V_0">out, 32, ap_vld, siren_net_output_layer_bias_V_0, pointer</column>
<column name="siren_net_output_layer_bias_V_0_ap_vld">out, 1, ap_vld, siren_net_output_layer_bias_V_0, pointer</column>
<column name="siren_net_output_layer_bias_V_1">out, 32, ap_vld, siren_net_output_layer_bias_V_1, pointer</column>
<column name="siren_net_output_layer_bias_V_1_ap_vld">out, 1, ap_vld, siren_net_output_layer_bias_V_1, pointer</column>
<column name="siren_net_output_layer_bias_V_2">out, 32, ap_vld, siren_net_output_layer_bias_V_2, pointer</column>
<column name="siren_net_output_layer_bias_V_2_ap_vld">out, 1, ap_vld, siren_net_output_layer_bias_V_2, pointer</column>
<column name="siren_net_hidden_layers_sine_w0_V_0">out, 32, ap_vld, siren_net_hidden_layers_sine_w0_V_0, pointer</column>
<column name="siren_net_hidden_layers_sine_w0_V_0_ap_vld">out, 1, ap_vld, siren_net_hidden_layers_sine_w0_V_0, pointer</column>
<column name="siren_net_hidden_layers_sine_w0_V_1">out, 32, ap_vld, siren_net_hidden_layers_sine_w0_V_1, pointer</column>
<column name="siren_net_hidden_layers_sine_w0_V_1_ap_vld">out, 1, ap_vld, siren_net_hidden_layers_sine_w0_V_1, pointer</column>
<column name="siren_net_hidden_layers_sine_w0_V_2">out, 32, ap_vld, siren_net_hidden_layers_sine_w0_V_2, pointer</column>
<column name="siren_net_hidden_layers_sine_w0_V_2_ap_vld">out, 1, ap_vld, siren_net_hidden_layers_sine_w0_V_2, pointer</column>
<column name="siren_net_hidden_layers_sine_w0_V_3">out, 32, ap_vld, siren_net_hidden_layers_sine_w0_V_3, pointer</column>
<column name="siren_net_hidden_layers_sine_w0_V_3_ap_vld">out, 1, ap_vld, siren_net_hidden_layers_sine_w0_V_3, pointer</column>
</table>
</item>
</section>
</profile>
