<profile>

<section name = "Vitis HLS Report for 'load_params_Pipeline_VITIS_LOOP_385_25'" level="0">
<item name = "Date">Fri Jul  7 13:57:08 2023
</item>
<item name = "Version">2022.2.2 (Build 3779808 on Feb 17 2023)</item>
<item name = "Project">model_top_vitis_hls_project</item>
<item name = "Solution">solution1 (Vitis Kernel Flow Target)</item>
<item name = "Product family">zynquplus</item>
<item name = "Target device">xczu9eg-ffvb1156-2-e</item>
</section>

<section name = "Performance Estimates" level="0">
<item name = "Timing">
<section name = "" level="1">
<item name = "Summary"><table name="" hasTotal="0">
<keys size="4">Clock, Target, Estimated, Uncertainty</keys>
<column name="ap_clk">3.33 ns, 2.431 ns, 0.90 ns</column>
</table>
</item>
</section>
</item>
<item name = "Latency">
<section name = "" level="1">
<item name = "Summary"><table name="" hasTotal="0">
<keys size="8">, min, max, min, max, min, max, Type</keys>
<column name="">329, 329, 1.096 us, 1.096 us, 329, 329, no</column>
</table>
</item>
<item name = "Detail">
<section name = "" level="1">
<item name = "Instance"><table name="" hasTotal="0">
<keys size="9">Instance, Module, min, max, min, max, min, max, Type</keys>
</table>
</item>
<item name = "Loop"><table name="" hasTotal="0">
<keys size="8">Loop Name, min, max, Latency, achieved, target, Count, Pipelined</keys>
<column name="- VITIS_LOOP_385_2">327, 327, 73, 1, 1, 256, yes</column>
</table>
</item>
</section>
</item>
</section>
</item>
</section>

<section name = "Utilization Estimates" level="0">
<item name = "Summary"><table name="" hasTotal="1">
<keys size="6">Name, BRAM_18K, DSP, FF, LUT, URAM</keys>
<column name="DSP">-, -, -, -, -</column>
<column name="Expression">-, -, 0, 148, -</column>
<column name="FIFO">-, -, -, -, -</column>
<column name="Instance">-, -, -, -, -</column>
<column name="Memory">-, -, -, -, -</column>
<column name="Multiplexer">-, -, -, 77, -</column>
<column name="Register">-, -, 898, 96, -</column>
<specialColumn name="Available">1824, 2520, 548160, 274080, 0</specialColumn>
<specialColumn name="Utilization (%)">0, 0, ~0, ~0, 0</specialColumn>
</table>
</item>
<item name = "Detail">
<section name = "" level="1">
<item name = "Instance"><table name="" hasTotal="1">
<keys size="7">Instance, Module, BRAM_18K, DSP, FF, LUT, URAM</keys>
</table>
</item>
<item name = "DSP"><table name="" hasTotal="0">
<keys size="3">Instance, Module, Expression</keys>
</table>
</item>
<item name = "Memory"><table name="" hasTotal="1">
<keys size="10">Memory, Module, BRAM_18K, FF, LUT, URAM, Words, Bits, Banks, W*Bits*Banks</keys>
</table>
</item>
<item name = "FIFO"><table name="" hasTotal="1">
<keys size="8">Name, BRAM_18K, FF, LUT, URAM, Depth, Bits, Size:D*B</keys>
</table>
</item>
<item name = "Expression"><table name="" hasTotal="1">
<keys size="7">Variable Name, Operation, DSP, FF, LUT, Bitwidth P0, Bitwidth P1</keys>
<column name="add_ln385_fu_157_p2">+, 0, 0, 16, 9, 1</column>
<column name="add_ln386_1_fu_167_p2">+, 0, 0, 17, 10, 10</column>
<column name="add_ln386_2_fu_203_p2">+, 0, 0, 67, 60, 60</column>
<column name="add_ln386_fu_177_p2">+, 0, 0, 17, 10, 10</column>
<column name="ap_block_state2_io">and, 0, 0, 2, 1, 1</column>
<column name="ap_block_state72_pp0_stage0_iter71">and, 0, 0, 2, 1, 1</column>
<column name="ap_predicate_op103_readreq_state2">and, 0, 0, 2, 1, 1</column>
<column name="ap_predicate_op173_read_state72">and, 0, 0, 2, 1, 1</column>
<column name="icmp_ln385_fu_151_p2">icmp, 0, 0, 11, 9, 10</column>
<column name="icmp_ln386_fu_197_p2">icmp, 0, 0, 8, 3, 1</column>
<column name="ap_block_pp0_stage0_11001">or, 0, 0, 2, 1, 1</column>
<column name="ap_enable_pp0">xor, 0, 0, 2, 1, 2</column>
</table>
</item>
<item name = "Multiplexer"><table name="" hasTotal="1">
<keys size="5">Name, LUT, Input Size, Bits, Total Bits</keys>
<column name="ap_done_int">9, 2, 1, 2</column>
<column name="ap_enable_reg_pp0_iter1">9, 2, 1, 2</column>
<column name="ap_phi_mux_empty_57_phi_fu_128_p4">14, 3, 256, 768</column>
<column name="ap_sig_allocacmp_j_1">9, 2, 9, 18</column>
<column name="j_fu_78">9, 2, 9, 18</column>
<column name="shiftreg_fu_74">9, 2, 224, 448</column>
<column name="weights_blk_n_AR">9, 2, 1, 2</column>
<column name="weights_blk_n_R">9, 2, 1, 2</column>
</table>
</item>
<item name = "Register"><table name="" hasTotal="1">
<keys size="5">Name, FF, LUT, Bits, Const Bits</keys>
<column name="add_ln386_1_reg_274">10, 0, 10, 0</column>
<column name="add_ln386_2_reg_283">60, 0, 60, 0</column>
<column name="ap_CS_fsm">1, 0, 1, 0</column>
<column name="ap_done_reg">1, 0, 1, 0</column>
<column name="ap_enable_reg_pp0_iter1">1, 0, 1, 0</column>
<column name="ap_enable_reg_pp0_iter10">1, 0, 1, 0</column>
<column name="ap_enable_reg_pp0_iter11">1, 0, 1, 0</column>
<column name="ap_enable_reg_pp0_iter12">1, 0, 1, 0</column>
<column name="ap_enable_reg_pp0_iter13">1, 0, 1, 0</column>
<column name="ap_enable_reg_pp0_iter14">1, 0, 1, 0</column>
<column name="ap_enable_reg_pp0_iter15">1, 0, 1, 0</column>
<column name="ap_enable_reg_pp0_iter16">1, 0, 1, 0</column>
<column name="ap_enable_reg_pp0_iter17">1, 0, 1, 0</column>
<column name="ap_enable_reg_pp0_iter18">1, 0, 1, 0</column>
<column name="ap_enable_reg_pp0_iter19">1, 0, 1, 0</column>
<column name="ap_enable_reg_pp0_iter2">1, 0, 1, 0</column>
<column name="ap_enable_reg_pp0_iter20">1, 0, 1, 0</column>
<column name="ap_enable_reg_pp0_iter21">1, 0, 1, 0</column>
<column name="ap_enable_reg_pp0_iter22">1, 0, 1, 0</column>
<column name="ap_enable_reg_pp0_iter23">1, 0, 1, 0</column>
<column name="ap_enable_reg_pp0_iter24">1, 0, 1, 0</column>
<column name="ap_enable_reg_pp0_iter25">1, 0, 1, 0</column>
<column name="ap_enable_reg_pp0_iter26">1, 0, 1, 0</column>
<column name="ap_enable_reg_pp0_iter27">1, 0, 1, 0</column>
<column name="ap_enable_reg_pp0_iter28">1, 0, 1, 0</column>
<column name="ap_enable_reg_pp0_iter29">1, 0, 1, 0</column>
<column name="ap_enable_reg_pp0_iter3">1, 0, 1, 0</column>
<column name="ap_enable_reg_pp0_iter30">1, 0, 1, 0</column>
<column name="ap_enable_reg_pp0_iter31">1, 0, 1, 0</column>
<column name="ap_enable_reg_pp0_iter32">1, 0, 1, 0</column>
<column name="ap_enable_reg_pp0_iter33">1, 0, 1, 0</column>
<column name="ap_enable_reg_pp0_iter34">1, 0, 1, 0</column>
<column name="ap_enable_reg_pp0_iter35">1, 0, 1, 0</column>
<column name="ap_enable_reg_pp0_iter36">1, 0, 1, 0</column>
<column name="ap_enable_reg_pp0_iter37">1, 0, 1, 0</column>
<column name="ap_enable_reg_pp0_iter38">1, 0, 1, 0</column>
<column name="ap_enable_reg_pp0_iter39">1, 0, 1, 0</column>
<column name="ap_enable_reg_pp0_iter4">1, 0, 1, 0</column>
<column name="ap_enable_reg_pp0_iter40">1, 0, 1, 0</column>
<column name="ap_enable_reg_pp0_iter41">1, 0, 1, 0</column>
<column name="ap_enable_reg_pp0_iter42">1, 0, 1, 0</column>
<column name="ap_enable_reg_pp0_iter43">1, 0, 1, 0</column>
<column name="ap_enable_reg_pp0_iter44">1, 0, 1, 0</column>
<column name="ap_enable_reg_pp0_iter45">1, 0, 1, 0</column>
<column name="ap_enable_reg_pp0_iter46">1, 0, 1, 0</column>
<column name="ap_enable_reg_pp0_iter47">1, 0, 1, 0</column>
<column name="ap_enable_reg_pp0_iter48">1, 0, 1, 0</column>
<column name="ap_enable_reg_pp0_iter49">1, 0, 1, 0</column>
<column name="ap_enable_reg_pp0_iter5">1, 0, 1, 0</column>
<column name="ap_enable_reg_pp0_iter50">1, 0, 1, 0</column>
<column name="ap_enable_reg_pp0_iter51">1, 0, 1, 0</column>
<column name="ap_enable_reg_pp0_iter52">1, 0, 1, 0</column>
<column name="ap_enable_reg_pp0_iter53">1, 0, 1, 0</column>
<column name="ap_enable_reg_pp0_iter54">1, 0, 1, 0</column>
<column name="ap_enable_reg_pp0_iter55">1, 0, 1, 0</column>
<column name="ap_enable_reg_pp0_iter56">1, 0, 1, 0</column>
<column name="ap_enable_reg_pp0_iter57">1, 0, 1, 0</column>
<column name="ap_enable_reg_pp0_iter58">1, 0, 1, 0</column>
<column name="ap_enable_reg_pp0_iter59">1, 0, 1, 0</column>
<column name="ap_enable_reg_pp0_iter6">1, 0, 1, 0</column>
<column name="ap_enable_reg_pp0_iter60">1, 0, 1, 0</column>
<column name="ap_enable_reg_pp0_iter61">1, 0, 1, 0</column>
<column name="ap_enable_reg_pp0_iter62">1, 0, 1, 0</column>
<column name="ap_enable_reg_pp0_iter63">1, 0, 1, 0</column>
<column name="ap_enable_reg_pp0_iter64">1, 0, 1, 0</column>
<column name="ap_enable_reg_pp0_iter65">1, 0, 1, 0</column>
<column name="ap_enable_reg_pp0_iter66">1, 0, 1, 0</column>
<column name="ap_enable_reg_pp0_iter67">1, 0, 1, 0</column>
<column name="ap_enable_reg_pp0_iter68">1, 0, 1, 0</column>
<column name="ap_enable_reg_pp0_iter69">1, 0, 1, 0</column>
<column name="ap_enable_reg_pp0_iter7">1, 0, 1, 0</column>
<column name="ap_enable_reg_pp0_iter70">1, 0, 1, 0</column>
<column name="ap_enable_reg_pp0_iter71">1, 0, 1, 0</column>
<column name="ap_enable_reg_pp0_iter72">1, 0, 1, 0</column>
<column name="ap_enable_reg_pp0_iter8">1, 0, 1, 0</column>
<column name="ap_enable_reg_pp0_iter9">1, 0, 1, 0</column>
<column name="ap_loop_exit_ready_pp0_iter10_reg">1, 0, 1, 0</column>
<column name="ap_loop_exit_ready_pp0_iter11_reg">1, 0, 1, 0</column>
<column name="ap_loop_exit_ready_pp0_iter12_reg">1, 0, 1, 0</column>
<column name="ap_loop_exit_ready_pp0_iter13_reg">1, 0, 1, 0</column>
<column name="ap_loop_exit_ready_pp0_iter14_reg">1, 0, 1, 0</column>
<column name="ap_loop_exit_ready_pp0_iter15_reg">1, 0, 1, 0</column>
<column name="ap_loop_exit_ready_pp0_iter16_reg">1, 0, 1, 0</column>
<column name="ap_loop_exit_ready_pp0_iter17_reg">1, 0, 1, 0</column>
<column name="ap_loop_exit_ready_pp0_iter18_reg">1, 0, 1, 0</column>
<column name="ap_loop_exit_ready_pp0_iter19_reg">1, 0, 1, 0</column>
<column name="ap_loop_exit_ready_pp0_iter1_reg">1, 0, 1, 0</column>
<column name="ap_loop_exit_ready_pp0_iter20_reg">1, 0, 1, 0</column>
<column name="ap_loop_exit_ready_pp0_iter21_reg">1, 0, 1, 0</column>
<column name="ap_loop_exit_ready_pp0_iter22_reg">1, 0, 1, 0</column>
<column name="ap_loop_exit_ready_pp0_iter23_reg">1, 0, 1, 0</column>
<column name="ap_loop_exit_ready_pp0_iter24_reg">1, 0, 1, 0</column>
<column name="ap_loop_exit_ready_pp0_iter25_reg">1, 0, 1, 0</column>
<column name="ap_loop_exit_ready_pp0_iter26_reg">1, 0, 1, 0</column>
<column name="ap_loop_exit_ready_pp0_iter27_reg">1, 0, 1, 0</column>
<column name="ap_loop_exit_ready_pp0_iter28_reg">1, 0, 1, 0</column>
<column name="ap_loop_exit_ready_pp0_iter29_reg">1, 0, 1, 0</column>
<column name="ap_loop_exit_ready_pp0_iter2_reg">1, 0, 1, 0</column>
<column name="ap_loop_exit_ready_pp0_iter30_reg">1, 0, 1, 0</column>
<column name="ap_loop_exit_ready_pp0_iter31_reg">1, 0, 1, 0</column>
<column name="ap_loop_exit_ready_pp0_iter32_reg">1, 0, 1, 0</column>
<column name="ap_loop_exit_ready_pp0_iter33_reg">1, 0, 1, 0</column>
<column name="ap_loop_exit_ready_pp0_iter34_reg">1, 0, 1, 0</column>
<column name="ap_loop_exit_ready_pp0_iter35_reg">1, 0, 1, 0</column>
<column name="ap_loop_exit_ready_pp0_iter36_reg">1, 0, 1, 0</column>
<column name="ap_loop_exit_ready_pp0_iter37_reg">1, 0, 1, 0</column>
<column name="ap_loop_exit_ready_pp0_iter38_reg">1, 0, 1, 0</column>
<column name="ap_loop_exit_ready_pp0_iter39_reg">1, 0, 1, 0</column>
<column name="ap_loop_exit_ready_pp0_iter3_reg">1, 0, 1, 0</column>
<column name="ap_loop_exit_ready_pp0_iter40_reg">1, 0, 1, 0</column>
<column name="ap_loop_exit_ready_pp0_iter41_reg">1, 0, 1, 0</column>
<column name="ap_loop_exit_ready_pp0_iter42_reg">1, 0, 1, 0</column>
<column name="ap_loop_exit_ready_pp0_iter43_reg">1, 0, 1, 0</column>
<column name="ap_loop_exit_ready_pp0_iter44_reg">1, 0, 1, 0</column>
<column name="ap_loop_exit_ready_pp0_iter45_reg">1, 0, 1, 0</column>
<column name="ap_loop_exit_ready_pp0_iter46_reg">1, 0, 1, 0</column>
<column name="ap_loop_exit_ready_pp0_iter47_reg">1, 0, 1, 0</column>
<column name="ap_loop_exit_ready_pp0_iter48_reg">1, 0, 1, 0</column>
<column name="ap_loop_exit_ready_pp0_iter49_reg">1, 0, 1, 0</column>
<column name="ap_loop_exit_ready_pp0_iter4_reg">1, 0, 1, 0</column>
<column name="ap_loop_exit_ready_pp0_iter50_reg">1, 0, 1, 0</column>
<column name="ap_loop_exit_ready_pp0_iter51_reg">1, 0, 1, 0</column>
<column name="ap_loop_exit_ready_pp0_iter52_reg">1, 0, 1, 0</column>
<column name="ap_loop_exit_ready_pp0_iter53_reg">1, 0, 1, 0</column>
<column name="ap_loop_exit_ready_pp0_iter54_reg">1, 0, 1, 0</column>
<column name="ap_loop_exit_ready_pp0_iter55_reg">1, 0, 1, 0</column>
<column name="ap_loop_exit_ready_pp0_iter56_reg">1, 0, 1, 0</column>
<column name="ap_loop_exit_ready_pp0_iter57_reg">1, 0, 1, 0</column>
<column name="ap_loop_exit_ready_pp0_iter58_reg">1, 0, 1, 0</column>
<column name="ap_loop_exit_ready_pp0_iter59_reg">1, 0, 1, 0</column>
<column name="ap_loop_exit_ready_pp0_iter5_reg">1, 0, 1, 0</column>
<column name="ap_loop_exit_ready_pp0_iter60_reg">1, 0, 1, 0</column>
<column name="ap_loop_exit_ready_pp0_iter61_reg">1, 0, 1, 0</column>
<column name="ap_loop_exit_ready_pp0_iter62_reg">1, 0, 1, 0</column>
<column name="ap_loop_exit_ready_pp0_iter63_reg">1, 0, 1, 0</column>
<column name="ap_loop_exit_ready_pp0_iter64_reg">1, 0, 1, 0</column>
<column name="ap_loop_exit_ready_pp0_iter65_reg">1, 0, 1, 0</column>
<column name="ap_loop_exit_ready_pp0_iter66_reg">1, 0, 1, 0</column>
<column name="ap_loop_exit_ready_pp0_iter67_reg">1, 0, 1, 0</column>
<column name="ap_loop_exit_ready_pp0_iter68_reg">1, 0, 1, 0</column>
<column name="ap_loop_exit_ready_pp0_iter69_reg">1, 0, 1, 0</column>
<column name="ap_loop_exit_ready_pp0_iter6_reg">1, 0, 1, 0</column>
<column name="ap_loop_exit_ready_pp0_iter70_reg">1, 0, 1, 0</column>
<column name="ap_loop_exit_ready_pp0_iter71_reg">1, 0, 1, 0</column>
<column name="ap_loop_exit_ready_pp0_iter7_reg">1, 0, 1, 0</column>
<column name="ap_loop_exit_ready_pp0_iter8_reg">1, 0, 1, 0</column>
<column name="ap_loop_exit_ready_pp0_iter9_reg">1, 0, 1, 0</column>
<column name="icmp_ln385_reg_270">1, 0, 1, 0</column>
<column name="icmp_ln386_reg_279">1, 0, 1, 0</column>
<column name="j_fu_78">9, 0, 9, 0</column>
<column name="shiftreg_fu_74">224, 0, 224, 0</column>
<column name="weights_addr_read_reg_294">256, 0, 256, 0</column>
<column name="add_ln386_1_reg_274">64, 32, 10, 0</column>
<column name="icmp_ln385_reg_270">64, 32, 1, 0</column>
<column name="icmp_ln386_reg_279">64, 32, 1, 0</column>
</table>
</item>
</section>
</item>
</section>

<section name = "Interface" level="0">
<item name = "Summary"><table name="" hasTotal="0">
<keys size="6">RTL Ports, Dir, Bits, Protocol, Source Object, C Type</keys>
<column name="ap_clk">in, 1, ap_ctrl_hs, load_params_Pipeline_VITIS_LOOP_385_25, return value</column>
<column name="ap_rst">in, 1, ap_ctrl_hs, load_params_Pipeline_VITIS_LOOP_385_25, return value</column>
<column name="ap_start">in, 1, ap_ctrl_hs, load_params_Pipeline_VITIS_LOOP_385_25, return value</column>
<column name="ap_done">out, 1, ap_ctrl_hs, load_params_Pipeline_VITIS_LOOP_385_25, return value</column>
<column name="ap_idle">out, 1, ap_ctrl_hs, load_params_Pipeline_VITIS_LOOP_385_25, return value</column>
<column name="ap_ready">out, 1, ap_ctrl_hs, load_params_Pipeline_VITIS_LOOP_385_25, return value</column>
<column name="m_axi_weights_AWVALID">out, 1, m_axi, weights, pointer</column>
<column name="m_axi_weights_AWREADY">in, 1, m_axi, weights, pointer</column>
<column name="m_axi_weights_AWADDR">out, 64, m_axi, weights, pointer</column>
<column name="m_axi_weights_AWID">out, 1, m_axi, weights, pointer</column>
<column name="m_axi_weights_AWLEN">out, 32, m_axi, weights, pointer</column>
<column name="m_axi_weights_AWSIZE">out, 3, m_axi, weights, pointer</column>
<column name="m_axi_weights_AWBURST">out, 2, m_axi, weights, pointer</column>
<column name="m_axi_weights_AWLOCK">out, 2, m_axi, weights, pointer</column>
<column name="m_axi_weights_AWCACHE">out, 4, m_axi, weights, pointer</column>
<column name="m_axi_weights_AWPROT">out, 3, m_axi, weights, pointer</column>
<column name="m_axi_weights_AWQOS">out, 4, m_axi, weights, pointer</column>
<column name="m_axi_weights_AWREGION">out, 4, m_axi, weights, pointer</column>
<column name="m_axi_weights_AWUSER">out, 1, m_axi, weights, pointer</column>
<column name="m_axi_weights_WVALID">out, 1, m_axi, weights, pointer</column>
<column name="m_axi_weights_WREADY">in, 1, m_axi, weights, pointer</column>
<column name="m_axi_weights_WDATA">out, 256, m_axi, weights, pointer</column>
<column name="m_axi_weights_WSTRB">out, 32, m_axi, weights, pointer</column>
<column name="m_axi_weights_WLAST">out, 1, m_axi, weights, pointer</column>
<column name="m_axi_weights_WID">out, 1, m_axi, weights, pointer</column>
<column name="m_axi_weights_WUSER">out, 1, m_axi, weights, pointer</column>
<column name="m_axi_weights_ARVALID">out, 1, m_axi, weights, pointer</column>
<column name="m_axi_weights_ARREADY">in, 1, m_axi, weights, pointer</column>
<column name="m_axi_weights_ARADDR">out, 64, m_axi, weights, pointer</column>
<column name="m_axi_weights_ARID">out, 1, m_axi, weights, pointer</column>
<column name="m_axi_weights_ARLEN">out, 32, m_axi, weights, pointer</column>
<column name="m_axi_weights_ARSIZE">out, 3, m_axi, weights, pointer</column>
<column name="m_axi_weights_ARBURST">out, 2, m_axi, weights, pointer</column>
<column name="m_axi_weights_ARLOCK">out, 2, m_axi, weights, pointer</column>
<column name="m_axi_weights_ARCACHE">out, 4, m_axi, weights, pointer</column>
<column name="m_axi_weights_ARPROT">out, 3, m_axi, weights, pointer</column>
<column name="m_axi_weights_ARQOS">out, 4, m_axi, weights, pointer</column>
<column name="m_axi_weights_ARREGION">out, 4, m_axi, weights, pointer</column>
<column name="m_axi_weights_ARUSER">out, 1, m_axi, weights, pointer</column>
<column name="m_axi_weights_RVALID">in, 1, m_axi, weights, pointer</column>
<column name="m_axi_weights_RREADY">out, 1, m_axi, weights, pointer</column>
<column name="m_axi_weights_RDATA">in, 256, m_axi, weights, pointer</column>
<column name="m_axi_weights_RLAST">in, 1, m_axi, weights, pointer</column>
<column name="m_axi_weights_RID">in, 1, m_axi, weights, pointer</column>
<column name="m_axi_weights_RFIFONUM">in, 9, m_axi, weights, pointer</column>
<column name="m_axi_weights_RUSER">in, 1, m_axi, weights, pointer</column>
<column name="m_axi_weights_RRESP">in, 2, m_axi, weights, pointer</column>
<column name="m_axi_weights_BVALID">in, 1, m_axi, weights, pointer</column>
<column name="m_axi_weights_BREADY">out, 1, m_axi, weights, pointer</column>
<column name="m_axi_weights_BRESP">in, 2, m_axi, weights, pointer</column>
<column name="m_axi_weights_BID">in, 1, m_axi, weights, pointer</column>
<column name="m_axi_weights_BUSER">in, 1, m_axi, weights, pointer</column>
<column name="zext_ln386_3">in, 10, ap_none, zext_ln386_3, scalar</column>
<column name="tmp_6">in, 10, ap_none, tmp_6, scalar</column>
<column name="sext_ln388_1">in, 59, ap_none, sext_ln388_1, scalar</column>
<column name="siren_net_output_layer_weight_V_address0">out, 10, ap_memory, siren_net_output_layer_weight_V, array</column>
<column name="siren_net_output_layer_weight_V_ce0">out, 1, ap_memory, siren_net_output_layer_weight_V, array</column>
<column name="siren_net_output_layer_weight_V_we0">out, 1, ap_memory, siren_net_output_layer_weight_V, array</column>
<column name="siren_net_output_layer_weight_V_d0">out, 32, ap_memory, siren_net_output_layer_weight_V, array</column>
</table>
</item>
</section>
</profile>
