<dict>
  <key>main-file</key>
  <string>model.cpp</string>
  <key>diagnostics</key>
  <array>
    <dict>
      <key>level</key>
      <string>warning</string>
      <key>filename</key>
      <string>./model.h</string>
      <key>line</key>
      <integer>31</integer>
      <key>column</key>
      <integer>13</integer>
      <key>message</key>
      <string>Fixed point model</string>
      <key>ID</key>
      <integer>1022</integer>
      <key>WarningOption</key>
      <string>#pragma-messages</string>
    </dict>
  </array>
</dict>
