<root versionMajor = "1" versionMinor = "5">
  <kernel src_name="siren_test_model" language="c" hwCtrl="ap_ctrl_chain" mem_layout="fpga64-xilinx-none">
    <args>
      <arg id="0" access_type="rw" src_name="x_in" src_type="ap_fixed&lt;32, 16, AP_TRN, AP_WRAP, 0&gt;*" src_isptr="1" src_bitwidth="32" src_size_or_depth="2">
        <hw hw_usage="data" hw_interface="MAXI" hw_name="inout1" hw_bitwidth="64" hw_size_or_depth="0" hw_kernel_support="true">
          <constraint constraint_type="pragma interface" mode="m_axi" register_option="0" offset="slave" latency="64" num_read_outstanding="16" num_write_outstanding="16" max_read_burst_length="16" max_write_burst_length="16" max_widen_bitwidth="256"/>
          <constraint constraint_type="bitwidth" orig_bitwidth="32" final_bitwidth="64"/>
        </hw>
        <hw hw_usage="address" hw_interface="S_AXILite" hw_name="control" hw_bitwidth="64" hw_size_or_depth="0" hw_kernel_support="true">
          <constraint constraint_type="pragma interface" mode="s_axilite" register_option="0" offset="16"/>
        </hw>
      </arg>
      <arg id="1" access_type="rw" src_name="x_out" src_type="ap_fixed&lt;32, 16, AP_TRN, AP_WRAP, 0&gt;*" src_isptr="1" src_bitwidth="32" src_size_or_depth="3">
        <hw hw_usage="data" hw_interface="MAXI" hw_name="inout1" hw_bitwidth="64" hw_size_or_depth="0" hw_kernel_support="true">
          <constraint constraint_type="pragma interface" mode="m_axi" register_option="0" offset="slave" latency="64" num_read_outstanding="16" num_write_outstanding="16" max_read_burst_length="16" max_write_burst_length="16" max_widen_bitwidth="256"/>
          <constraint constraint_type="bitwidth" orig_bitwidth="32" final_bitwidth="64"/>
        </hw>
        <hw hw_usage="address" hw_interface="S_AXILite" hw_name="control" hw_bitwidth="64" hw_size_or_depth="0" hw_kernel_support="true">
          <constraint constraint_type="pragma interface" mode="s_axilite" register_option="0" offset="28"/>
        </hw>
      </arg>
      <arg id="2" access_type="r" src_name="load_parameters_flag" src_type="int" src_isptr="0" src_bitwidth="32" src_size_or_depth="1">
        <hw hw_usage="data" hw_interface="S_AXILite" hw_name="control" hw_bitwidth="32" hw_size_or_depth="1" hw_kernel_support="true">
          <constraint constraint_type="pragma interface" mode="s_axilite" register_option="0" offset="40"/>
        </hw>
      </arg>
      <arg id="3" access_type="r" src_name="input_layer_weight_in" src_type="ap_fixed&lt;32, 16, AP_TRN, AP_WRAP, 0&gt;*" src_isptr="1" src_bitwidth="32" src_size_or_depth="512">
        <hw hw_usage="data" hw_interface="MAXI" hw_name="weights" hw_bitwidth="256" hw_size_or_depth="0" hw_kernel_support="true">
          <constraint constraint_type="pragma interface" mode="m_axi" register_option="0" offset="slave" latency="64" num_read_outstanding="16" num_write_outstanding="16" max_read_burst_length="16" max_write_burst_length="16" max_widen_bitwidth="256"/>
          <constraint constraint_type="bitwidth" orig_bitwidth="32" final_bitwidth="256"/>
        </hw>
        <hw hw_usage="address" hw_interface="S_AXILite" hw_name="control" hw_bitwidth="256" hw_size_or_depth="0" hw_kernel_support="true">
          <constraint constraint_type="pragma interface" mode="s_axilite" register_option="0" offset="48"/>
        </hw>
      </arg>
      <arg id="4" access_type="r" src_name="input_layer_bias_in" src_type="ap_fixed&lt;32, 16, AP_TRN, AP_WRAP, 0&gt;*" src_isptr="1" src_bitwidth="32" src_size_or_depth="256">
        <hw hw_usage="data" hw_interface="MAXI" hw_name="weights" hw_bitwidth="256" hw_size_or_depth="0" hw_kernel_support="true">
          <constraint constraint_type="pragma interface" mode="m_axi" register_option="0" offset="slave" latency="64" num_read_outstanding="16" num_write_outstanding="16" max_read_burst_length="16" max_write_burst_length="16" max_widen_bitwidth="256"/>
          <constraint constraint_type="bitwidth" orig_bitwidth="32" final_bitwidth="256"/>
        </hw>
        <hw hw_usage="address" hw_interface="S_AXILite" hw_name="control" hw_bitwidth="256" hw_size_or_depth="0" hw_kernel_support="true">
          <constraint constraint_type="pragma interface" mode="s_axilite" register_option="0" offset="60"/>
        </hw>
      </arg>
      <arg id="5" access_type="r" src_name="input_layer_w0_in" src_type="ap_fixed&lt;32, 16, AP_TRN, AP_WRAP, 0&gt;*" src_isptr="1" src_bitwidth="32" src_size_or_depth="1">
        <hw hw_usage="data" hw_interface="MAXI" hw_name="weights" hw_bitwidth="256" hw_size_or_depth="0" hw_kernel_support="true">
          <constraint constraint_type="pragma interface" mode="m_axi" register_option="0" offset="slave" latency="64" num_read_outstanding="16" num_write_outstanding="16" max_read_burst_length="16" max_write_burst_length="16" max_widen_bitwidth="256"/>
          <constraint constraint_type="bitwidth" orig_bitwidth="32" final_bitwidth="256"/>
        </hw>
        <hw hw_usage="address" hw_interface="S_AXILite" hw_name="control" hw_bitwidth="256" hw_size_or_depth="0" hw_kernel_support="true">
          <constraint constraint_type="pragma interface" mode="s_axilite" register_option="0" offset="72"/>
        </hw>
      </arg>
      <arg id="6" access_type="r" src_name="hidden_layers_weight_in" src_type="ap_fixed&lt;32, 16, AP_TRN, AP_WRAP, 0&gt;*" src_isptr="1" src_bitwidth="32" src_size_or_depth="262144">
        <hw hw_usage="data" hw_interface="MAXI" hw_name="weights" hw_bitwidth="256" hw_size_or_depth="0" hw_kernel_support="true">
          <constraint constraint_type="pragma interface" mode="m_axi" register_option="0" offset="slave" latency="64" num_read_outstanding="16" num_write_outstanding="16" max_read_burst_length="16" max_write_burst_length="16" max_widen_bitwidth="256"/>
          <constraint constraint_type="bitwidth" orig_bitwidth="32" final_bitwidth="256"/>
        </hw>
        <hw hw_usage="address" hw_interface="S_AXILite" hw_name="control" hw_bitwidth="256" hw_size_or_depth="0" hw_kernel_support="true">
          <constraint constraint_type="pragma interface" mode="s_axilite" register_option="0" offset="84"/>
        </hw>
      </arg>
      <arg id="7" access_type="r" src_name="hidden_layers_bias_in" src_type="ap_fixed&lt;32, 16, AP_TRN, AP_WRAP, 0&gt;*" src_isptr="1" src_bitwidth="32" src_size_or_depth="1024">
        <hw hw_usage="data" hw_interface="MAXI" hw_name="weights" hw_bitwidth="256" hw_size_or_depth="0" hw_kernel_support="true">
          <constraint constraint_type="pragma interface" mode="m_axi" register_option="0" offset="slave" latency="64" num_read_outstanding="16" num_write_outstanding="16" max_read_burst_length="16" max_write_burst_length="16" max_widen_bitwidth="256"/>
          <constraint constraint_type="bitwidth" orig_bitwidth="32" final_bitwidth="256"/>
        </hw>
        <hw hw_usage="address" hw_interface="S_AXILite" hw_name="control" hw_bitwidth="256" hw_size_or_depth="0" hw_kernel_support="true">
          <constraint constraint_type="pragma interface" mode="s_axilite" register_option="0" offset="96"/>
        </hw>
      </arg>
      <arg id="8" access_type="r" src_name="hidden_layers_w0_in" src_type="ap_fixed&lt;32, 16, AP_TRN, AP_WRAP, 0&gt;*" src_isptr="1" src_bitwidth="32" src_size_or_depth="4">
        <hw hw_usage="data" hw_interface="MAXI" hw_name="weights" hw_bitwidth="256" hw_size_or_depth="0" hw_kernel_support="true">
          <constraint constraint_type="pragma interface" mode="m_axi" register_option="0" offset="slave" latency="64" num_read_outstanding="16" num_write_outstanding="16" max_read_burst_length="16" max_write_burst_length="16" max_widen_bitwidth="256"/>
          <constraint constraint_type="bitwidth" orig_bitwidth="32" final_bitwidth="256"/>
        </hw>
        <hw hw_usage="address" hw_interface="S_AXILite" hw_name="control" hw_bitwidth="256" hw_size_or_depth="0" hw_kernel_support="true">
          <constraint constraint_type="pragma interface" mode="s_axilite" register_option="0" offset="108"/>
        </hw>
      </arg>
      <arg id="9" access_type="r" src_name="output_layer_weight_in" src_type="ap_fixed&lt;32, 16, AP_TRN, AP_WRAP, 0&gt;*" src_isptr="1" src_bitwidth="32" src_size_or_depth="768">
        <hw hw_usage="data" hw_interface="MAXI" hw_name="weights" hw_bitwidth="256" hw_size_or_depth="0" hw_kernel_support="true">
          <constraint constraint_type="pragma interface" mode="m_axi" register_option="0" offset="slave" latency="64" num_read_outstanding="16" num_write_outstanding="16" max_read_burst_length="16" max_write_burst_length="16" max_widen_bitwidth="256"/>
          <constraint constraint_type="bitwidth" orig_bitwidth="32" final_bitwidth="256"/>
        </hw>
        <hw hw_usage="address" hw_interface="S_AXILite" hw_name="control" hw_bitwidth="256" hw_size_or_depth="0" hw_kernel_support="true">
          <constraint constraint_type="pragma interface" mode="s_axilite" register_option="0" offset="120"/>
        </hw>
      </arg>
      <arg id="10" access_type="r" src_name="output_layer_bias_in" src_type="ap_fixed&lt;32, 16, AP_TRN, AP_WRAP, 0&gt;*" src_isptr="1" src_bitwidth="32" src_size_or_depth="3">
        <hw hw_usage="data" hw_interface="MAXI" hw_name="weights" hw_bitwidth="256" hw_size_or_depth="0" hw_kernel_support="true">
          <constraint constraint_type="pragma interface" mode="m_axi" register_option="0" offset="slave" latency="64" num_read_outstanding="16" num_write_outstanding="16" max_read_burst_length="16" max_write_burst_length="16" max_widen_bitwidth="256"/>
          <constraint constraint_type="bitwidth" orig_bitwidth="32" final_bitwidth="256"/>
        </hw>
        <hw hw_usage="address" hw_interface="S_AXILite" hw_name="control" hw_bitwidth="256" hw_size_or_depth="0" hw_kernel_support="true">
          <constraint constraint_type="pragma interface" mode="s_axilite" register_option="0" offset="132"/>
        </hw>
      </arg>
    </args>
    <return src_type="void" src_bitwidth="0" offset="0x0">
      <hw hw_usage="data" hw_interface="" hw_name="" hw_bitwidth="0" hw_kernel_support="true"/>
    </return>
  </kernel>
</root>
