{
  "Top": "siren_test_model",
  "RtlTop": "siren_test_model",
  "RtlPrefix": "",
  "RtlSubPrefix": "siren_test_model_",
  "SourceLanguage": "cpp",
  "HostMachineBits": "64",
  "FunctionProtocol": "ap_ctrl_chain",
  "ResetStyle": "control",
  "Target": {
    "Family": "zynquplus",
    "Device": "xczu9eg",
    "Package": "-ffvb1156",
    "Speed": "-2-e",
    "Triple": "fpga64-xilinx-none"
  },
  "Args": {
    "x_in": {
      "index": "0",
      "direction": "inout",
      "srcType": "ap_fixed<32, 16, AP_TRN, AP_WRAP, 0>*",
      "srcSize": "32",
      "hwRefs": [
        {
          "type": "interface",
          "interface": "m_axi_inout1",
          "name": "",
          "usage": "data",
          "direction": "inout"
        },
        {
          "type": "register",
          "interface": "s_axi_control",
          "name": "x_in_1",
          "usage": "address",
          "direction": "in"
        },
        {
          "type": "register",
          "interface": "s_axi_control",
          "name": "x_in_2",
          "usage": "address",
          "direction": "in"
        }
      ]
    },
    "x_out": {
      "index": "1",
      "direction": "inout",
      "srcType": "ap_fixed<32, 16, AP_TRN, AP_WRAP, 0>*",
      "srcSize": "32",
      "hwRefs": [
        {
          "type": "interface",
          "interface": "m_axi_inout1",
          "name": "",
          "usage": "data",
          "direction": "inout"
        },
        {
          "type": "register",
          "interface": "s_axi_control",
          "name": "x_out_1",
          "usage": "address",
          "direction": "in"
        },
        {
          "type": "register",
          "interface": "s_axi_control",
          "name": "x_out_2",
          "usage": "address",
          "direction": "in"
        }
      ]
    },
    "load_parameters_flag": {
      "index": "2",
      "direction": "in",
      "srcType": "int",
      "srcSize": "32",
      "hwRefs": [{
          "type": "register",
          "interface": "s_axi_control",
          "name": "load_parameters_flag",
          "usage": "data",
          "direction": "in"
        }]
    },
    "input_layer_weight_in": {
      "index": "3",
      "direction": "in",
      "srcType": "ap_fixed<32, 16, AP_TRN, AP_WRAP, 0>*",
      "srcSize": "32",
      "hwRefs": [
        {
          "type": "interface",
          "interface": "m_axi_weights",
          "name": "",
          "usage": "data",
          "direction": "in"
        },
        {
          "type": "register",
          "interface": "s_axi_control",
          "name": "input_layer_weight_in_1",
          "usage": "address",
          "direction": "in"
        },
        {
          "type": "register",
          "interface": "s_axi_control",
          "name": "input_layer_weight_in_2",
          "usage": "address",
          "direction": "in"
        }
      ]
    },
    "input_layer_bias_in": {
      "index": "4",
      "direction": "in",
      "srcType": "ap_fixed<32, 16, AP_TRN, AP_WRAP, 0>*",
      "srcSize": "32",
      "hwRefs": [
        {
          "type": "interface",
          "interface": "m_axi_weights",
          "name": "",
          "usage": "data",
          "direction": "in"
        },
        {
          "type": "register",
          "interface": "s_axi_control",
          "name": "input_layer_bias_in_1",
          "usage": "address",
          "direction": "in"
        },
        {
          "type": "register",
          "interface": "s_axi_control",
          "name": "input_layer_bias_in_2",
          "usage": "address",
          "direction": "in"
        }
      ]
    },
    "input_layer_w0_in": {
      "index": "5",
      "direction": "in",
      "srcType": "ap_fixed<32, 16, AP_TRN, AP_WRAP, 0>*",
      "srcSize": "32",
      "hwRefs": [
        {
          "type": "interface",
          "interface": "m_axi_weights",
          "name": "",
          "usage": "data",
          "direction": "in"
        },
        {
          "type": "register",
          "interface": "s_axi_control",
          "name": "input_layer_w0_in_1",
          "usage": "address",
          "direction": "in"
        },
        {
          "type": "register",
          "interface": "s_axi_control",
          "name": "input_layer_w0_in_2",
          "usage": "address",
          "direction": "in"
        }
      ]
    },
    "hidden_layers_weight_in": {
      "index": "6",
      "direction": "in",
      "srcType": "ap_fixed<32, 16, AP_TRN, AP_WRAP, 0>*",
      "srcSize": "32",
      "hwRefs": [
        {
          "type": "interface",
          "interface": "m_axi_weights",
          "name": "",
          "usage": "data",
          "direction": "in"
        },
        {
          "type": "register",
          "interface": "s_axi_control",
          "name": "hidden_layers_weight_in_1",
          "usage": "address",
          "direction": "in"
        },
        {
          "type": "register",
          "interface": "s_axi_control",
          "name": "hidden_layers_weight_in_2",
          "usage": "address",
          "direction": "in"
        }
      ]
    },
    "hidden_layers_bias_in": {
      "index": "7",
      "direction": "in",
      "srcType": "ap_fixed<32, 16, AP_TRN, AP_WRAP, 0>*",
      "srcSize": "32",
      "hwRefs": [
        {
          "type": "interface",
          "interface": "m_axi_weights",
          "name": "",
          "usage": "data",
          "direction": "in"
        },
        {
          "type": "register",
          "interface": "s_axi_control",
          "name": "hidden_layers_bias_in_1",
          "usage": "address",
          "direction": "in"
        },
        {
          "type": "register",
          "interface": "s_axi_control",
          "name": "hidden_layers_bias_in_2",
          "usage": "address",
          "direction": "in"
        }
      ]
    },
    "hidden_layers_w0_in": {
      "index": "8",
      "direction": "in",
      "srcType": "ap_fixed<32, 16, AP_TRN, AP_WRAP, 0>*",
      "srcSize": "32",
      "hwRefs": [
        {
          "type": "interface",
          "interface": "m_axi_weights",
          "name": "",
          "usage": "data",
          "direction": "in"
        },
        {
          "type": "register",
          "interface": "s_axi_control",
          "name": "hidden_layers_w0_in_1",
          "usage": "address",
          "direction": "in"
        },
        {
          "type": "register",
          "interface": "s_axi_control",
          "name": "hidden_layers_w0_in_2",
          "usage": "address",
          "direction": "in"
        }
      ]
    },
    "output_layer_weight_in": {
      "index": "9",
      "direction": "in",
      "srcType": "ap_fixed<32, 16, AP_TRN, AP_WRAP, 0>*",
      "srcSize": "32",
      "hwRefs": [
        {
          "type": "interface",
          "interface": "m_axi_weights",
          "name": "",
          "usage": "data",
          "direction": "in"
        },
        {
          "type": "register",
          "interface": "s_axi_control",
          "name": "output_layer_weight_in_1",
          "usage": "address",
          "direction": "in"
        },
        {
          "type": "register",
          "interface": "s_axi_control",
          "name": "output_layer_weight_in_2",
          "usage": "address",
          "direction": "in"
        }
      ]
    },
    "output_layer_bias_in": {
      "index": "10",
      "direction": "in",
      "srcType": "ap_fixed<32, 16, AP_TRN, AP_WRAP, 0>*",
      "srcSize": "32",
      "hwRefs": [
        {
          "type": "interface",
          "interface": "m_axi_weights",
          "name": "",
          "usage": "data",
          "direction": "in"
        },
        {
          "type": "register",
          "interface": "s_axi_control",
          "name": "output_layer_bias_in_1",
          "usage": "address",
          "direction": "in"
        },
        {
          "type": "register",
          "interface": "s_axi_control",
          "name": "output_layer_bias_in_2",
          "usage": "address",
          "direction": "in"
        }
      ]
    }
  },
  "HlsSolution": {
    "FlowTarget": "vitis",
    "ConfigTcl": [
      "config_interface -m_axi_latency=64",
      "config_interface -m_axi_alignment_byte_size=64",
      "config_interface -m_axi_max_widen_bitwidth=512",
      "config_interface -default_interface=kernel",
      "config_rtl -register_reset_num=3",
      "config_export -format=ip_catalog"
    ],
    "DirectiveTcl": ["set_directive_top siren_test_model -name siren_test_model"],
    "ProfileOption": "0",
    "ProfileType": "none",
    "KernelName": "siren_test_model"
  },
  "ClockInfo": {
    "ClockName": "ap_clk",
    "ClockPeriod": "3.33",
    "Uncertainty": "0.8991",
    "IsCombinational": "0",
    "II": "1054050 ~ 1731835",
    "Latency": "1054049"
  },
  "Xdc": {"OocClocks": ["create_clock -name ap_clk -period 3.330 [get_ports ap_clk]"]},
  "Ipx": {
    "Vendor": "xilinx.com",
    "Library": "hls",
    "Name": "siren_test_model",
    "Version": "1.0",
    "DisplayName": "Siren_test_model",
    "Revision": "2113108017",
    "Description": "An IP generated by Vitis HLS",
    "Taxonomy": "\/VITIS_HLS_IP",
    "AutoFamilySupport": "",
    "ZipFile": "xilinx_com_hls_siren_test_model_1_0.zip"
  },
  "Files": {
    "CSource": ["..\/..\/model.cpp"],
    "Vhdl": [
      "impl\/vhdl\/siren_test_model_control_s_axi.vhd",
      "impl\/vhdl\/siren_test_model_flow_control_loop_pipe_sequential_init.vhd",
      "impl\/vhdl\/siren_test_model_forward.vhd",
      "impl\/vhdl\/siren_test_model_forward_1.vhd",
      "impl\/vhdl\/siren_test_model_forward_1_1.vhd",
      "impl\/vhdl\/siren_test_model_forward_1_1_Pipeline_VITIS_LOOP_404_2.vhd",
      "impl\/vhdl\/siren_test_model_forward_1_2.vhd",
      "impl\/vhdl\/siren_test_model_forward_2.vhd",
      "impl\/vhdl\/siren_test_model_forward_3.vhd",
      "impl\/vhdl\/siren_test_model_forward_3_Pipeline_VITIS_LOOP_404_2.vhd",
      "impl\/vhdl\/siren_test_model_forward_4.vhd",
      "impl\/vhdl\/siren_test_model_hidden_layer_buffers_V_RAM_AUTO_1R1W.vhd",
      "impl\/vhdl\/siren_test_model_inout1_m_axi.vhd",
      "impl\/vhdl\/siren_test_model_input_layer_buffer_V_RAM_AUTO_1R1W.vhd",
      "impl\/vhdl\/siren_test_model_load_params.vhd",
      "impl\/vhdl\/siren_test_model_load_params_Pipeline_VITIS_LOOP_384_1.vhd",
      "impl\/vhdl\/siren_test_model_load_params_Pipeline_VITIS_LOOP_385_2.vhd",
      "impl\/vhdl\/siren_test_model_load_params_Pipeline_VITIS_LOOP_385_25.vhd",
      "impl\/vhdl\/siren_test_model_mul_32ns_65ns_66_3_1.vhd",
      "impl\/vhdl\/siren_test_model_mul_32s_32s_48_2_1.vhd",
      "impl\/vhdl\/siren_test_model_mul_32s_32s_64_2_1.vhd",
      "impl\/vhdl\/siren_test_model_mul_64ns_98ns_161_3_1.vhd",
      "impl\/vhdl\/siren_test_model_mux_32_32_1_1.vhd",
      "impl\/vhdl\/siren_test_model_output_layer_buffer_V_RAM_AUTO_1R1W.vhd",
      "impl\/vhdl\/siren_test_model_siren_net_hidden_layers_linear_bias_V_RAM_AUTO_1R1W.vhd",
      "impl\/vhdl\/siren_test_model_siren_net_hidden_layers_linear_weight_V_RAM_AUTO_1R1W.vhd",
      "impl\/vhdl\/siren_test_model_siren_net_input_layer_linear_bias_V_RAM_AUTO_1R1W.vhd",
      "impl\/vhdl\/siren_test_model_siren_net_input_layer_linear_weight_V_RAM_AUTO_1R1W.vhd",
      "impl\/vhdl\/siren_test_model_siren_net_output_layer_weight_V_RAM_AUTO_1R1W.vhd",
      "impl\/vhdl\/siren_test_model_weights_m_axi.vhd",
      "impl\/vhdl\/siren_test_model.vhd"
    ],
    "Verilog": [
      "impl\/verilog\/siren_test_model_control_s_axi.v",
      "impl\/verilog\/siren_test_model_flow_control_loop_pipe_sequential_init.v",
      "impl\/verilog\/siren_test_model_forward.v",
      "impl\/verilog\/siren_test_model_forward_1.v",
      "impl\/verilog\/siren_test_model_forward_1_1.v",
      "impl\/verilog\/siren_test_model_forward_1_1_Pipeline_VITIS_LOOP_404_2.v",
      "impl\/verilog\/siren_test_model_forward_1_2.v",
      "impl\/verilog\/siren_test_model_forward_2.v",
      "impl\/verilog\/siren_test_model_forward_3.v",
      "impl\/verilog\/siren_test_model_forward_3_Pipeline_VITIS_LOOP_404_2.v",
      "impl\/verilog\/siren_test_model_forward_4.v",
      "impl\/verilog\/siren_test_model_hidden_layer_buffers_V_RAM_AUTO_1R1W.v",
      "impl\/verilog\/siren_test_model_inout1_m_axi.v",
      "impl\/verilog\/siren_test_model_input_layer_buffer_V_RAM_AUTO_1R1W.v",
      "impl\/verilog\/siren_test_model_load_params.v",
      "impl\/verilog\/siren_test_model_load_params_Pipeline_VITIS_LOOP_384_1.v",
      "impl\/verilog\/siren_test_model_load_params_Pipeline_VITIS_LOOP_385_2.v",
      "impl\/verilog\/siren_test_model_load_params_Pipeline_VITIS_LOOP_385_25.v",
      "impl\/verilog\/siren_test_model_mul_32ns_65ns_66_3_1.v",
      "impl\/verilog\/siren_test_model_mul_32s_32s_48_2_1.v",
      "impl\/verilog\/siren_test_model_mul_32s_32s_64_2_1.v",
      "impl\/verilog\/siren_test_model_mul_64ns_98ns_161_3_1.v",
      "impl\/verilog\/siren_test_model_mux_32_32_1_1.v",
      "impl\/verilog\/siren_test_model_output_layer_buffer_V_RAM_AUTO_1R1W.v",
      "impl\/verilog\/siren_test_model_siren_net_hidden_layers_linear_bias_V_RAM_AUTO_1R1W.dat",
      "impl\/verilog\/siren_test_model_siren_net_hidden_layers_linear_bias_V_RAM_AUTO_1R1W.v",
      "impl\/verilog\/siren_test_model_siren_net_hidden_layers_linear_weight_V_RAM_AUTO_1R1W.dat",
      "impl\/verilog\/siren_test_model_siren_net_hidden_layers_linear_weight_V_RAM_AUTO_1R1W.v",
      "impl\/verilog\/siren_test_model_siren_net_input_layer_linear_bias_V_RAM_AUTO_1R1W.dat",
      "impl\/verilog\/siren_test_model_siren_net_input_layer_linear_bias_V_RAM_AUTO_1R1W.v",
      "impl\/verilog\/siren_test_model_siren_net_input_layer_linear_weight_V_RAM_AUTO_1R1W.dat",
      "impl\/verilog\/siren_test_model_siren_net_input_layer_linear_weight_V_RAM_AUTO_1R1W.v",
      "impl\/verilog\/siren_test_model_siren_net_output_layer_weight_V_RAM_AUTO_1R1W.dat",
      "impl\/verilog\/siren_test_model_siren_net_output_layer_weight_V_RAM_AUTO_1R1W.v",
      "impl\/verilog\/siren_test_model_weights_m_axi.v",
      "impl\/verilog\/siren_test_model.v"
    ],
    "SwDriver": [
      "impl\/misc\/drivers\/siren_test_model_v1_0\/data\/siren_test_model.mdd",
      "impl\/misc\/drivers\/siren_test_model_v1_0\/data\/siren_test_model.tcl",
      "impl\/misc\/drivers\/siren_test_model_v1_0\/src\/Makefile",
      "impl\/misc\/drivers\/siren_test_model_v1_0\/src\/xsiren_test_model.c",
      "impl\/misc\/drivers\/siren_test_model_v1_0\/src\/xsiren_test_model.h",
      "impl\/misc\/drivers\/siren_test_model_v1_0\/src\/xsiren_test_model_hw.h",
      "impl\/misc\/drivers\/siren_test_model_v1_0\/src\/xsiren_test_model_linux.c",
      "impl\/misc\/drivers\/siren_test_model_v1_0\/src\/xsiren_test_model_sinit.c"
    ],
    "IpMisc": ["impl\/misc\/logo.png"],
    "CsynthXml": "syn\/report\/csynth.xml",
    "DebugDir": ".debug",
    "KernelXml": "..\/kernel.xml",
    "Xo": "",
    "XoHlsDir": "",
    "ProtoInst": [".debug\/siren_test_model.protoinst"]
  },
  "SubcoreInfo": {
    "HasXpmMemory": false,
    "HasClockedDsp": false,
    "Ip": []
  },
  "Interfaces": {
    "s_axi_control": {
      "type": "axi4lite",
      "busTypeName": "aximm",
      "mode": "slave",
      "dataWidth": "32",
      "addrWidth": "8",
      "portPrefix": "s_axi_control_",
      "paramPrefix": "C_S_AXI_CONTROL_",
      "offsetMasterName": "m_axi_weights",
      "ports": [
        "s_axi_control_ARADDR",
        "s_axi_control_ARREADY",
        "s_axi_control_ARVALID",
        "s_axi_control_AWADDR",
        "s_axi_control_AWREADY",
        "s_axi_control_AWVALID",
        "s_axi_control_BREADY",
        "s_axi_control_BRESP",
        "s_axi_control_BVALID",
        "s_axi_control_RDATA",
        "s_axi_control_RREADY",
        "s_axi_control_RRESP",
        "s_axi_control_RVALID",
        "s_axi_control_WDATA",
        "s_axi_control_WREADY",
        "s_axi_control_WSTRB",
        "s_axi_control_WVALID"
      ],
      "registers": [
        {
          "offset": "0x00",
          "name": "CTRL",
          "access": "RW",
          "description": "Control signals",
          "range": "32",
          "fields": [
            {
              "offset": "0",
              "width": "1",
              "name": "AP_START",
              "access": "RW",
              "description": "Control signal Register for 'ap_start'."
            },
            {
              "offset": "1",
              "width": "1",
              "name": "AP_DONE",
              "access": "R",
              "description": "Control signal Register for 'ap_done'."
            },
            {
              "offset": "2",
              "width": "1",
              "name": "AP_IDLE",
              "access": "R",
              "description": "Control signal Register for 'ap_idle'."
            },
            {
              "offset": "3",
              "width": "1",
              "name": "AP_READY",
              "access": "R",
              "description": "Control signal Register for 'ap_ready'."
            },
            {
              "offset": "4",
              "width": "1",
              "name": "AP_CONTINUE",
              "access": "R",
              "description": "Control signal Register for 'ap_continue'."
            },
            {
              "offset": "5",
              "width": "2",
              "name": "RESERVED_1",
              "access": "R",
              "description": "Reserved.  0s on read."
            },
            {
              "offset": "7",
              "width": "1",
              "name": "AUTO_RESTART",
              "access": "RW",
              "description": "Control signal Register for 'auto_restart'."
            },
            {
              "offset": "8",
              "width": "1",
              "name": "RESERVED_2",
              "access": "R",
              "description": "Reserved.  0s on read."
            },
            {
              "offset": "9",
              "width": "1",
              "name": "INTERRUPT",
              "access": "R",
              "description": "Control signal Register for 'interrupt'."
            },
            {
              "offset": "10",
              "width": "22",
              "name": "RESERVED_3",
              "access": "R",
              "description": "Reserved.  0s on read."
            }
          ]
        },
        {
          "offset": "0x04",
          "name": "GIER",
          "access": "RW",
          "description": "Global Interrupt Enable Register",
          "range": "32",
          "fields": [
            {
              "offset": "0",
              "width": "1",
              "name": "Enable",
              "access": "RW",
              "description": "Master enable for the device interrupt output to the system interrupt controller: 0 = Disabled, 1 = Enabled"
            },
            {
              "offset": "1",
              "width": "31",
              "name": "RESERVED",
              "access": "R",
              "description": "Reserved.  0s on read."
            }
          ]
        },
        {
          "offset": "0x08",
          "name": "IP_IER",
          "access": "RW",
          "description": "IP Interrupt Enable Register",
          "range": "32",
          "fields": [
            {
              "offset": "0",
              "width": "1",
              "name": "CHAN0_INT_EN",
              "access": "RW",
              "description": "Enable Channel 0 (ap_done) Interrupt.  0 = Disabled, 1 = Enabled."
            },
            {
              "offset": "1",
              "width": "1",
              "name": "CHAN1_INT_EN",
              "access": "RW",
              "description": "Enable Channel 1 (ap_ready) Interrupt.  0 = Disabled, 1 = Enabled."
            },
            {
              "offset": "2",
              "width": "30",
              "name": "RESERVED_0",
              "access": "R",
              "description": "Reserved.  0s on read."
            }
          ]
        },
        {
          "offset": "0x0c",
          "name": "IP_ISR",
          "access": "RW",
          "description": "IP Interrupt Status Register",
          "range": "32",
          "fields": [
            {
              "offset": "0",
              "width": "1",
              "name": "CHAN0_INT_ST",
              "access": "RTOW",
              "description": "Channel 0 (ap_done) Interrupt Status. 0 = No Channel 0 interrupt, 1 = Channel 0 interrupt."
            },
            {
              "offset": "1",
              "width": "1",
              "name": "CHAN1_INT_ST",
              "access": "RTOW",
              "description": "Channel 1 (ap_ready) Interrupt Status. 0 = No Channel 1 interrupt, 1 = Channel 1 interrupt."
            },
            {
              "offset": "2",
              "width": "30",
              "name": "RESERVED_0",
              "access": "R",
              "description": "Reserved.  0s on read."
            }
          ]
        },
        {
          "offset": "0x10",
          "name": "x_in_1",
          "access": "W",
          "description": "Data signal of x_in",
          "range": "32",
          "fields": [{
              "offset": "0",
              "width": "32",
              "name": "x_in",
              "access": "W",
              "description": "Bit 31 to 0 of x_in"
            }]
        },
        {
          "offset": "0x14",
          "name": "x_in_2",
          "access": "W",
          "description": "Data signal of x_in",
          "range": "32",
          "fields": [{
              "offset": "0",
              "width": "32",
              "name": "x_in",
              "access": "W",
              "description": "Bit 63 to 32 of x_in"
            }]
        },
        {
          "offset": "0x1c",
          "name": "x_out_1",
          "access": "W",
          "description": "Data signal of x_out",
          "range": "32",
          "fields": [{
              "offset": "0",
              "width": "32",
              "name": "x_out",
              "access": "W",
              "description": "Bit 31 to 0 of x_out"
            }]
        },
        {
          "offset": "0x20",
          "name": "x_out_2",
          "access": "W",
          "description": "Data signal of x_out",
          "range": "32",
          "fields": [{
              "offset": "0",
              "width": "32",
              "name": "x_out",
              "access": "W",
              "description": "Bit 63 to 32 of x_out"
            }]
        },
        {
          "offset": "0x28",
          "name": "load_parameters_flag",
          "access": "W",
          "description": "Data signal of load_parameters_flag",
          "range": "32",
          "fields": [{
              "offset": "0",
              "width": "32",
              "name": "load_parameters_flag",
              "access": "W",
              "description": "Bit 31 to 0 of load_parameters_flag"
            }]
        },
        {
          "offset": "0x30",
          "name": "input_layer_weight_in_1",
          "access": "W",
          "description": "Data signal of input_layer_weight_in",
          "range": "32",
          "fields": [{
              "offset": "0",
              "width": "32",
              "name": "input_layer_weight_in",
              "access": "W",
              "description": "Bit 31 to 0 of input_layer_weight_in"
            }]
        },
        {
          "offset": "0x34",
          "name": "input_layer_weight_in_2",
          "access": "W",
          "description": "Data signal of input_layer_weight_in",
          "range": "32",
          "fields": [{
              "offset": "0",
              "width": "32",
              "name": "input_layer_weight_in",
              "access": "W",
              "description": "Bit 63 to 32 of input_layer_weight_in"
            }]
        },
        {
          "offset": "0x3c",
          "name": "input_layer_bias_in_1",
          "access": "W",
          "description": "Data signal of input_layer_bias_in",
          "range": "32",
          "fields": [{
              "offset": "0",
              "width": "32",
              "name": "input_layer_bias_in",
              "access": "W",
              "description": "Bit 31 to 0 of input_layer_bias_in"
            }]
        },
        {
          "offset": "0x40",
          "name": "input_layer_bias_in_2",
          "access": "W",
          "description": "Data signal of input_layer_bias_in",
          "range": "32",
          "fields": [{
              "offset": "0",
              "width": "32",
              "name": "input_layer_bias_in",
              "access": "W",
              "description": "Bit 63 to 32 of input_layer_bias_in"
            }]
        },
        {
          "offset": "0x48",
          "name": "input_layer_w0_in_1",
          "access": "W",
          "description": "Data signal of input_layer_w0_in",
          "range": "32",
          "fields": [{
              "offset": "0",
              "width": "32",
              "name": "input_layer_w0_in",
              "access": "W",
              "description": "Bit 31 to 0 of input_layer_w0_in"
            }]
        },
        {
          "offset": "0x4c",
          "name": "input_layer_w0_in_2",
          "access": "W",
          "description": "Data signal of input_layer_w0_in",
          "range": "32",
          "fields": [{
              "offset": "0",
              "width": "32",
              "name": "input_layer_w0_in",
              "access": "W",
              "description": "Bit 63 to 32 of input_layer_w0_in"
            }]
        },
        {
          "offset": "0x54",
          "name": "hidden_layers_weight_in_1",
          "access": "W",
          "description": "Data signal of hidden_layers_weight_in",
          "range": "32",
          "fields": [{
              "offset": "0",
              "width": "32",
              "name": "hidden_layers_weight_in",
              "access": "W",
              "description": "Bit 31 to 0 of hidden_layers_weight_in"
            }]
        },
        {
          "offset": "0x58",
          "name": "hidden_layers_weight_in_2",
          "access": "W",
          "description": "Data signal of hidden_layers_weight_in",
          "range": "32",
          "fields": [{
              "offset": "0",
              "width": "32",
              "name": "hidden_layers_weight_in",
              "access": "W",
              "description": "Bit 63 to 32 of hidden_layers_weight_in"
            }]
        },
        {
          "offset": "0x60",
          "name": "hidden_layers_bias_in_1",
          "access": "W",
          "description": "Data signal of hidden_layers_bias_in",
          "range": "32",
          "fields": [{
              "offset": "0",
              "width": "32",
              "name": "hidden_layers_bias_in",
              "access": "W",
              "description": "Bit 31 to 0 of hidden_layers_bias_in"
            }]
        },
        {
          "offset": "0x64",
          "name": "hidden_layers_bias_in_2",
          "access": "W",
          "description": "Data signal of hidden_layers_bias_in",
          "range": "32",
          "fields": [{
              "offset": "0",
              "width": "32",
              "name": "hidden_layers_bias_in",
              "access": "W",
              "description": "Bit 63 to 32 of hidden_layers_bias_in"
            }]
        },
        {
          "offset": "0x6c",
          "name": "hidden_layers_w0_in_1",
          "access": "W",
          "description": "Data signal of hidden_layers_w0_in",
          "range": "32",
          "fields": [{
              "offset": "0",
              "width": "32",
              "name": "hidden_layers_w0_in",
              "access": "W",
              "description": "Bit 31 to 0 of hidden_layers_w0_in"
            }]
        },
        {
          "offset": "0x70",
          "name": "hidden_layers_w0_in_2",
          "access": "W",
          "description": "Data signal of hidden_layers_w0_in",
          "range": "32",
          "fields": [{
              "offset": "0",
              "width": "32",
              "name": "hidden_layers_w0_in",
              "access": "W",
              "description": "Bit 63 to 32 of hidden_layers_w0_in"
            }]
        },
        {
          "offset": "0x78",
          "name": "output_layer_weight_in_1",
          "access": "W",
          "description": "Data signal of output_layer_weight_in",
          "range": "32",
          "fields": [{
              "offset": "0",
              "width": "32",
              "name": "output_layer_weight_in",
              "access": "W",
              "description": "Bit 31 to 0 of output_layer_weight_in"
            }]
        },
        {
          "offset": "0x7c",
          "name": "output_layer_weight_in_2",
          "access": "W",
          "description": "Data signal of output_layer_weight_in",
          "range": "32",
          "fields": [{
              "offset": "0",
              "width": "32",
              "name": "output_layer_weight_in",
              "access": "W",
              "description": "Bit 63 to 32 of output_layer_weight_in"
            }]
        },
        {
          "offset": "0x84",
          "name": "output_layer_bias_in_1",
          "access": "W",
          "description": "Data signal of output_layer_bias_in",
          "range": "32",
          "fields": [{
              "offset": "0",
              "width": "32",
              "name": "output_layer_bias_in",
              "access": "W",
              "description": "Bit 31 to 0 of output_layer_bias_in"
            }]
        },
        {
          "offset": "0x88",
          "name": "output_layer_bias_in_2",
          "access": "W",
          "description": "Data signal of output_layer_bias_in",
          "range": "32",
          "fields": [{
              "offset": "0",
              "width": "32",
              "name": "output_layer_bias_in",
              "access": "W",
              "description": "Bit 63 to 32 of output_layer_bias_in"
            }]
        }
      ],
      "constraints": [
        {
          "constraint_type": "pragma interface",
          "mode": "s_axilite",
          "register_option": "0",
          "offset": "16",
          "argName": "x_in"
        },
        {
          "constraint_type": "pragma interface",
          "mode": "s_axilite",
          "register_option": "0",
          "offset": "28",
          "argName": "x_out"
        },
        {
          "constraint_type": "pragma interface",
          "mode": "s_axilite",
          "register_option": "0",
          "offset": "40",
          "argName": "load_parameters_flag"
        },
        {
          "constraint_type": "pragma interface",
          "mode": "s_axilite",
          "register_option": "0",
          "offset": "48",
          "argName": "input_layer_weight_in"
        },
        {
          "constraint_type": "pragma interface",
          "mode": "s_axilite",
          "register_option": "0",
          "offset": "60",
          "argName": "input_layer_bias_in"
        },
        {
          "constraint_type": "pragma interface",
          "mode": "s_axilite",
          "register_option": "0",
          "offset": "72",
          "argName": "input_layer_w0_in"
        },
        {
          "constraint_type": "pragma interface",
          "mode": "s_axilite",
          "register_option": "0",
          "offset": "84",
          "argName": "hidden_layers_weight_in"
        },
        {
          "constraint_type": "pragma interface",
          "mode": "s_axilite",
          "register_option": "0",
          "offset": "96",
          "argName": "hidden_layers_bias_in"
        },
        {
          "constraint_type": "pragma interface",
          "mode": "s_axilite",
          "register_option": "0",
          "offset": "108",
          "argName": "hidden_layers_w0_in"
        },
        {
          "constraint_type": "pragma interface",
          "mode": "s_axilite",
          "register_option": "0",
          "offset": "120",
          "argName": "output_layer_weight_in"
        },
        {
          "constraint_type": "pragma interface",
          "mode": "s_axilite",
          "register_option": "0",
          "offset": "132",
          "argName": "output_layer_bias_in"
        }
      ]
    },
    "ap_clk": {
      "type": "clock",
      "busTypeName": "clock",
      "mode": "slave",
      "busParams": {
        "ASSOCIATED_BUSIF": "s_axi_control:m_axi_inout1:m_axi_weights",
        "ASSOCIATED_RESET": "ap_rst_n"
      },
      "portMap": {"ap_clk": "CLK"},
      "ports": ["ap_clk"]
    },
    "ap_rst_n": {
      "type": "reset",
      "busTypeName": "reset",
      "mode": "slave",
      "busParams": {"POLARITY": "ACTIVE_LOW"},
      "portMap": {"ap_rst_n": "RST"},
      "ports": ["ap_rst_n"]
    },
    "interrupt": {
      "type": "interrupt",
      "busTypeName": "interrupt",
      "mode": "master",
      "dataWidth": "1",
      "busParams": {"SENSITIVITY": "LEVEL_HIGH"},
      "portMap": {"interrupt": "INTERRUPT"},
      "ports": ["interrupt"]
    },
    "m_axi_inout1": {
      "type": "axi4full",
      "busTypeName": "aximm",
      "mode": "master",
      "dataWidth": "64",
      "addrWidth": "64",
      "portPrefix": "m_axi_inout1_",
      "paramPrefix": "C_M_AXI_INOUT1_",
      "offsetSlaveName": "s_axi_control",
      "preferredUsageValue": "MEMORY",
      "busParams": {
        "NUM_READ_OUTSTANDING": "16",
        "NUM_WRITE_OUTSTANDING": "16",
        "MAX_READ_BURST_LENGTH": "16",
        "MAX_WRITE_BURST_LENGTH": "16",
        "MAX_BURST_LENGTH": "256",
        "PROTOCOL": "AXI4",
        "READ_WRITE_MODE": "READ_WRITE",
        "HAS_BURST": "0",
        "SUPPORTS_NARROW_BURST": "0"
      },
      "ports": [
        "m_axi_inout1_ARADDR",
        "m_axi_inout1_ARBURST",
        "m_axi_inout1_ARCACHE",
        "m_axi_inout1_ARID",
        "m_axi_inout1_ARLEN",
        "m_axi_inout1_ARLOCK",
        "m_axi_inout1_ARPROT",
        "m_axi_inout1_ARQOS",
        "m_axi_inout1_ARREADY",
        "m_axi_inout1_ARREGION",
        "m_axi_inout1_ARSIZE",
        "m_axi_inout1_ARUSER",
        "m_axi_inout1_ARVALID",
        "m_axi_inout1_AWADDR",
        "m_axi_inout1_AWBURST",
        "m_axi_inout1_AWCACHE",
        "m_axi_inout1_AWID",
        "m_axi_inout1_AWLEN",
        "m_axi_inout1_AWLOCK",
        "m_axi_inout1_AWPROT",
        "m_axi_inout1_AWQOS",
        "m_axi_inout1_AWREADY",
        "m_axi_inout1_AWREGION",
        "m_axi_inout1_AWSIZE",
        "m_axi_inout1_AWUSER",
        "m_axi_inout1_AWVALID",
        "m_axi_inout1_BID",
        "m_axi_inout1_BREADY",
        "m_axi_inout1_BRESP",
        "m_axi_inout1_BUSER",
        "m_axi_inout1_BVALID",
        "m_axi_inout1_RDATA",
        "m_axi_inout1_RID",
        "m_axi_inout1_RLAST",
        "m_axi_inout1_RREADY",
        "m_axi_inout1_RRESP",
        "m_axi_inout1_RUSER",
        "m_axi_inout1_RVALID",
        "m_axi_inout1_WDATA",
        "m_axi_inout1_WID",
        "m_axi_inout1_WLAST",
        "m_axi_inout1_WREADY",
        "m_axi_inout1_WSTRB",
        "m_axi_inout1_WUSER",
        "m_axi_inout1_WVALID"
      ],
      "constraints": [
        {
          "constraint_type": "pragma interface",
          "mode": "m_axi",
          "register_option": "0",
          "offset": "slave",
          "latency": "64",
          "num_read_outstanding": "16",
          "num_write_outstanding": "16",
          "max_read_burst_length": "16",
          "max_write_burst_length": "16",
          "max_widen_bitwidth": "256",
          "argName": "x_in"
        },
        {
          "constraint_type": "bitwidth",
          "orig_bitwidth": "32",
          "final_bitwidth": "64",
          "argName": "x_in"
        },
        {
          "constraint_type": "pragma interface",
          "mode": "m_axi",
          "register_option": "0",
          "offset": "slave",
          "latency": "64",
          "num_read_outstanding": "16",
          "num_write_outstanding": "16",
          "max_read_burst_length": "16",
          "max_write_burst_length": "16",
          "max_widen_bitwidth": "256",
          "argName": "x_out"
        },
        {
          "constraint_type": "bitwidth",
          "orig_bitwidth": "32",
          "final_bitwidth": "64",
          "argName": "x_out"
        }
      ]
    },
    "m_axi_weights": {
      "type": "axi4full",
      "busTypeName": "aximm",
      "mode": "master",
      "dataWidth": "256",
      "addrWidth": "64",
      "portPrefix": "m_axi_weights_",
      "paramPrefix": "C_M_AXI_WEIGHTS_",
      "offsetSlaveName": "s_axi_control",
      "preferredUsageValue": "MEMORY",
      "busParams": {
        "NUM_READ_OUTSTANDING": "16",
        "NUM_WRITE_OUTSTANDING": "16",
        "MAX_READ_BURST_LENGTH": "16",
        "MAX_WRITE_BURST_LENGTH": "16",
        "MAX_BURST_LENGTH": "256",
        "PROTOCOL": "AXI4",
        "READ_WRITE_MODE": "READ_ONLY",
        "HAS_BURST": "0",
        "SUPPORTS_NARROW_BURST": "0"
      },
      "ports": [
        "m_axi_weights_ARADDR",
        "m_axi_weights_ARBURST",
        "m_axi_weights_ARCACHE",
        "m_axi_weights_ARID",
        "m_axi_weights_ARLEN",
        "m_axi_weights_ARLOCK",
        "m_axi_weights_ARPROT",
        "m_axi_weights_ARQOS",
        "m_axi_weights_ARREADY",
        "m_axi_weights_ARREGION",
        "m_axi_weights_ARSIZE",
        "m_axi_weights_ARUSER",
        "m_axi_weights_ARVALID",
        "m_axi_weights_AWADDR",
        "m_axi_weights_AWBURST",
        "m_axi_weights_AWCACHE",
        "m_axi_weights_AWID",
        "m_axi_weights_AWLEN",
        "m_axi_weights_AWLOCK",
        "m_axi_weights_AWPROT",
        "m_axi_weights_AWQOS",
        "m_axi_weights_AWREADY",
        "m_axi_weights_AWREGION",
        "m_axi_weights_AWSIZE",
        "m_axi_weights_AWUSER",
        "m_axi_weights_AWVALID",
        "m_axi_weights_BID",
        "m_axi_weights_BREADY",
        "m_axi_weights_BRESP",
        "m_axi_weights_BUSER",
        "m_axi_weights_BVALID",
        "m_axi_weights_RDATA",
        "m_axi_weights_RID",
        "m_axi_weights_RLAST",
        "m_axi_weights_RREADY",
        "m_axi_weights_RRESP",
        "m_axi_weights_RUSER",
        "m_axi_weights_RVALID",
        "m_axi_weights_WDATA",
        "m_axi_weights_WID",
        "m_axi_weights_WLAST",
        "m_axi_weights_WREADY",
        "m_axi_weights_WSTRB",
        "m_axi_weights_WUSER",
        "m_axi_weights_WVALID"
      ],
      "constraints": [
        {
          "constraint_type": "pragma interface",
          "mode": "m_axi",
          "register_option": "0",
          "offset": "slave",
          "latency": "64",
          "num_read_outstanding": "16",
          "num_write_outstanding": "16",
          "max_read_burst_length": "16",
          "max_write_burst_length": "16",
          "max_widen_bitwidth": "256",
          "argName": "input_layer_weight_in"
        },
        {
          "constraint_type": "bitwidth",
          "orig_bitwidth": "32",
          "final_bitwidth": "256",
          "argName": "input_layer_weight_in"
        },
        {
          "constraint_type": "pragma interface",
          "mode": "m_axi",
          "register_option": "0",
          "offset": "slave",
          "latency": "64",
          "num_read_outstanding": "16",
          "num_write_outstanding": "16",
          "max_read_burst_length": "16",
          "max_write_burst_length": "16",
          "max_widen_bitwidth": "256",
          "argName": "input_layer_bias_in"
        },
        {
          "constraint_type": "bitwidth",
          "orig_bitwidth": "32",
          "final_bitwidth": "256",
          "argName": "input_layer_bias_in"
        },
        {
          "constraint_type": "pragma interface",
          "mode": "m_axi",
          "register_option": "0",
          "offset": "slave",
          "latency": "64",
          "num_read_outstanding": "16",
          "num_write_outstanding": "16",
          "max_read_burst_length": "16",
          "max_write_burst_length": "16",
          "max_widen_bitwidth": "256",
          "argName": "input_layer_w0_in"
        },
        {
          "constraint_type": "bitwidth",
          "orig_bitwidth": "32",
          "final_bitwidth": "256",
          "argName": "input_layer_w0_in"
        },
        {
          "constraint_type": "pragma interface",
          "mode": "m_axi",
          "register_option": "0",
          "offset": "slave",
          "latency": "64",
          "num_read_outstanding": "16",
          "num_write_outstanding": "16",
          "max_read_burst_length": "16",
          "max_write_burst_length": "16",
          "max_widen_bitwidth": "256",
          "argName": "hidden_layers_weight_in"
        },
        {
          "constraint_type": "bitwidth",
          "orig_bitwidth": "32",
          "final_bitwidth": "256",
          "argName": "hidden_layers_weight_in"
        },
        {
          "constraint_type": "pragma interface",
          "mode": "m_axi",
          "register_option": "0",
          "offset": "slave",
          "latency": "64",
          "num_read_outstanding": "16",
          "num_write_outstanding": "16",
          "max_read_burst_length": "16",
          "max_write_burst_length": "16",
          "max_widen_bitwidth": "256",
          "argName": "hidden_layers_bias_in"
        },
        {
          "constraint_type": "bitwidth",
          "orig_bitwidth": "32",
          "final_bitwidth": "256",
          "argName": "hidden_layers_bias_in"
        },
        {
          "constraint_type": "pragma interface",
          "mode": "m_axi",
          "register_option": "0",
          "offset": "slave",
          "latency": "64",
          "num_read_outstanding": "16",
          "num_write_outstanding": "16",
          "max_read_burst_length": "16",
          "max_write_burst_length": "16",
          "max_widen_bitwidth": "256",
          "argName": "hidden_layers_w0_in"
        },
        {
          "constraint_type": "bitwidth",
          "orig_bitwidth": "32",
          "final_bitwidth": "256",
          "argName": "hidden_layers_w0_in"
        },
        {
          "constraint_type": "pragma interface",
          "mode": "m_axi",
          "register_option": "0",
          "offset": "slave",
          "latency": "64",
          "num_read_outstanding": "16",
          "num_write_outstanding": "16",
          "max_read_burst_length": "16",
          "max_write_burst_length": "16",
          "max_widen_bitwidth": "256",
          "argName": "output_layer_weight_in"
        },
        {
          "constraint_type": "bitwidth",
          "orig_bitwidth": "32",
          "final_bitwidth": "256",
          "argName": "output_layer_weight_in"
        },
        {
          "constraint_type": "pragma interface",
          "mode": "m_axi",
          "register_option": "0",
          "offset": "slave",
          "latency": "64",
          "num_read_outstanding": "16",
          "num_write_outstanding": "16",
          "max_read_burst_length": "16",
          "max_write_burst_length": "16",
          "max_widen_bitwidth": "256",
          "argName": "output_layer_bias_in"
        },
        {
          "constraint_type": "bitwidth",
          "orig_bitwidth": "32",
          "final_bitwidth": "256",
          "argName": "output_layer_bias_in"
        }
      ]
    }
  },
  "RtlPorts": {
    "s_axi_control_AWVALID": {
      "dir": "in",
      "width": "1"
    },
    "s_axi_control_AWREADY": {
      "dir": "out",
      "width": "1"
    },
    "s_axi_control_AWADDR": {
      "dir": "in",
      "width": "8"
    },
    "s_axi_control_WVALID": {
      "dir": "in",
      "width": "1"
    },
    "s_axi_control_WREADY": {
      "dir": "out",
      "width": "1"
    },
    "s_axi_control_WDATA": {
      "dir": "in",
      "width": "32"
    },
    "s_axi_control_WSTRB": {
      "dir": "in",
      "width": "4"
    },
    "s_axi_control_ARVALID": {
      "dir": "in",
      "width": "1"
    },
    "s_axi_control_ARREADY": {
      "dir": "out",
      "width": "1"
    },
    "s_axi_control_ARADDR": {
      "dir": "in",
      "width": "8"
    },
    "s_axi_control_RVALID": {
      "dir": "out",
      "width": "1"
    },
    "s_axi_control_RREADY": {
      "dir": "in",
      "width": "1"
    },
    "s_axi_control_RDATA": {
      "dir": "out",
      "width": "32"
    },
    "s_axi_control_RRESP": {
      "dir": "out",
      "width": "2"
    },
    "s_axi_control_BVALID": {
      "dir": "out",
      "width": "1"
    },
    "s_axi_control_BREADY": {
      "dir": "in",
      "width": "1"
    },
    "s_axi_control_BRESP": {
      "dir": "out",
      "width": "2"
    },
    "ap_clk": {
      "dir": "in",
      "width": "1"
    },
    "ap_rst_n": {
      "dir": "in",
      "width": "1"
    },
    "interrupt": {
      "dir": "out",
      "width": "1"
    },
    "m_axi_inout1_AWVALID": {
      "dir": "out",
      "width": "1"
    },
    "m_axi_inout1_AWREADY": {
      "dir": "in",
      "width": "1"
    },
    "m_axi_inout1_AWADDR": {
      "dir": "out",
      "width": "64"
    },
    "m_axi_inout1_AWID": {
      "dir": "out",
      "width": "1",
      "isVector": "true"
    },
    "m_axi_inout1_AWLEN": {
      "dir": "out",
      "width": "8"
    },
    "m_axi_inout1_AWSIZE": {
      "dir": "out",
      "width": "3"
    },
    "m_axi_inout1_AWBURST": {
      "dir": "out",
      "width": "2"
    },
    "m_axi_inout1_AWLOCK": {
      "dir": "out",
      "width": "2"
    },
    "m_axi_inout1_AWCACHE": {
      "dir": "out",
      "width": "4"
    },
    "m_axi_inout1_AWPROT": {
      "dir": "out",
      "width": "3"
    },
    "m_axi_inout1_AWQOS": {
      "dir": "out",
      "width": "4"
    },
    "m_axi_inout1_AWREGION": {
      "dir": "out",
      "width": "4"
    },
    "m_axi_inout1_AWUSER": {
      "dir": "out",
      "width": "1",
      "isVector": "true"
    },
    "m_axi_inout1_WVALID": {
      "dir": "out",
      "width": "1"
    },
    "m_axi_inout1_WREADY": {
      "dir": "in",
      "width": "1"
    },
    "m_axi_inout1_WDATA": {
      "dir": "out",
      "width": "64"
    },
    "m_axi_inout1_WSTRB": {
      "dir": "out",
      "width": "8"
    },
    "m_axi_inout1_WLAST": {
      "dir": "out",
      "width": "1"
    },
    "m_axi_inout1_WID": {
      "dir": "out",
      "width": "1",
      "isVector": "true"
    },
    "m_axi_inout1_WUSER": {
      "dir": "out",
      "width": "1",
      "isVector": "true"
    },
    "m_axi_inout1_ARVALID": {
      "dir": "out",
      "width": "1"
    },
    "m_axi_inout1_ARREADY": {
      "dir": "in",
      "width": "1"
    },
    "m_axi_inout1_ARADDR": {
      "dir": "out",
      "width": "64"
    },
    "m_axi_inout1_ARID": {
      "dir": "out",
      "width": "1",
      "isVector": "true"
    },
    "m_axi_inout1_ARLEN": {
      "dir": "out",
      "width": "8"
    },
    "m_axi_inout1_ARSIZE": {
      "dir": "out",
      "width": "3"
    },
    "m_axi_inout1_ARBURST": {
      "dir": "out",
      "width": "2"
    },
    "m_axi_inout1_ARLOCK": {
      "dir": "out",
      "width": "2"
    },
    "m_axi_inout1_ARCACHE": {
      "dir": "out",
      "width": "4"
    },
    "m_axi_inout1_ARPROT": {
      "dir": "out",
      "width": "3"
    },
    "m_axi_inout1_ARQOS": {
      "dir": "out",
      "width": "4"
    },
    "m_axi_inout1_ARREGION": {
      "dir": "out",
      "width": "4"
    },
    "m_axi_inout1_ARUSER": {
      "dir": "out",
      "width": "1",
      "isVector": "true"
    },
    "m_axi_inout1_RVALID": {
      "dir": "in",
      "width": "1"
    },
    "m_axi_inout1_RREADY": {
      "dir": "out",
      "width": "1"
    },
    "m_axi_inout1_RDATA": {
      "dir": "in",
      "width": "64"
    },
    "m_axi_inout1_RLAST": {
      "dir": "in",
      "width": "1"
    },
    "m_axi_inout1_RID": {
      "dir": "in",
      "width": "1",
      "isVector": "true"
    },
    "m_axi_inout1_RUSER": {
      "dir": "in",
      "width": "1",
      "isVector": "true"
    },
    "m_axi_inout1_RRESP": {
      "dir": "in",
      "width": "2"
    },
    "m_axi_inout1_BVALID": {
      "dir": "in",
      "width": "1"
    },
    "m_axi_inout1_BREADY": {
      "dir": "out",
      "width": "1"
    },
    "m_axi_inout1_BRESP": {
      "dir": "in",
      "width": "2"
    },
    "m_axi_inout1_BID": {
      "dir": "in",
      "width": "1",
      "isVector": "true"
    },
    "m_axi_inout1_BUSER": {
      "dir": "in",
      "width": "1",
      "isVector": "true"
    },
    "m_axi_weights_AWVALID": {
      "dir": "out",
      "width": "1"
    },
    "m_axi_weights_AWREADY": {
      "dir": "in",
      "width": "1"
    },
    "m_axi_weights_AWADDR": {
      "dir": "out",
      "width": "64"
    },
    "m_axi_weights_AWID": {
      "dir": "out",
      "width": "1",
      "isVector": "true"
    },
    "m_axi_weights_AWLEN": {
      "dir": "out",
      "width": "8"
    },
    "m_axi_weights_AWSIZE": {
      "dir": "out",
      "width": "3"
    },
    "m_axi_weights_AWBURST": {
      "dir": "out",
      "width": "2"
    },
    "m_axi_weights_AWLOCK": {
      "dir": "out",
      "width": "2"
    },
    "m_axi_weights_AWCACHE": {
      "dir": "out",
      "width": "4"
    },
    "m_axi_weights_AWPROT": {
      "dir": "out",
      "width": "3"
    },
    "m_axi_weights_AWQOS": {
      "dir": "out",
      "width": "4"
    },
    "m_axi_weights_AWREGION": {
      "dir": "out",
      "width": "4"
    },
    "m_axi_weights_AWUSER": {
      "dir": "out",
      "width": "1",
      "isVector": "true"
    },
    "m_axi_weights_WVALID": {
      "dir": "out",
      "width": "1"
    },
    "m_axi_weights_WREADY": {
      "dir": "in",
      "width": "1"
    },
    "m_axi_weights_WDATA": {
      "dir": "out",
      "width": "256"
    },
    "m_axi_weights_WSTRB": {
      "dir": "out",
      "width": "32"
    },
    "m_axi_weights_WLAST": {
      "dir": "out",
      "width": "1"
    },
    "m_axi_weights_WID": {
      "dir": "out",
      "width": "1",
      "isVector": "true"
    },
    "m_axi_weights_WUSER": {
      "dir": "out",
      "width": "1",
      "isVector": "true"
    },
    "m_axi_weights_ARVALID": {
      "dir": "out",
      "width": "1"
    },
    "m_axi_weights_ARREADY": {
      "dir": "in",
      "width": "1"
    },
    "m_axi_weights_ARADDR": {
      "dir": "out",
      "width": "64"
    },
    "m_axi_weights_ARID": {
      "dir": "out",
      "width": "1",
      "isVector": "true"
    },
    "m_axi_weights_ARLEN": {
      "dir": "out",
      "width": "8"
    },
    "m_axi_weights_ARSIZE": {
      "dir": "out",
      "width": "3"
    },
    "m_axi_weights_ARBURST": {
      "dir": "out",
      "width": "2"
    },
    "m_axi_weights_ARLOCK": {
      "dir": "out",
      "width": "2"
    },
    "m_axi_weights_ARCACHE": {
      "dir": "out",
      "width": "4"
    },
    "m_axi_weights_ARPROT": {
      "dir": "out",
      "width": "3"
    },
    "m_axi_weights_ARQOS": {
      "dir": "out",
      "width": "4"
    },
    "m_axi_weights_ARREGION": {
      "dir": "out",
      "width": "4"
    },
    "m_axi_weights_ARUSER": {
      "dir": "out",
      "width": "1",
      "isVector": "true"
    },
    "m_axi_weights_RVALID": {
      "dir": "in",
      "width": "1"
    },
    "m_axi_weights_RREADY": {
      "dir": "out",
      "width": "1"
    },
    "m_axi_weights_RDATA": {
      "dir": "in",
      "width": "256"
    },
    "m_axi_weights_RLAST": {
      "dir": "in",
      "width": "1"
    },
    "m_axi_weights_RID": {
      "dir": "in",
      "width": "1",
      "isVector": "true"
    },
    "m_axi_weights_RUSER": {
      "dir": "in",
      "width": "1",
      "isVector": "true"
    },
    "m_axi_weights_RRESP": {
      "dir": "in",
      "width": "2"
    },
    "m_axi_weights_BVALID": {
      "dir": "in",
      "width": "1"
    },
    "m_axi_weights_BREADY": {
      "dir": "out",
      "width": "1"
    },
    "m_axi_weights_BRESP": {
      "dir": "in",
      "width": "2"
    },
    "m_axi_weights_BID": {
      "dir": "in",
      "width": "1",
      "isVector": "true"
    },
    "m_axi_weights_BUSER": {
      "dir": "in",
      "width": "1",
      "isVector": "true"
    }
  },
  "ModuleInfo": {
    "Hierarchy": {
      "ModuleName": "siren_test_model",
      "Instances": [
        {
          "ModuleName": "load_params",
          "InstanceName": "grp_load_params_fu_262",
          "Instances": [
            {
              "ModuleName": "load_params_Pipeline_VITIS_LOOP_384_1",
              "InstanceName": "grp_load_params_Pipeline_VITIS_LOOP_384_1_fu_293"
            },
            {
              "ModuleName": "load_params_Pipeline_VITIS_LOOP_385_2",
              "InstanceName": "grp_load_params_Pipeline_VITIS_LOOP_385_2_fu_305"
            },
            {
              "ModuleName": "load_params_Pipeline_VITIS_LOOP_385_25",
              "InstanceName": "grp_load_params_Pipeline_VITIS_LOOP_385_25_fu_317"
            }
          ]
        },
        {
          "ModuleName": "forward_3",
          "InstanceName": "grp_forward_3_fu_302",
          "Instances": [{
              "ModuleName": "forward_3_Pipeline_VITIS_LOOP_404_2",
              "InstanceName": "grp_forward_3_Pipeline_VITIS_LOOP_404_2_fu_108"
            }]
        },
        {
          "ModuleName": "forward_1",
          "InstanceName": "grp_forward_1_fu_314"
        },
        {
          "ModuleName": "forward_1_2",
          "InstanceName": "grp_forward_1_2_fu_321"
        },
        {
          "ModuleName": "forward_2",
          "InstanceName": "grp_forward_2_fu_332"
        },
        {
          "ModuleName": "forward_1_1",
          "InstanceName": "grp_forward_1_1_fu_342",
          "Instances": [{
              "ModuleName": "forward_1_1_Pipeline_VITIS_LOOP_404_2",
              "InstanceName": "grp_forward_1_1_Pipeline_VITIS_LOOP_404_2_fu_55"
            }]
        },
        {
          "ModuleName": "forward",
          "InstanceName": "grp_forward_fu_356"
        },
        {
          "ModuleName": "forward_4",
          "InstanceName": "grp_forward_4_fu_364"
        }
      ]
    },
    "Info": {
      "load_params_Pipeline_VITIS_LOOP_384_1": {
        "FunctionProtocol": "ap_ctrl_hs",
        "isTaskLevelControl": "0",
        "isPipelined": "1",
        "isCombinational": "0",
        "isOneStateSeq": "0"
      },
      "load_params_Pipeline_VITIS_LOOP_385_2": {
        "FunctionProtocol": "ap_ctrl_hs",
        "isTaskLevelControl": "0",
        "isPipelined": "1",
        "isCombinational": "0",
        "isOneStateSeq": "0"
      },
      "load_params_Pipeline_VITIS_LOOP_385_25": {
        "FunctionProtocol": "ap_ctrl_hs",
        "isTaskLevelControl": "0",
        "isPipelined": "1",
        "isCombinational": "0",
        "isOneStateSeq": "0"
      },
      "load_params": {
        "FunctionProtocol": "ap_ctrl_hs",
        "isTaskLevelControl": "0",
        "isPipelined": "0",
        "isCombinational": "0",
        "isOneStateSeq": "0"
      },
      "forward_3_Pipeline_VITIS_LOOP_404_2": {
        "FunctionProtocol": "ap_ctrl_hs",
        "isTaskLevelControl": "0",
        "isPipelined": "1",
        "isCombinational": "0",
        "isOneStateSeq": "0"
      },
      "forward_3": {
        "FunctionProtocol": "ap_ctrl_hs",
        "isTaskLevelControl": "0",
        "isPipelined": "0",
        "isCombinational": "0",
        "isOneStateSeq": "0"
      },
      "forward_1": {
        "FunctionProtocol": "ap_ctrl_hs",
        "isTaskLevelControl": "0",
        "isPipelined": "0",
        "isCombinational": "0",
        "isOneStateSeq": "0"
      },
      "forward_1_2": {
        "FunctionProtocol": "ap_ctrl_hs",
        "isTaskLevelControl": "0",
        "isPipelined": "1",
        "isCombinational": "0",
        "isOneStateSeq": "0"
      },
      "forward": {
        "FunctionProtocol": "ap_ctrl_hs",
        "isTaskLevelControl": "0",
        "isPipelined": "1",
        "isCombinational": "0",
        "isOneStateSeq": "0"
      },
      "forward_2": {
        "FunctionProtocol": "ap_ctrl_hs",
        "isTaskLevelControl": "0",
        "isPipelined": "1",
        "isCombinational": "0",
        "isOneStateSeq": "0"
      },
      "forward_1_1_Pipeline_VITIS_LOOP_404_2": {
        "FunctionProtocol": "ap_ctrl_hs",
        "isTaskLevelControl": "0",
        "isPipelined": "1",
        "isCombinational": "0",
        "isOneStateSeq": "0"
      },
      "forward_1_1": {
        "FunctionProtocol": "ap_ctrl_hs",
        "isTaskLevelControl": "0",
        "isPipelined": "0",
        "isCombinational": "0",
        "isOneStateSeq": "0"
      },
      "forward_4": {
        "FunctionProtocol": "ap_ctrl_hs",
        "isTaskLevelControl": "0",
        "isPipelined": "1",
        "isCombinational": "0",
        "isOneStateSeq": "0"
      },
      "siren_test_model": {
        "FunctionProtocol": "ap_ctrl_chain",
        "isTaskLevelControl": "0",
        "isPipelined": "0",
        "isCombinational": "0",
        "isOneStateSeq": "0"
      }
    },
    "Metrics": {
      "load_params_Pipeline_VITIS_LOOP_384_1": {
        "Latency": {
          "LatencyBest": "585",
          "LatencyAvg": "585",
          "LatencyWorst": "585",
          "PipelineII": "585",
          "PipelineDepth": "",
          "PipelineType": "no"
        },
        "Timing": {
          "Target": "3.33",
          "Uncertainty": "0.90",
          "Estimate": "2.431"
        },
        "Loops": [{
            "Name": "VITIS_LOOP_384_1",
            "TripCount": "256",
            "Latency": "583",
            "PipelineII": "2",
            "PipelineDepth": "74"
          }],
        "Area": {
          "FF": "19900",
          "AVAIL_FF": "548160",
          "UTIL_FF": "3",
          "LUT": "483",
          "AVAIL_LUT": "274080",
          "UTIL_LUT": "~0",
          "BRAM_18K": "0",
          "AVAIL_BRAM": "1824",
          "UTIL_BRAM": "0",
          "DSP": "0",
          "AVAIL_DSP": "2520",
          "UTIL_DSP": "0",
          "URAM": "0",
          "AVAIL_URAM": "0",
          "UTIL_URAM": "0"
        }
      },
      "load_params_Pipeline_VITIS_LOOP_385_2": {
        "Latency": {
          "LatencyBest": "329",
          "LatencyAvg": "329",
          "LatencyWorst": "329",
          "PipelineII": "329",
          "PipelineDepth": "",
          "PipelineType": "no"
        },
        "Timing": {
          "Target": "3.33",
          "Uncertainty": "0.90",
          "Estimate": "2.431"
        },
        "Loops": [{
            "Name": "VITIS_LOOP_385_2",
            "TripCount": "256",
            "Latency": "327",
            "PipelineII": "1",
            "PipelineDepth": "73"
          }],
        "Area": {
          "FF": "897",
          "AVAIL_FF": "548160",
          "UTIL_FF": "~0",
          "LUT": "337",
          "AVAIL_LUT": "274080",
          "UTIL_LUT": "~0",
          "BRAM_18K": "0",
          "AVAIL_BRAM": "1824",
          "UTIL_BRAM": "0",
          "DSP": "0",
          "AVAIL_DSP": "2520",
          "UTIL_DSP": "0",
          "URAM": "0",
          "AVAIL_URAM": "0",
          "UTIL_URAM": "0"
        }
      },
      "load_params_Pipeline_VITIS_LOOP_385_25": {
        "Latency": {
          "LatencyBest": "329",
          "LatencyAvg": "329",
          "LatencyWorst": "329",
          "PipelineII": "329",
          "PipelineDepth": "",
          "PipelineType": "no"
        },
        "Timing": {
          "Target": "3.33",
          "Uncertainty": "0.90",
          "Estimate": "2.431"
        },
        "Loops": [{
            "Name": "VITIS_LOOP_385_2",
            "TripCount": "256",
            "Latency": "327",
            "PipelineII": "1",
            "PipelineDepth": "73"
          }],
        "Area": {
          "FF": "898",
          "AVAIL_FF": "548160",
          "UTIL_FF": "~0",
          "LUT": "321",
          "AVAIL_LUT": "274080",
          "UTIL_LUT": "~0",
          "BRAM_18K": "0",
          "AVAIL_BRAM": "1824",
          "UTIL_BRAM": "0",
          "DSP": "0",
          "AVAIL_DSP": "2520",
          "UTIL_DSP": "0",
          "URAM": "0",
          "AVAIL_URAM": "0",
          "UTIL_URAM": "0"
        }
      },
      "load_params": {
        "Latency": {
          "LatencyBest": "342869",
          "LatencyAvg": "379733",
          "LatencyWorst": "415573",
          "PipelineIIMin": "342869",
          "PipelineIIMax": "415573",
          "PipelineII": "342869 ~ 415573",
          "PipelineDepth": "",
          "PipelineType": "no"
        },
        "Timing": {
          "Target": "3.33",
          "Uncertainty": "0.90",
          "Estimate": "2.431"
        },
        "Loops": [
          {
            "Name": "VITIS_LOOP_566_1",
            "TripCount": "4",
            "LatencyMin": "341000",
            "LatencyMax": "413704",
            "Latency": "341000 ~ 413704",
            "PipelineII": "",
            "PipelineDepthMin": "85250",
            "PipelineDepthMax": "103426",
            "PipelineDepth": "85250 ~ 103426",
            "Loops": [{
                "Name": "VITIS_LOOP_384_1",
                "TripCount": "256",
                "LatencyMin": "85248",
                "LatencyMax": "103424",
                "Latency": "85248 ~ 103424",
                "PipelineII": "",
                "PipelineDepthMin": "333",
                "PipelineDepthMax": "404",
                "PipelineDepth": "333 ~ 404"
              }]
          },
          {
            "Name": "VITIS_LOOP_384_1",
            "TripCount": "3",
            "Latency": "1209",
            "PipelineII": "",
            "PipelineDepth": "403"
          }
        ],
        "Area": {
          "FF": "23680",
          "AVAIL_FF": "548160",
          "UTIL_FF": "4",
          "LUT": "3919",
          "AVAIL_LUT": "274080",
          "UTIL_LUT": "1",
          "BRAM_18K": "0",
          "AVAIL_BRAM": "1824",
          "UTIL_BRAM": "0",
          "DSP": "0",
          "AVAIL_DSP": "2520",
          "UTIL_DSP": "0",
          "URAM": "0",
          "AVAIL_URAM": "0",
          "UTIL_URAM": "0"
        }
      },
      "forward_3_Pipeline_VITIS_LOOP_404_2": {
        "Latency": {
          "LatencyBest": "7",
          "LatencyAvg": "7",
          "LatencyWorst": "7",
          "PipelineII": "7",
          "PipelineDepth": "",
          "PipelineType": "no"
        },
        "Timing": {
          "Target": "3.33",
          "Uncertainty": "0.90",
          "Estimate": "2.365"
        },
        "Loops": [{
            "Name": "VITIS_LOOP_404_2",
            "TripCount": "2",
            "Latency": "5",
            "PipelineII": "1",
            "PipelineDepth": "5"
          }],
        "Area": {
          "FF": "389",
          "AVAIL_FF": "548160",
          "UTIL_FF": "~0",
          "LUT": "272",
          "AVAIL_LUT": "274080",
          "UTIL_LUT": "~0",
          "BRAM_18K": "0",
          "AVAIL_BRAM": "1824",
          "UTIL_BRAM": "0",
          "DSP": "0",
          "AVAIL_DSP": "2520",
          "UTIL_DSP": "0",
          "URAM": "0",
          "AVAIL_URAM": "0",
          "UTIL_URAM": "0"
        }
      },
      "forward_3": {
        "Latency": {
          "LatencyBest": "2887",
          "LatencyAvg": "2887",
          "LatencyWorst": "2887",
          "PipelineII": "2887",
          "PipelineDepth": "",
          "PipelineType": "no"
        },
        "Timing": {
          "Target": "3.33",
          "Uncertainty": "0.90",
          "Estimate": "2.431"
        },
        "Loops": [{
            "Name": "VITIS_LOOP_402_1",
            "TripCount": "256",
            "Latency": "2816",
            "PipelineII": "",
            "PipelineDepth": "11"
          }],
        "Area": {
          "FF": "627",
          "AVAIL_FF": "548160",
          "UTIL_FF": "~0",
          "LUT": "777",
          "AVAIL_LUT": "274080",
          "UTIL_LUT": "~0",
          "BRAM_18K": "0",
          "AVAIL_BRAM": "1824",
          "UTIL_BRAM": "0",
          "DSP": "0",
          "AVAIL_DSP": "2520",
          "UTIL_DSP": "0",
          "URAM": "0",
          "AVAIL_URAM": "0",
          "UTIL_URAM": "0"
        }
      },
      "forward_1": {
        "Latency": {
          "LatencyBest": "335",
          "LatencyAvg": "335",
          "LatencyWorst": "335",
          "PipelineII": "335",
          "PipelineDepth": "",
          "PipelineType": "no"
        },
        "Timing": {
          "Target": "3.33",
          "Uncertainty": "0.90",
          "Estimate": "2.431"
        },
        "Loops": [{
            "Name": "VITIS_LOOP_490_1",
            "TripCount": "256",
            "Latency": "333",
            "PipelineII": "1",
            "PipelineDepth": "79"
          }],
        "Area": {
          "DSP": "33",
          "AVAIL_DSP": "2520",
          "UTIL_DSP": "1",
          "FF": "20631",
          "AVAIL_FF": "548160",
          "UTIL_FF": "3",
          "LUT": "39755",
          "AVAIL_LUT": "274080",
          "UTIL_LUT": "14",
          "BRAM_18K": "0",
          "AVAIL_BRAM": "1824",
          "UTIL_BRAM": "0",
          "URAM": "0",
          "AVAIL_URAM": "0",
          "UTIL_URAM": "0"
        }
      },
      "forward_1_2": {
        "Latency": {
          "LatencyBest": "327683",
          "LatencyAvg": "327683",
          "LatencyWorst": "327683",
          "PipelineII": "327683",
          "PipelineDepth": "",
          "PipelineType": "no"
        },
        "Timing": {
          "Target": "3.33",
          "Uncertainty": "0.90",
          "Estimate": "2.365"
        },
        "Loops": [{
            "Name": "VITIS_LOOP_402_1_VITIS_LOOP_404_2",
            "TripCount": "65536",
            "Latency": "327681",
            "PipelineII": "5",
            "PipelineDepth": "7"
          }],
        "Area": {
          "DSP": "3",
          "AVAIL_DSP": "2520",
          "UTIL_DSP": "~0",
          "FF": "408",
          "AVAIL_FF": "548160",
          "UTIL_FF": "~0",
          "LUT": "381",
          "AVAIL_LUT": "274080",
          "UTIL_LUT": "~0",
          "BRAM_18K": "0",
          "AVAIL_BRAM": "1824",
          "UTIL_BRAM": "0",
          "URAM": "0",
          "AVAIL_URAM": "0",
          "UTIL_URAM": "0"
        }
      },
      "forward": {
        "Latency": {
          "LatencyBest": "335",
          "LatencyAvg": "335",
          "LatencyWorst": "335",
          "PipelineII": "335",
          "PipelineDepth": "",
          "PipelineType": "no"
        },
        "Timing": {
          "Target": "3.33",
          "Uncertainty": "0.90",
          "Estimate": "2.431"
        },
        "Loops": [{
            "Name": "VITIS_LOOP_490_1",
            "TripCount": "256",
            "Latency": "333",
            "PipelineII": "1",
            "PipelineDepth": "79"
          }],
        "Area": {
          "DSP": "33",
          "AVAIL_DSP": "2520",
          "UTIL_DSP": "1",
          "FF": "20708",
          "AVAIL_FF": "548160",
          "UTIL_FF": "3",
          "LUT": "39759",
          "AVAIL_LUT": "274080",
          "UTIL_LUT": "14",
          "BRAM_18K": "0",
          "AVAIL_BRAM": "1824",
          "UTIL_BRAM": "0",
          "URAM": "0",
          "AVAIL_URAM": "0",
          "UTIL_URAM": "0"
        }
      },
      "forward_2": {
        "Latency": {
          "LatencyBest": "262148",
          "LatencyAvg": "262148",
          "LatencyWorst": "262148",
          "PipelineII": "262148",
          "PipelineDepth": "",
          "PipelineType": "no"
        },
        "Timing": {
          "Target": "3.33",
          "Uncertainty": "0.90",
          "Estimate": "2.365"
        },
        "Loops": [{
            "Name": "VITIS_LOOP_402_1_VITIS_LOOP_404_2",
            "TripCount": "65536",
            "Latency": "262146",
            "PipelineII": "4",
            "PipelineDepth": "7"
          }],
        "Area": {
          "DSP": "3",
          "AVAIL_DSP": "2520",
          "UTIL_DSP": "~0",
          "FF": "422",
          "AVAIL_FF": "548160",
          "UTIL_FF": "~0",
          "LUT": "332",
          "AVAIL_LUT": "274080",
          "UTIL_LUT": "~0",
          "BRAM_18K": "0",
          "AVAIL_BRAM": "1824",
          "UTIL_BRAM": "0",
          "URAM": "0",
          "AVAIL_URAM": "0",
          "UTIL_URAM": "0"
        }
      },
      "forward_1_1_Pipeline_VITIS_LOOP_404_2": {
        "Latency": {
          "LatencyBest": "261",
          "LatencyAvg": "261",
          "LatencyWorst": "261",
          "PipelineII": "261",
          "PipelineDepth": "",
          "PipelineType": "no"
        },
        "Timing": {
          "Target": "3.33",
          "Uncertainty": "0.90",
          "Estimate": "2.365"
        },
        "Loops": [{
            "Name": "VITIS_LOOP_404_2",
            "TripCount": "256",
            "Latency": "259",
            "PipelineII": "1",
            "PipelineDepth": "5"
          }],
        "Area": {
          "FF": "358",
          "AVAIL_FF": "548160",
          "UTIL_FF": "~0",
          "LUT": "290",
          "AVAIL_LUT": "274080",
          "UTIL_LUT": "~0",
          "BRAM_18K": "0",
          "AVAIL_BRAM": "1824",
          "UTIL_BRAM": "0",
          "DSP": "0",
          "AVAIL_DSP": "2520",
          "UTIL_DSP": "0",
          "URAM": "0",
          "AVAIL_URAM": "0",
          "UTIL_URAM": "0"
        }
      },
      "forward_1_1": {
        "Latency": {
          "LatencyBest": "796",
          "LatencyAvg": "796",
          "LatencyWorst": "796",
          "PipelineII": "796",
          "PipelineDepth": "",
          "PipelineType": "no"
        },
        "Timing": {
          "Target": "3.33",
          "Uncertainty": "0.90",
          "Estimate": "2.365"
        },
        "Loops": [{
            "Name": "VITIS_LOOP_402_1",
            "TripCount": "3",
            "Latency": "795",
            "PipelineII": "",
            "PipelineDepth": "265"
          }],
        "Area": {
          "FF": "434",
          "AVAIL_FF": "548160",
          "UTIL_FF": "~0",
          "LUT": "407",
          "AVAIL_LUT": "274080",
          "UTIL_LUT": "~0",
          "BRAM_18K": "0",
          "AVAIL_BRAM": "1824",
          "UTIL_BRAM": "0",
          "DSP": "0",
          "AVAIL_DSP": "2520",
          "UTIL_DSP": "0",
          "URAM": "0",
          "AVAIL_URAM": "0",
          "UTIL_URAM": "0"
        }
      },
      "forward_4": {
        "Latency": {
          "LatencyBest": "74",
          "LatencyAvg": "74",
          "LatencyWorst": "74",
          "PipelineII": "74",
          "PipelineDepth": "",
          "PipelineType": "no"
        },
        "Timing": {
          "Target": "3.33",
          "Uncertainty": "0.90",
          "Estimate": "2.431"
        },
        "Loops": [{
            "Name": "VITIS_LOOP_348_1",
            "TripCount": "3",
            "Latency": "72",
            "PipelineII": "1",
            "PipelineDepth": "71"
          }],
        "Area": {
          "FF": "280",
          "AVAIL_FF": "548160",
          "UTIL_FF": "~0",
          "LUT": "362",
          "AVAIL_LUT": "274080",
          "UTIL_LUT": "~0",
          "BRAM_18K": "0",
          "AVAIL_BRAM": "1824",
          "UTIL_BRAM": "0",
          "DSP": "0",
          "AVAIL_DSP": "2520",
          "UTIL_DSP": "0",
          "URAM": "0",
          "AVAIL_URAM": "0",
          "UTIL_URAM": "0"
        }
      },
      "siren_test_model": {
        "Latency": {
          "LatencyBest": "1054049",
          "LatencyAvg": "1375024",
          "LatencyWorst": "1731834",
          "PipelineIIMin": "1054050",
          "PipelineIIMax": "1731835",
          "PipelineII": "1054050 ~ 1731835",
          "PipelineDepth": "",
          "PipelineType": "no"
        },
        "Timing": {
          "Target": "3.33",
          "Uncertainty": "0.90",
          "Estimate": "2.431"
        },
        "Loops": [{
            "Name": "VITIS_LOOP_579_1",
            "TripCount": "4",
            "LatencyMin": "1049948",
            "LatencyMax": "1312088",
            "Latency": "1049948 ~ 1312088",
            "PipelineII": "",
            "PipelineDepthMin": "262487",
            "PipelineDepthMax": "328022",
            "PipelineDepth": "262487 ~ 328022"
          }],
        "Area": {
          "BRAM_18K": "475",
          "AVAIL_BRAM": "1824",
          "UTIL_BRAM": "26",
          "DSP": "75",
          "AVAIL_DSP": "2520",
          "UTIL_DSP": "2",
          "FF": "71070",
          "AVAIL_FF": "548160",
          "UTIL_FF": "12",
          "LUT": "91582",
          "AVAIL_LUT": "274080",
          "UTIL_LUT": "33",
          "URAM": "0",
          "AVAIL_URAM": "0",
          "UTIL_URAM": "0"
        }
      }
    }
  },
  "GenerateBdFiles": "0",
  "GenData": {
    "DataVersion": "0.2",
    "Time": "2023-07-07 13:57:32 EDT",
    "ToolName": "vitis_hls",
    "ToolVersion": "2022.2.2"
  }
}
